aded25,gen25zm,gen25ac,gen25cs,gen25ea,gen25othr,gen25tot,win25
23001,33,217,146,0,4,400,gen25ac
23002,33,166,144,0,1,344,gen25ac
23003,11,49,71,0,1,132,gen25cs
23004,61,421,136,3,2,623,gen25ac
23005,45,349,138,0,3,535,gen25ac
23006,57,309,169,0,3,538,gen25ac
23007,75,288,246,4,5,618,gen25ac
23008,80,167,128,0,2,377,gen25ac
23009,76,97,55,0,1,229,gen25ac
23010,61,130,95,0,0,286,gen25ac
23011,106,82,24,3,1,216,gen25zm
23012,54,30,12,2,1,99,gen25zm
23013,100,65,44,0,2,211,gen25zm
23014,32,46,49,0,2,129,gen25cs
23015,58,80,55,1,1,195,gen25ac
23016,43,40,24,0,1,108,gen25zm
23017,15,44,41,0,1,101,gen25ac
23018,208,139,43,2,1,393,gen25zm
23019,22,13,2,0,2,39,gen25zm
23020,23,18,4,2,1,48,gen25zm
23021,59,183,14,2,5,263,gen25ac
23022,32,23,4,0,0,59,gen25zm
23023,14,17,3,1,1,36,gen25ac
23024,28,27,3,0,0,58,gen25zm
23025,72,207,8,3,1,291,gen25ac
23026,11,26,0,3,1,41,gen25ac
23027,17,338,7,1,3,366,gen25ac
23028,54,213,15,0,1,283,gen25ac
23029,4,547,7,1,0,559,gen25ac
23030,28,344,11,0,0,383,gen25ac
23031,56,232,8,2,0,298,gen25ac
23032,47,249,16,0,0,312,gen25ac
23033,37,242,155,0,0,434,gen25ac
23034,37,174,171,0,0,382,gen25ac
23035,18,204,169,0,0,391,gen25ac
23036,27,122,139,0,0,288,gen25cs
23037,64,107,107,0,0,278,Tie
23038,31,140,111,0,0,282,gen25ac
23039,3,6,0,0,0,9,gen25ac
23040,67,53,16,0,3,139,gen25zm
23041,39,56,38,0,0,133,gen25ac
23042,40,21,20,0,1,82,gen25zm
23043,1,1,0,0,0,2,Tie
23044,64,220,117,0,3,404,gen25ac
23045,34,151,92,1,0,278,gen25ac
23046,107,66,52,0,2,227,gen25zm
23047,54,92,79,0,3,228,gen25ac
23048,48,93,74,0,1,216,gen25ac
23049,67,80,65,0,1,213,gen25ac
23050,26,25,20,0,0,71,gen25zm
23051,30,17,13,0,2,62,gen25zm
23052,51,15,7,0,0,73,gen25zm
23053,113,46,14,0,0,173,gen25zm
23054,86,17,5,0,0,108,gen25zm
23055,17,8,4,0,0,29,gen25zm
23056,13,20,7,1,0,41,gen25ac
23057,38,20,17,0,0,75,gen25zm
23058,18,24,32,0,0,74,gen25cs
23059,10,92,64,0,0,166,gen25ac
23060,60,75,65,1,0,201,gen25ac
23061,0,0,0,0,0,0,Tie
23062,61,50,21,0,0,132,gen25zm
23063,37,43,10,0,1,91,gen25ac
23064,17,7,2,0,0,26,gen25zm
23065,78,44,10,1,1,134,gen25zm
23066,57,117,1,4,2,181,gen25ac
23067,0,0,0,0,0,0,Tie
23068,0,0,0,0,0,0,Tie
23069,0,0,0,0,0,0,Tie
23070,0,0,0,0,0,0,Tie
23071,0,0,0,0,0,0,Tie
23072,0,0,0,0,0,0,Tie
23073,0,0,0,0,0,0,Tie
23074,0,0,0,0,0,0,Tie
24001,27,8,2,0,0,37,gen25zm
24002,17,17,5,0,2,41,Tie
24003,77,33,19,0,3,132,gen25zm
24004,54,26,19,0,0,99,gen25zm
24005,51,36,6,0,0,93,gen25zm
24006,55,24,9,0,0,88,gen25zm
24007,45,35,9,0,0,89,gen25zm
24008,77,36,11,0,0,124,gen25zm
24009,31,19,3,0,0,53,gen25zm
24010,57,29,5,0,1,92,gen25zm
24011,14,27,4,0,1,46,gen25ac
24012,30,13,4,0,0,47,gen25zm
24013,40,10,7,0,1,58,gen25zm
24014,41,18,12,0,0,71,gen25zm
24015,48,38,8,0,0,94,gen25zm
24016,30,19,6,1,0,56,gen25zm
24017,20,0,0,0,0,20,gen25zm
24018,38,14,13,0,0,65,gen25zm
24019,84,64,15,0,0,163,gen25zm
24020,16,13,4,0,0,33,gen25zm
24021,107,159,43,2,0,311,gen25ac
24022,4,16,7,0,0,27,gen25ac
24023,26,20,1,0,0,47,gen25zm
24024,76,112,14,0,2,204,gen25ac
24025,60,54,19,0,0,133,gen25zm
24026,140,75,25,0,2,242,gen25zm
24027,90,20,4,0,0,114,gen25zm
24028,84,76,11,2,0,173,gen25zm
24029,75,43,14,0,0,132,gen25zm
24030,66,49,5,1,0,121,gen25zm
24031,100,121,33,0,1,255,gen25ac
24032,72,56,17,2,0,147,gen25zm
24033,5,5,1,0,0,11,Tie
24034,20,8,1,0,0,29,gen25zm
24035,29,21,5,0,0,55,gen25zm
24036,115,65,13,1,2,196,gen25zm
24037,34,6,0,0,0,40,gen25zm
24038,155,70,9,1,0,235,gen25zm
24039,120,86,18,0,1,225,gen25zm
24040,49,22,3,0,1,75,gen25zm
24041,69,18,8,0,0,95,gen25zm
24042,42,18,4,0,0,64,gen25zm
24043,126,26,27,0,1,180,gen25zm
24044,134,7,3,1,0,145,gen25zm
24045,33,14,2,0,0,49,gen25zm
24046,135,41,22,0,0,198,gen25zm
24047,143,78,14,0,2,237,gen25zm
24048,122,100,10,1,1,234,gen25zm
24049,46,499,28,0,0,573,gen25ac
24050,3,109,12,0,0,124,gen25ac
24051,112,158,25,0,2,297,gen25ac
24052,114,144,15,1,0,274,gen25ac
24053,99,85,5,2,3,194,gen25zm
24054,16,9,1,0,0,26,gen25zm
24055,101,48,8,0,0,157,gen25zm
24056,102,92,38,0,4,236,gen25zm
24057,84,56,37,1,1,179,gen25zm
24058,86,255,32,0,0,373,gen25ac
24059,62,184,26,0,0,272,gen25ac
24060,88,214,67,0,3,372,gen25ac
24061,96,126,47,0,0,269,gen25ac
24062,37,133,45,0,1,216,gen25ac
24063,40,70,38,1,1,150,gen25ac
24064,64,109,39,0,1,213,gen25ac
24065,232,46,7,0,0,285,gen25zm
24066,0,0,0,0,0,0,Tie
25001,141,130,19,2,4,296,gen25zm
25002,202,196,38,1,4,441,gen25zm
25003,29,69,8,0,0,106,gen25ac
25004,52,28,4,1,0,85,gen25zm
25005,107,80,18,0,3,208,gen25zm
25006,92,126,22,0,1,241,gen25ac
25007,13,34,5,1,0,53,gen25ac
25008,10,13,3,0,0,26,gen25ac
25009,45,176,15,0,1,237,gen25ac
25010,24,44,9,0,0,77,gen25ac
25011,61,262,20,0,0,343,gen25ac
25012,107,286,32,0,2,427,gen25ac
25013,64,191,27,2,1,285,gen25ac
25014,50,134,9,0,0,193,gen25ac
25015,48,89,15,0,2,154,gen25ac
25016,51,176,7,0,1,235,gen25ac
25017,73,219,39,1,0,332,gen25ac
25018,111,91,20,0,3,225,gen25zm
25019,104,88,20,0,1,213,gen25zm
25020,94,82,22,0,4,202,gen25zm
25021,73,82,23,1,0,179,gen25ac
25022,53,71,20,0,1,145,gen25ac
25023,46,52,17,0,3,118,gen25ac
25024,67,100,34,0,3,204,gen25ac
25025,82,95,46,0,3,226,gen25ac
25026,101,143,58,0,1,303,gen25ac
25027,59,66,28,0,0,153,gen25ac
25028,59,69,25,1,1,155,gen25ac
25029,53,70,20,0,0,143,gen25ac
25030,40,79,20,0,0,139,gen25ac
25031,53,38,18,0,1,110,gen25zm
25032,39,41,11,0,0,91,gen25ac
25033,78,141,81,0,0,300,gen25ac
25034,52,63,22,0,3,140,gen25ac
25035,54,39,17,2,1,113,gen25zm
25036,60,66,47,0,0,173,gen25ac
25037,58,46,13,0,0,117,gen25zm
25038,62,80,26,0,1,169,gen25ac
25039,36,26,13,0,1,76,gen25zm
25040,49,24,19,0,0,92,gen25zm
25041,35,43,11,0,1,90,gen25ac
25042,81,54,19,0,2,156,gen25zm
25043,61,73,38,2,0,174,gen25ac
25044,51,37,7,0,1,96,gen25zm
25045,40,27,15,1,0,83,gen25zm
25046,42,35,19,0,0,96,gen25zm
25047,41,45,14,1,3,104,gen25ac
25048,0,0,0,0,0,0,Tie
25049,0,0,0,0,0,0,Tie
26001,66,41,18,0,0,125,gen25zm
26002,30,20,1,1,1,53,gen25zm
26003,43,17,4,0,0,64,gen25zm
26004,60,39,23,0,0,122,gen25zm
26005,1,2,2,0,0,5,Tie
26006,54,45,12,0,0,111,gen25zm
26007,128,142,48,1,3,322,gen25ac
26008,81,153,49,1,0,284,gen25ac
26009,109,59,15,1,1,185,gen25zm
26010,21,123,8,0,1,153,gen25ac
26011,9,92,11,0,0,112,gen25ac
26012,118,196,78,3,2,397,gen25ac
26013,102,125,59,0,0,286,gen25ac
26014,107,94,31,2,1,235,gen25zm
26015,154,124,35,0,0,313,gen25zm
26016,83,137,30,0,1,251,gen25ac
26017,79,183,48,0,2,312,gen25ac
26018,82,122,40,0,1,245,gen25ac
26019,42,102,26,0,1,171,gen25ac
26020,87,171,69,1,4,332,gen25ac
26021,50,129,43,0,2,224,gen25ac
26022,98,165,44,0,2,309,gen25ac
26023,58,70,34,2,1,165,gen25ac
26024,71,136,40,0,0,247,gen25ac
26025,36,73,27,0,0,136,gen25ac
26026,52,109,26,0,5,192,gen25ac
26027,19,39,9,0,0,67,gen25ac
26028,84,133,52,0,1,270,gen25ac
26029,48,99,38,1,1,187,gen25ac
26030,2,7,0,0,0,9,gen25ac
26031,112,173,50,1,3,339,gen25ac
26032,112,110,47,0,1,270,gen25zm
26033,109,163,54,0,2,328,gen25ac
26034,109,145,54,0,3,311,gen25ac
26035,72,113,47,1,2,235,gen25ac
26036,90,161,50,0,0,301,gen25ac
26037,50,117,37,0,0,204,gen25ac
26038,105,355,77,0,3,540,gen25ac
26039,53,138,39,2,1,233,gen25ac
26040,52,160,34,0,0,246,gen25ac
26041,86,280,59,1,5,431,gen25ac
26042,70,202,50,0,0,322,gen25ac
26043,93,257,55,0,0,405,gen25ac
26044,88,243,64,0,0,395,gen25ac
26045,84,371,113,0,2,570,gen25ac
26046,60,242,85,0,2,389,gen25ac
26047,79,98,47,0,0,224,gen25ac
26048,70,116,61,0,0,247,gen25ac
26049,46,126,73,1,1,247,gen25ac
26050,65,220,100,0,1,386,gen25ac
26051,55,123,38,0,1,217,gen25ac
26052,68,152,38,0,3,261,gen25ac
26053,95,179,76,1,4,355,gen25ac
26054,90,174,56,1,0,321,gen25ac
26055,148,243,125,1,6,523,gen25ac
26056,82,134,59,0,0,275,gen25ac
26057,101,131,54,1,3,290,gen25ac
26058,20,11,7,0,1,39,gen25zm
26059,63,94,39,1,0,197,gen25ac
26060,86,79,39,0,1,205,gen25zm
26061,84,52,54,0,3,193,gen25zm
26062,0,0,0,0,0,0,Tie
26063,0,0,0,0,0,0,Tie
26064,0,0,0,0,0,0,Tie
26065,0,0,0,0,0,0,Tie
27001,49,73,60,0,1,183,gen25ac
27002,249,132,30,1,3,415,gen25zm
27003,152,128,17,0,0,297,gen25zm
27004,192,194,23,0,2,411,gen25ac
27005,152,251,15,0,3,421,gen25ac
27006,78,116,9,0,0,203,gen25ac
27007,6,37,5,0,1,49,gen25ac
27008,35,29,8,0,0,72,gen25zm
27009,26,110,12,0,1,149,gen25ac
27010,29,15,3,1,1,49,gen25zm
27011,19,18,6,0,0,43,gen25zm
27012,75,83,17,1,0,176,gen25ac
27013,79,112,33,1,0,225,gen25ac
27014,60,77,20,0,0,157,gen25ac
27015,103,170,26,5,1,305,gen25ac
27016,39,62,13,0,1,115,gen25ac
27017,74,48,18,0,1,141,gen25zm
27018,37,66,16,2,1,122,gen25ac
27019,78,106,28,0,1,213,gen25ac
27020,38,219,12,0,0,269,gen25ac
27021,79,269,41,1,2,392,gen25ac
27022,128,217,50,0,2,397,gen25ac
27023,39,274,22,1,0,336,gen25ac
27024,43,327,9,1,1,381,gen25ac
27025,28,319,17,1,0,365,gen25ac
27026,35,22,0,0,0,57,gen25zm
27027,16,594,17,2,2,631,gen25ac
27028,57,175,22,0,1,255,gen25ac
27029,26,308,19,3,2,358,gen25ac
27030,37,130,14,0,0,181,gen25ac
27031,3,13,2,0,0,18,gen25ac
27032,49,68,40,0,2,159,gen25ac
27033,50,29,31,0,0,110,gen25zm
27034,56,46,35,0,0,137,gen25zm
27035,60,65,32,0,2,159,gen25ac
27036,46,86,58,0,2,192,gen25ac
27037,48,66,35,0,1,150,gen25ac
27038,53,66,43,0,1,163,gen25ac
27039,30,187,65,0,0,282,gen25ac
27040,107,193,14,3,1,318,gen25ac
27041,25,91,24,0,0,140,gen25ac
27042,56,309,188,0,1,554,gen25ac
27043,71,151,118,0,2,342,gen25ac
27044,47,183,87,0,2,319,gen25ac
27045,48,242,119,0,0,409,gen25ac
27046,7,76,31,0,0,114,gen25ac
27047,39,33,8,1,0,81,gen25zm
27048,67,101,70,0,2,240,gen25ac
27049,77,140,74,0,1,292,gen25ac
27050,69,165,99,0,1,334,gen25ac
27051,55,165,87,0,1,308,gen25ac
27052,0,0,0,0,0,0,Tie
27053,0,0,0,0,0,0,Tie
27054,0,0,0,0,0,0,Tie
27055,0,0,0,0,0,0,Tie
27056,0,0,0,0,0,0,Tie
27057,0,0,0,0,0,0,Tie
27058,0,0,0,0,0,0,Tie
27059,0,0,0,0,0,0,Tie
27060,0,0,0,0,0,0,Tie
27061,0,0,0,0,0,0,Tie
27062,0,0,0,0,0,0,Tie
27063,0,0,0,0,0,0,Tie
27064,0,0,0,0,0,0,Tie
27065,0,0,0,0,0,0,Tie
27066,0,0,0,0,0,0,Tie
27067,0,0,0,0,0,0,Tie
27068,0,0,0,0,0,0,Tie
28001,33,21,1,0,0,55,gen25zm
28002,222,182,40,1,4,449,gen25zm
28003,227,183,24,3,4,441,gen25zm
28004,193,169,28,1,2,393,gen25zm
28005,6,5,4,0,0,15,gen25zm
28006,37,88,11,0,0,136,gen25ac
28007,158,213,23,0,1,395,gen25ac
28008,162,139,29,0,1,331,gen25zm
28009,217,171,36,1,0,425,gen25zm
28010,23,62,45,0,0,130,gen25ac
28011,59,80,37,1,1,178,gen25ac
28012,44,77,54,0,0,175,gen25ac
28013,44,57,54,0,0,155,gen25ac
28014,64,58,50,1,0,173,gen25zm
28015,67,86,71,0,1,225,gen25ac
28016,1,0,0,0,0,1,gen25zm
28017,0,4,3,0,0,7,gen25ac
28018,33,54,6,1,0,94,gen25ac
28019,87,30,23,0,0,140,gen25zm
28020,212,63,32,0,0,307,gen25zm
28021,35,20,27,0,0,82,gen25zm
28022,50,125,93,2,0,270,gen25ac
28023,35,118,115,0,2,270,gen25ac
28024,69,170,87,0,1,327,gen25ac
28025,85,257,157,0,4,503,gen25ac
28026,85,189,92,0,1,367,gen25ac
28027,53,106,49,0,0,208,gen25ac
28028,18,22,9,0,0,49,gen25ac
28029,93,106,27,2,2,230,gen25ac
28030,131,178,22,0,6,337,gen25ac
28031,242,170,21,0,0,433,gen25zm
28032,223,123,23,0,2,371,gen25zm
28033,127,77,13,1,0,218,gen25zm
28034,104,96,13,1,1,215,gen25zm
28035,162,184,25,1,5,377,gen25ac
28036,33,38,1,0,0,72,gen25ac
28037,89,130,12,0,3,234,gen25ac
28038,119,131,12,0,2,264,gen25ac
28039,122,140,25,1,4,292,gen25ac
28040,97,164,15,1,0,277,gen25ac
28041,60,61,17,0,0,138,gen25ac
28042,7,30,2,1,1,41,gen25ac
28043,54,166,15,0,1,236,gen25ac
28044,57,164,24,2,0,247,gen25ac
28045,130,89,28,1,1,249,gen25zm
28046,94,101,15,1,1,212,gen25ac
28047,101,109,24,1,2,237,gen25ac
28048,83,106,6,0,0,195,gen25ac
28049,57,63,9,0,0,129,gen25ac
28050,99,95,15,0,1,210,gen25zm
28051,100,93,6,0,0,199,gen25zm
28052,68,106,15,2,0,191,gen25ac
28053,155,132,23,2,4,316,gen25zm
28054,90,114,14,0,0,218,gen25ac
28055,63,80,15,0,2,160,gen25ac
28056,61,43,8,0,0,112,gen25zm
28057,105,83,24,0,1,213,gen25zm
28058,82,83,26,0,2,193,gen25ac
28059,76,145,26,0,1,248,gen25ac
28060,55,116,17,0,0,188,gen25ac
28061,35,119,82,0,0,236,gen25ac
28062,150,177,29,0,4,360,gen25ac
28063,1,2,0,0,0,3,gen25ac
28064,8,6,3,0,1,18,gen25zm
28065,40,19,10,0,2,71,gen25zm
28066,57,103,54,0,0,214,gen25ac
28067,17,16,9,0,0,42,gen25zm
28068,18,34,29,1,0,82,gen25ac
28069,18,21,5,0,0,44,gen25ac
28070,2,2,1,0,0,5,Tie
28071,24,16,3,1,0,44,gen25zm
28072,125,109,25,0,2,261,gen25zm
28073,0,0,0,0,0,0,Tie
28074,0,0,0,0,0,0,Tie
28075,0,0,0,0,0,0,Tie
29001,47,41,1,0,0,89,gen25zm
29002,46,40,1,1,0,88,gen25zm
29003,41,24,1,0,0,66,gen25zm
29004,53,56,5,0,3,117,gen25ac
29005,48,38,4,0,0,90,gen25zm
29006,62,54,6,0,0,122,gen25zm
29007,48,47,6,1,1,103,gen25zm
29008,65,30,3,2,0,100,gen25zm
29009,71,35,1,0,0,107,gen25zm
29010,180,112,6,1,3,302,gen25zm
29011,85,75,3,1,1,165,gen25zm
29012,87,67,3,1,0,158,gen25zm
29013,97,101,5,0,3,206,gen25ac
29014,91,66,8,0,2,167,gen25zm
29015,11,7,1,0,0,19,gen25zm
29016,22,21,1,0,0,44,gen25zm
29017,55,55,8,1,0,119,Tie
29018,123,91,3,2,0,219,gen25zm
29019,116,71,3,0,1,191,gen25zm
29020,81,61,2,1,0,145,gen25zm
29021,116,75,4,2,2,199,gen25zm
29022,114,76,4,1,2,197,gen25zm
29023,135,84,5,2,1,227,gen25zm
29024,17,9,1,0,0,27,gen25zm
29025,78,53,3,1,0,135,gen25zm
29026,14,13,0,0,0,27,gen25zm
29027,128,90,4,1,0,223,gen25zm
29028,100,68,1,2,2,173,gen25zm
29029,80,53,3,3,0,139,gen25zm
29030,99,96,7,0,2,204,gen25zm
29031,93,78,7,3,0,181,gen25zm
29032,84,85,5,1,0,175,gen25ac
29033,41,35,3,1,1,81,gen25zm
29034,112,64,9,0,1,186,gen25zm
29035,60,50,2,0,2,114,gen25zm
29036,89,69,1,1,0,160,gen25zm
29037,69,55,2,0,0,126,gen25zm
29038,83,53,2,0,2,140,gen25zm
29039,126,55,1,2,1,185,gen25zm
29040,80,46,3,2,0,131,gen25zm
29041,157,55,10,0,3,225,gen25zm
29042,16,5,1,0,0,22,gen25zm
29043,96,23,5,0,2,126,gen25zm
29044,109,24,4,0,0,137,gen25zm
29045,123,35,7,0,5,170,gen25zm
29046,59,17,3,0,0,79,gen25zm
29047,21,9,0,0,0,30,gen25zm
29048,87,28,7,0,0,122,gen25zm
29049,24,7,0,0,0,31,gen25zm
29050,147,89,12,0,1,249,gen25zm
29051,181,44,7,0,1,233,gen25zm
29052,43,13,0,0,1,57,gen25zm
29053,122,18,4,0,0,144,gen25zm
29054,57,33,3,1,1,95,gen25zm
29055,51,14,2,0,0,67,gen25zm
29056,47,24,2,1,0,74,gen25zm
29057,34,20,2,1,0,57,gen25zm
29058,85,48,4,1,0,138,gen25zm
29059,49,24,4,0,0,77,gen25zm
29060,113,55,9,0,0,177,gen25zm
29061,8,1,0,0,0,9,gen25zm
29062,0,0,0,0,0,0,Tie
29063,54,6,1,0,0,61,gen25zm
29064,6,13,0,0,0,19,gen25ac
29065,67,14,6,0,1,88,gen25zm
29066,84,65,5,1,3,158,gen25zm
30001,72,127,63,0,2,264,gen25ac
30002,14,12,7,0,0,33,gen25zm
30003,58,18,3,0,1,80,gen25zm
30004,72,48,17,1,0,138,gen25zm
30005,51,90,78,0,1,220,gen25ac
30006,46,44,26,0,1,117,gen25zm
30007,18,25,24,1,3,71,gen25ac
30008,58,58,40,0,1,157,Tie
30009,30,27,27,1,0,85,gen25zm
30010,50,102,38,0,1,191,gen25ac
30011,81,48,16,0,2,147,gen25zm
30012,62,48,13,0,1,124,gen25zm
30013,73,65,22,0,1,161,gen25zm
30014,15,10,1,0,1,27,gen25zm
30015,88,27,20,1,0,136,gen25zm
30016,72,44,29,0,0,145,gen25zm
30017,25,29,5,0,0,59,gen25ac
30018,53,5,3,0,1,62,gen25zm
30019,89,15,5,0,1,110,gen25zm
30020,91,45,20,0,0,156,gen25zm
30021,212,122,37,0,1,372,gen25zm
30022,217,82,27,0,2,328,gen25zm
30023,141,61,33,1,1,237,gen25zm
30024,114,60,19,1,0,194,gen25zm
30025,108,25,3,0,1,137,gen25zm
30026,0,0,0,0,0,0,Tie
30027,65,72,26,0,0,163,gen25ac
30028,28,20,11,0,0,59,gen25zm
30029,2,3,0,0,0,5,gen25ac
30030,107,84,27,0,1,219,gen25zm
30031,112,126,47,0,0,285,gen25ac
30032,4,13,7,0,0,24,gen25ac
30033,134,74,40,0,4,252,gen25zm
30034,41,60,26,1,1,129,gen25ac
30035,102,72,21,0,0,195,gen25zm
30036,126,81,33,1,3,244,gen25zm
30037,63,30,14,0,1,108,gen25zm
30038,94,45,23,0,0,162,gen25zm
30039,67,42,18,0,0,127,gen25zm
30040,82,31,11,1,0,125,gen25zm
30041,116,51,14,0,0,181,gen25zm
30042,129,35,7,0,0,171,gen25zm
30043,104,39,10,1,0,154,gen25zm
30044,39,11,4,0,0,54,gen25zm
30045,194,52,11,2,1,260,gen25zm
30046,152,45,8,0,1,206,gen25zm
30047,106,37,6,0,2,151,gen25zm
30048,32,10,7,0,2,51,gen25zm
30049,214,76,32,1,2,325,gen25zm
30050,119,40,13,0,0,172,gen25zm
30051,117,54,17,0,0,188,gen25zm
30052,55,32,13,0,0,100,gen25zm
30053,42,14,12,0,0,68,gen25zm
30054,74,38,14,2,0,128,gen25zm
30055,107,60,18,0,2,187,gen25zm
30056,61,33,19,0,1,114,gen25zm
30057,0,0,0,0,0,0,Tie
30058,0,0,0,0,0,0,Tie
30059,0,0,0,0,0,0,Tie
31001,69,42,2,0,0,113,gen25zm
31002,48,54,12,4,0,118,gen25ac
31003,66,34,9,1,1,111,gen25zm
31004,68,76,8,0,0,152,gen25ac
31005,62,20,2,0,0,84,gen25zm
31006,18,17,2,0,0,37,gen25zm
31007,57,27,6,0,0,90,gen25zm
31008,43,18,8,0,0,69,gen25zm
31009,53,38,3,0,2,96,gen25zm
31010,25,16,2,0,0,43,gen25zm
31011,41,35,5,0,1,82,gen25zm
31012,90,68,8,0,1,167,gen25zm
31013,73,42,10,1,1,127,gen25zm
31014,31,17,9,0,0,57,gen25zm
31015,136,74,12,1,1,224,gen25zm
31016,127,78,49,1,3,258,gen25zm
31017,2,1,1,0,0,4,gen25zm
31018,50,29,6,0,1,86,gen25zm
31019,3,1,0,0,0,4,gen25zm
31020,113,64,20,3,0,200,gen25zm
31021,112,51,18,0,1,182,gen25zm
31022,45,32,0,0,0,77,gen25zm
31023,81,57,3,0,0,141,gen25zm
31024,21,10,4,0,1,36,gen25zm
31025,62,31,2,1,0,96,gen25zm
31026,66,46,4,1,0,117,gen25zm
31027,98,56,8,0,0,162,gen25zm
31028,69,40,1,2,1,113,gen25zm
31029,54,44,2,0,1,101,gen25zm
31030,34,28,1,0,0,63,gen25zm
31031,48,45,2,2,0,97,gen25zm
31032,58,66,4,0,2,130,gen25ac
31033,23,10,9,0,0,42,gen25zm
31034,83,57,3,1,2,146,gen25zm
31035,71,37,2,0,1,111,gen25zm
31036,25,20,3,0,1,49,gen25zm
31037,64,61,7,0,0,132,gen25zm
31038,61,28,4,0,1,94,gen25zm
31039,45,37,7,0,0,89,gen25zm
31040,120,82,28,0,1,231,gen25zm
31041,82,52,4,2,1,141,gen25zm
31042,18,8,2,0,0,28,gen25zm
31043,84,48,19,0,0,151,gen25zm
31044,54,55,13,0,1,123,gen25ac
31045,65,32,9,0,1,107,gen25zm
31046,49,31,3,0,0,83,gen25zm
31047,20,5,3,0,0,28,gen25zm
31048,18,16,12,0,0,46,gen25zm
31049,5,4,4,0,0,13,gen25zm
31050,45,36,1,0,0,82,gen25zm
31051,44,18,12,0,0,74,gen25zm
31052,44,31,11,0,0,86,gen25zm
31053,70,23,11,0,0,104,gen25zm
31054,67,47,1,3,0,118,gen25zm
31055,26,42,5,1,0,74,gen25ac
31056,54,26,3,0,0,83,gen25zm
31057,97,71,39,0,1,208,gen25zm
31058,0,0,0,0,0,0,Tie
31059,0,0,0,0,0,0,Tie
31060,0,0,0,0,0,0,Tie
31061,0,0,0,0,0,0,Tie
31062,0,0,0,0,0,0,Tie
31063,0,0,0,0,0,0,Tie
32001,9,0,0,0,0,9,gen25zm
32002,7,2,0,0,0,9,gen25zm
32003,103,36,2,1,0,142,gen25zm
32004,75,13,11,0,0,99,gen25zm
32005,94,30,5,0,1,130,gen25zm
32006,5,1,1,0,0,7,gen25zm
32007,125,50,4,2,0,181,gen25zm
32008,42,15,1,0,0,58,gen25zm
32009,108,31,7,1,0,147,gen25zm
32010,58,11,0,0,0,69,gen25zm
32011,8,3,0,0,0,11,gen25zm
32012,64,23,6,0,1,94,gen25zm
32013,5,6,0,0,0,11,gen25ac
32014,22,4,0,0,1,27,gen25zm
32015,46,12,5,0,0,63,gen25zm
32016,9,6,0,0,0,15,gen25zm
32017,52,32,9,1,0,94,gen25zm
32018,12,7,0,0,1,20,gen25zm
32019,53,17,1,0,0,71,gen25zm
32020,39,30,2,0,2,73,gen25zm
32021,88,58,6,0,0,152,gen25zm
32022,58,44,3,1,2,108,gen25zm
32023,38,51,2,0,0,91,gen25ac
32024,44,37,1,0,0,82,gen25zm
32025,52,29,5,2,0,88,gen25zm
32026,61,50,2,2,1,116,gen25zm
32027,51,43,3,0,0,97,gen25zm
32028,41,29,5,0,1,76,gen25zm
32029,26,19,2,0,0,47,gen25zm
32030,61,38,2,3,1,105,gen25zm
32031,68,52,5,1,0,126,gen25zm
32032,58,61,3,0,1,123,gen25ac
32033,23,11,0,3,2,39,gen25zm
32034,82,68,0,1,1,152,gen25zm
32035,49,18,2,0,0,69,gen25zm
32036,64,48,2,2,2,118,gen25zm
32037,89,62,5,0,1,157,gen25zm
32038,107,49,4,3,0,163,gen25zm
32039,80,50,5,2,0,137,gen25zm
32040,43,33,1,1,0,78,gen25zm
32041,37,47,2,3,4,93,gen25ac
32042,76,47,3,0,0,126,gen25zm
32043,95,43,6,0,1,145,gen25zm
32044,43,30,1,1,0,75,gen25zm
32045,65,22,0,0,0,87,gen25zm
32046,58,32,0,1,1,92,gen25zm
32047,58,60,5,0,1,124,gen25ac
32048,85,51,4,0,0,140,gen25zm
32049,58,49,2,0,0,109,gen25zm
32050,128,87,2,0,2,219,gen25zm
32051,83,83,3,1,2,172,Tie
32052,64,38,4,1,0,107,gen25zm
32053,171,174,3,8,1,357,gen25ac
32054,174,184,7,5,4,374,gen25ac
32055,120,124,6,1,2,253,gen25ac
32056,103,112,4,0,3,222,gen25ac
32057,89,107,7,1,1,205,gen25ac
32058,86,102,6,1,3,198,gen25ac
32059,115,110,4,1,1,231,gen25zm
32060,110,96,5,1,1,213,gen25zm
32061,78,80,6,2,0,166,gen25ac
32062,82,56,2,2,0,142,gen25zm
32063,38,52,0,1,1,92,gen25ac
32064,66,61,4,1,1,133,gen25zm
32065,75,59,3,2,0,139,gen25zm
32066,12,10,0,0,0,22,gen25zm
32067,46,43,1,0,1,91,gen25zm
32068,0,0,0,0,0,0,Tie
33001,135,103,38,2,2,280,gen25zm
33002,90,91,40,0,3,224,gen25ac
33003,118,62,36,0,2,218,gen25zm
33004,92,110,46,0,2,250,gen25ac
33005,128,102,31,0,1,262,gen25zm
33006,128,106,42,1,2,279,gen25zm
33007,105,88,44,1,1,239,gen25zm
33008,135,81,41,0,0,257,gen25zm
33009,106,60,22,0,0,188,gen25zm
33010,104,45,30,0,1,180,gen25zm
33011,80,48,12,1,1,142,gen25zm
33012,108,71,31,1,6,217,gen25zm
33013,6,3,2,0,0,11,gen25zm
33014,120,70,10,1,2,203,gen25zm
33015,138,62,7,0,1,208,gen25zm
33016,143,52,17,1,1,214,gen25zm
33017,162,106,19,2,1,290,gen25zm
33018,77,52,6,1,0,136,gen25zm
33019,63,26,11,0,0,100,gen25zm
33020,125,49,9,0,0,183,gen25zm
33021,73,35,18,0,3,129,gen25zm
33022,58,34,4,1,0,97,gen25zm
33023,133,67,8,0,0,208,gen25zm
33024,12,9,4,0,0,25,gen25zm
33025,49,22,3,0,0,74,gen25zm
33026,11,15,4,0,0,30,gen25ac
33027,124,78,11,0,2,215,gen25zm
33028,40,29,6,2,2,79,gen25zm
33029,143,114,17,3,0,277,gen25zm
33030,146,82,15,2,0,245,gen25zm
33031,135,99,13,4,2,253,gen25zm
33032,184,145,15,4,3,351,gen25zm
33033,111,79,5,0,2,197,gen25zm
33034,138,114,6,3,3,264,gen25zm
33035,218,143,5,7,2,375,gen25zm
33036,215,167,5,1,0,388,gen25zm
33037,135,116,7,2,1,261,gen25zm
33038,138,93,2,0,2,235,gen25zm
33039,124,116,7,0,1,248,gen25zm
33040,96,86,6,1,1,190,gen25zm
33041,100,81,4,0,1,186,gen25zm
33042,113,106,2,1,2,224,gen25zm
33043,71,60,0,0,0,131,gen25zm
33044,110,100,7,2,3,222,gen25zm
33045,127,97,3,4,2,233,gen25zm
33046,127,109,3,0,4,243,gen25zm
33047,77,51,2,0,0,130,gen25zm
33048,91,67,3,0,3,164,gen25zm
33049,41,39,3,0,1,84,gen25zm
33050,104,69,6,0,1,180,gen25zm
33051,105,82,4,3,0,194,gen25zm
33052,127,58,6,0,0,191,gen25zm
33053,95,60,7,2,1,165,gen25zm
33054,75,47,1,2,1,126,gen25zm
33055,58,50,7,3,2,120,gen25zm
33056,89,71,4,0,1,165,gen25zm
33057,76,49,3,0,1,129,gen25zm
33058,89,71,1,0,0,161,gen25zm
33059,80,72,8,0,0,160,gen25zm
33060,108,68,2,2,1,181,gen25zm
33061,111,73,2,2,0,188,gen25zm
33062,66,41,3,0,0,110,gen25zm
33063,85,38,5,0,1,129,gen25zm
33064,108,92,7,0,2,209,gen25zm
34001,260,127,48,0,2,437,gen25zm
34002,10,7,0,0,1,18,gen25zm
34003,154,75,24,0,0,253,gen25zm
34004,304,87,34,0,1,426,gen25zm
34005,388,106,33,1,3,531,gen25zm
34006,8,6,2,0,0,16,gen25zm
34007,252,74,19,0,2,347,gen25zm
34008,284,114,21,1,3,423,gen25zm
34009,224,93,43,0,0,360,gen25zm
34010,30,16,11,0,1,58,gen25zm
34011,37,19,2,1,0,59,gen25zm
34012,367,105,33,0,0,505,gen25zm
34013,317,110,30,0,4,461,gen25zm
34014,243,101,32,0,1,377,gen25zm
34015,60,71,16,0,1,148,gen25ac
34016,43,52,24,0,0,119,gen25ac
34017,150,53,12,1,0,216,gen25zm
34018,171,52,15,0,1,239,gen25zm
34019,157,37,11,0,0,205,gen25zm
34020,206,55,24,1,4,290,gen25zm
34021,41,20,2,0,1,64,gen25zm
34022,26,8,4,0,0,38,gen25zm
34023,78,24,11,0,0,113,gen25zm
34024,168,44,21,0,2,235,gen25zm
34025,132,67,15,0,1,215,gen25zm
34026,26,14,3,0,0,43,gen25zm
34027,75,62,29,0,2,168,gen25zm
34028,48,14,9,1,0,72,gen25zm
34029,37,24,8,1,1,71,gen25zm
34030,51,34,16,1,0,102,gen25zm
34031,96,29,21,0,0,146,gen25zm
34032,62,35,9,0,0,106,gen25zm
34033,70,47,13,1,2,133,gen25zm
34034,122,70,23,0,1,216,gen25zm
34035,45,8,5,0,0,58,gen25zm
34036,125,56,21,1,0,203,gen25zm
34037,51,34,12,0,2,99,gen25zm
34038,73,34,9,0,1,117,gen25zm
34039,213,67,13,0,0,293,gen25zm
34040,68,61,16,0,1,146,gen25zm
34041,223,123,34,1,3,384,gen25zm
34042,139,51,16,1,1,208,gen25zm
34043,123,52,13,0,2,190,gen25zm
34044,110,57,13,1,2,183,gen25zm
34045,54,18,10,0,1,83,gen25zm
34046,140,103,22,1,3,269,gen25zm
34047,102,97,24,0,2,225,gen25zm
34048,100,57,21,0,0,178,gen25zm
34049,185,97,20,1,4,307,gen25zm
34050,22,7,11,0,2,42,gen25zm
34051,109,80,27,1,0,217,gen25zm
34052,141,63,15,0,2,221,gen25zm
34053,5,0,0,0,0,5,gen25zm
34054,66,57,14,1,2,140,gen25zm
34055,27,7,5,0,0,39,gen25zm
34056,57,24,7,2,0,90,gen25zm
34057,1,1,2,0,0,4,gen25cs
34058,0,0,0,0,0,0,Tie
34059,0,0,0,0,0,0,Tie
34060,0,0,0,0,0,0,Tie
35001,62,57,34,0,0,153,gen25zm
35002,41,37,7,0,0,85,gen25zm
35003,54,42,12,0,0,108,gen25zm
35004,83,63,21,0,0,167,gen25zm
35005,97,86,14,4,1,202,gen25zm
35006,83,67,13,1,1,165,gen25zm
35007,139,81,25,2,0,247,gen25zm
35008,136,97,17,1,3,254,gen25zm
35009,88,144,18,1,1,252,gen25ac
35010,40,33,8,0,0,81,gen25zm
35011,55,28,4,0,0,87,gen25zm
35012,56,15,4,0,0,75,gen25zm
35013,38,12,7,2,0,59,gen25zm
35014,101,64,7,0,2,174,gen25zm
35015,70,69,5,2,2,148,gen25zm
35016,47,38,6,1,0,92,gen25zm
35017,68,30,7,0,1,106,gen25zm
35018,22,11,13,0,0,46,gen25zm
35019,24,8,2,0,0,34,gen25zm
35020,20,13,3,0,0,36,gen25zm
35021,46,42,21,4,4,117,gen25zm
35022,60,17,11,1,1,90,gen25zm
35023,22,25,9,0,0,56,gen25ac
35024,50,27,8,0,0,85,gen25zm
35025,63,49,12,0,1,125,gen25zm
35026,60,29,8,0,0,97,gen25zm
35027,13,11,5,0,0,29,gen25zm
35028,18,14,2,0,0,34,gen25zm
35029,30,23,4,0,0,57,gen25zm
35030,131,99,18,1,4,253,gen25zm
35031,52,99,16,0,1,168,gen25ac
35032,62,63,7,1,2,135,gen25ac
35033,66,46,4,2,0,118,gen25zm
35034,98,89,13,1,2,203,gen25zm
35035,89,86,13,2,3,193,gen25zm
35036,71,49,12,2,1,135,gen25zm
35037,75,135,30,0,0,240,gen25ac
35038,102,154,27,2,1,286,gen25ac
35039,108,163,36,4,1,312,gen25ac
35040,82,156,22,2,3,265,gen25ac
35041,83,167,10,1,0,261,gen25ac
35042,88,218,21,1,0,328,gen25ac
35043,31,71,9,0,0,111,gen25ac
35044,36,30,3,0,0,69,gen25zm
35045,41,92,14,0,1,148,gen25ac
35046,22,34,6,0,0,62,gen25ac
35047,0,0,0,0,0,0,Tie
35048,29,6,0,0,0,35,gen25zm
35049,55,48,35,0,2,140,gen25zm
35050,0,0,0,0,0,0,Tie
35051,0,0,0,0,0,0,Tie
35052,0,0,0,0,0,0,Tie
35053,0,0,0,0,0,0,Tie
35054,0,0,0,0,0,0,Tie
35055,0,0,0,0,0,0,Tie
35056,0,0,0,0,0,0,Tie
35057,0,0,0,0,0,0,Tie
35058,0,0,0,0,0,0,Tie
35059,0,0,0,0,0,0,Tie
35060,0,0,0,0,0,0,Tie
35061,0,0,0,0,0,0,Tie
35062,0,0,0,0,0,0,Tie
35063,0,0,0,0,0,0,Tie
35064,0,0,0,0,0,0,Tie
35065,0,0,0,0,0,0,Tie
36001,125,54,21,0,0,200,gen25zm
36002,112,30,6,0,0,148,gen25zm
36003,229,71,13,0,2,315,gen25zm
36004,248,103,33,0,0,384,gen25zm
36005,373,135,36,2,5,551,gen25zm
36006,37,18,2,0,1,58,gen25zm
36007,166,34,10,0,0,210,gen25zm
36008,189,82,20,0,0,291,gen25zm
36009,165,18,15,0,0,198,gen25zm
36010,386,80,31,0,3,500,gen25zm
36011,105,30,6,0,0,141,gen25zm
36012,208,25,16,0,1,250,gen25zm
36013,202,61,16,0,2,281,gen25zm
36014,264,48,14,1,0,327,gen25zm
36015,105,15,7,1,1,129,gen25zm
36016,215,51,11,0,1,278,gen25zm
36017,254,41,7,1,2,305,gen25zm
36018,176,28,14,0,3,221,gen25zm
36019,268,55,13,0,2,338,gen25zm
36020,277,36,14,0,0,327,gen25zm
36021,216,34,17,1,1,269,gen25zm
36022,287,53,18,0,0,358,gen25zm
36023,252,42,11,0,0,305,gen25zm
36024,156,25,5,0,2,188,gen25zm
36025,306,42,14,0,1,363,gen25zm
36026,148,19,10,0,1,178,gen25zm
36027,76,18,2,1,0,97,gen25zm
36028,303,61,30,0,1,395,gen25zm
36029,33,5,2,0,0,40,gen25zm
36030,87,25,8,0,2,122,gen25zm
36031,173,27,9,0,0,209,gen25zm
36032,192,40,4,0,1,237,gen25zm
36033,28,5,3,0,0,36,gen25zm
36034,13,3,1,0,0,17,gen25zm
36035,447,116,17,0,1,581,gen25zm
36036,263,116,18,1,4,402,gen25zm
36037,309,61,9,2,5,386,gen25zm
36038,40,17,8,0,0,65,gen25zm
36039,16,13,1,1,1,32,gen25zm
36040,17,17,6,1,3,44,Tie
36041,221,50,3,0,4,278,gen25zm
36042,228,39,5,0,2,274,gen25zm
36043,121,27,8,0,1,157,gen25zm
36044,258,61,14,0,2,335,gen25zm
36045,121,27,10,0,0,158,gen25zm
36046,59,23,2,1,0,85,gen25zm
36047,34,15,4,1,0,54,gen25zm
36048,64,14,3,0,0,81,gen25zm
36049,242,68,13,0,4,327,gen25zm
36050,18,4,2,0,1,25,gen25zm
36051,48,9,3,0,0,60,gen25zm
36052,34,17,10,1,0,62,gen25zm
36053,83,16,5,0,0,104,gen25zm
36054,251,49,8,0,3,311,gen25zm
36055,243,70,13,0,1,327,gen25zm
36056,194,116,27,0,5,342,gen25zm
36057,267,41,13,1,1,323,gen25zm
36058,175,40,8,0,2,225,gen25zm
36059,200,47,12,0,3,262,gen25zm
36060,160,27,13,0,0,200,gen25zm
36061,192,34,17,0,0,243,gen25zm
36062,256,50,9,0,0,315,gen25zm
36063,313,50,20,1,1,385,gen25zm
36064,134,43,16,0,2,195,gen25zm
36065,230,54,22,1,0,307,gen25zm
36066,46,6,1,0,0,53,gen25zm
36067,20,3,1,0,0,24,gen25zm
36068,0,0,0,0,0,0,Tie
36069,0,0,0,0,0,0,Tie
36070,0,0,0,0,0,0,Tie
37001,304,51,5,0,2,362,gen25zm
37002,282,81,13,0,2,378,gen25zm
37003,302,115,22,1,2,442,gen25zm
37004,135,64,7,2,3,211,gen25zm
37005,155,54,5,0,1,215,gen25zm
37006,232,109,11,2,4,358,gen25zm
37007,299,103,18,0,2,422,gen25zm
37008,387,66,8,0,1,462,gen25zm
37009,187,62,5,1,5,260,gen25zm
37010,1,2,0,0,0,3,gen25ac
37011,41,38,21,0,1,101,gen25zm
37012,225,37,25,1,2,290,gen25zm
37013,21,9,4,0,0,34,gen25zm
37014,152,40,15,1,2,210,gen25zm
37015,13,7,3,0,0,23,gen25zm
37016,52,14,10,0,0,76,gen25zm
37017,41,18,11,0,0,70,gen25zm
37018,64,29,9,0,0,102,gen25zm
37019,129,23,10,2,1,165,gen25zm
37020,196,41,9,0,0,246,gen25zm
37021,214,79,19,0,1,313,gen25zm
37022,236,68,22,0,3,329,gen25zm
37023,198,38,11,0,2,249,gen25zm
37024,171,40,15,0,2,228,gen25zm
37025,132,25,10,0,1,168,gen25zm
37026,118,34,6,0,1,159,gen25zm
37027,195,67,25,0,1,288,gen25zm
37028,184,45,19,0,1,249,gen25zm
37029,150,36,8,0,2,196,gen25zm
37030,228,93,25,0,3,349,gen25zm
37031,259,97,29,0,0,385,gen25zm
37032,74,25,5,0,0,104,gen25zm
37033,165,61,29,0,2,257,gen25zm
37034,0,0,1,0,0,1,gen25cs
37035,223,64,10,0,5,302,gen25zm
37036,219,183,54,1,2,459,gen25zm
37037,99,38,17,0,0,154,gen25zm
37038,0,0,0,0,0,0,Tie
37039,24,92,76,0,0,192,gen25ac
37040,56,108,86,0,3,253,gen25ac
37041,8,7,5,0,0,20,gen25zm
37042,229,91,12,0,2,334,gen25zm
37043,43,37,11,0,0,91,gen25zm
37044,173,27,15,0,0,215,gen25zm
37045,48,23,24,0,0,95,gen25zm
37046,14,12,13,0,0,39,gen25zm
37047,89,101,110,0,1,301,gen25cs
37048,92,93,75,1,1,262,gen25ac
37049,46,63,62,0,1,172,gen25ac
37050,66,71,69,0,0,206,gen25ac
37051,75,93,103,2,1,274,gen25cs
37052,199,62,49,0,1,311,gen25zm
37053,236,63,53,0,0,352,gen25zm
37054,240,36,25,0,0,301,gen25zm
37055,182,30,12,0,1,225,gen25zm
37056,146,20,13,0,1,180,gen25zm
37057,239,29,29,0,0,297,gen25zm
37058,65,15,10,0,1,91,gen25zm
37059,191,25,12,0,1,229,gen25zm
37060,118,14,7,0,0,139,gen25zm
37061,234,34,7,0,0,275,gen25zm
37062,128,20,28,0,0,176,gen25zm
37063,339,56,39,0,1,435,gen25zm
37064,365,58,24,0,0,447,gen25zm
37065,218,5,9,0,0,232,gen25zm
37066,0,0,0,0,0,0,Tie
37067,0,0,0,0,0,0,Tie
37068,0,0,0,0,0,0,Tie
37069,0,0,0,0,0,0,Tie
37070,0,0,0,0,0,0,Tie
37071,0,0,0,0,0,0,Tie
38001,223,22,1,0,0,246,gen25zm
38002,330,21,7,1,3,362,gen25zm
38003,304,22,10,0,0,336,gen25zm
38004,294,14,5,0,3,316,gen25zm
38005,93,9,4,0,0,106,gen25zm
38006,185,27,9,0,1,222,gen25zm
38007,116,14,3,0,2,135,gen25zm
38008,0,0,0,0,0,0,Tie
38009,66,91,65,0,1,223,gen25ac
38010,76,75,29,0,0,180,gen25zm
38011,53,61,36,0,2,152,gen25ac
38012,96,52,37,0,1,186,gen25zm
38013,14,21,9,0,1,45,gen25ac
38014,100,101,86,1,2,290,gen25ac
38015,93,69,72,1,0,235,gen25zm
38016,20,6,11,0,0,37,gen25zm
38017,36,29,22,0,0,87,gen25zm
38018,60,26,27,0,2,115,gen25zm
38019,96,64,18,1,3,182,gen25zm
38020,146,97,43,0,2,288,gen25zm
38021,110,78,35,0,2,225,gen25zm
38022,20,5,4,0,0,29,gen25zm
38023,82,52,5,0,1,140,gen25zm
38024,58,44,24,0,0,126,gen25zm
38025,38,17,4,0,0,59,gen25zm
38026,75,35,9,1,0,120,gen25zm
38027,24,21,16,0,0,61,gen25zm
38028,75,48,15,0,3,141,gen25zm
38029,89,39,15,1,1,145,gen25zm
38030,79,84,30,1,0,194,gen25ac
38031,77,55,30,0,0,162,gen25zm
38032,110,79,41,1,2,233,gen25zm
38033,152,87,56,0,2,297,gen25zm
38034,93,55,29,0,2,179,gen25zm
38035,87,82,34,1,0,204,gen25zm
38036,86,19,7,0,0,112,gen25zm
38037,113,20,14,0,0,147,gen25zm
38038,39,19,9,0,0,67,gen25zm
38039,43,17,1,0,0,61,gen25zm
38040,13,6,5,0,0,24,gen25zm
38041,34,17,9,0,0,60,gen25zm
38042,81,10,7,0,0,98,gen25zm
38043,1,0,0,0,0,1,gen25zm
38044,113,10,6,0,0,129,gen25zm
38045,41,30,12,0,0,83,gen25zm
38046,83,47,29,0,0,159,gen25zm
38047,108,90,25,0,1,224,gen25zm
38048,35,12,13,0,0,60,gen25zm
38049,25,12,4,0,0,41,gen25zm
38050,62,18,6,0,0,86,gen25zm
38051,86,43,23,0,0,152,gen25zm
38052,17,10,4,0,1,32,gen25zm
38053,63,59,41,0,0,163,gen25zm
38054,106,8,10,0,0,124,gen25zm
38055,0,0,0,0,0,0,Tie
39001,281,99,22,3,6,411,gen25zm
39002,387,133,26,0,2,548,gen25zm
39003,282,124,27,0,3,436,gen25zm
39004,238,82,23,0,2,345,gen25zm
39005,241,82,26,0,2,351,gen25zm
39006,468,145,22,0,4,639,gen25zm
39007,330,115,25,1,2,473,gen25zm
39008,274,129,39,1,8,451,gen25zm
39009,283,70,25,0,2,380,gen25zm
39010,97,26,12,1,0,136,gen25zm
39011,2,0,3,0,0,5,gen25cs
39012,60,38,11,0,2,111,gen25zm
39013,38,33,8,0,1,80,gen25zm
39014,91,61,10,0,0,162,gen25zm
39015,88,49,10,0,0,147,gen25zm
39016,3,2,0,0,0,5,gen25zm
39017,54,23,5,0,0,82,gen25zm
39018,115,60,13,1,2,191,gen25zm
39019,156,86,25,1,0,268,gen25zm
39020,23,10,4,0,1,38,gen25zm
39021,57,22,6,0,0,85,gen25zm
39022,75,34,9,0,0,118,gen25zm
39023,58,25,14,0,0,97,gen25zm
39024,38,26,8,1,0,73,gen25zm
39025,37,24,2,0,0,63,gen25zm
39026,32,21,17,0,1,71,gen25zm
39027,17,8,3,1,1,30,gen25zm
39028,120,196,113,0,3,432,gen25ac
39029,17,12,2,0,0,31,gen25zm
39030,46,22,14,0,0,82,gen25zm
39031,30,13,6,0,0,49,gen25zm
39032,65,39,18,0,0,122,gen25zm
39033,51,45,14,1,0,111,gen25zm
39034,38,28,10,0,0,76,gen25zm
39035,33,25,12,0,1,71,gen25zm
39036,39,4,3,0,0,46,gen25zm
39037,29,25,10,1,0,65,gen25zm
39038,29,11,11,0,0,51,gen25zm
39039,60,40,13,0,0,113,gen25zm
39040,16,16,5,0,0,37,Tie
39041,123,125,30,0,1,279,gen25ac
39042,65,55,13,0,0,133,gen25zm
39043,41,46,14,0,1,102,gen25ac
39044,62,89,19,2,0,172,gen25ac
39045,88,111,52,0,1,252,gen25ac
39046,123,163,101,0,3,390,gen25ac
39047,41,112,51,0,0,204,gen25ac
39048,106,29,10,1,1,147,gen25zm
39049,56,17,3,0,0,76,gen25zm
39050,9,3,4,0,0,16,gen25zm
39051,54,107,69,0,0,230,gen25ac
39052,39,13,1,0,0,53,gen25zm
40001,42,25,22,0,4,93,gen25zm
40002,23,20,14,0,0,57,gen25zm
40003,30,15,11,0,0,56,gen25zm
40004,29,23,11,0,0,63,gen25zm
40005,31,16,15,0,0,62,gen25zm
40006,14,21,8,0,0,43,gen25ac
40007,68,30,12,0,0,110,gen25zm
40008,44,48,25,0,2,119,gen25ac
40009,88,53,14,0,1,156,gen25zm
40010,44,37,14,0,2,97,gen25zm
40011,45,20,10,0,2,77,gen25zm
40012,40,50,24,1,0,115,gen25ac
40013,53,13,4,0,0,70,gen25zm
40014,9,16,5,0,0,30,gen25ac
40015,73,64,27,0,0,164,gen25zm
40016,115,82,24,0,2,223,gen25zm
40017,57,58,20,0,0,135,gen25ac
40018,69,81,16,1,1,168,gen25ac
40019,58,61,27,0,1,147,gen25ac
40020,54,45,26,1,0,126,gen25zm
40021,70,53,23,1,1,148,gen25zm
40022,22,17,10,0,0,49,gen25zm
40023,97,116,25,3,1,242,gen25ac
40024,50,22,4,1,1,78,gen25zm
40025,9,27,4,0,0,40,gen25ac
40026,56,31,12,0,0,99,gen25zm
40027,41,69,17,0,1,128,gen25ac
40028,66,104,39,0,1,210,gen25ac
40029,100,56,22,3,1,182,gen25zm
40030,67,63,18,0,0,148,gen25zm
40031,35,64,17,0,0,116,gen25ac
40032,27,27,11,1,0,66,Tie
40033,70,32,21,0,0,123,gen25zm
40034,31,19,17,0,1,68,gen25zm
40035,10,33,14,0,0,57,gen25ac
40036,5,0,5,0,0,10,Tie
40037,56,131,92,0,3,282,gen25ac
40038,50,117,77,0,2,246,gen25ac
40039,19,38,22,0,1,80,gen25ac
40040,43,159,88,0,0,290,gen25ac
40041,76,183,87,0,0,346,gen25ac
40042,5,3,0,0,0,8,gen25zm
40043,67,76,38,0,1,182,gen25ac
40044,26,37,10,0,0,73,gen25ac
40045,39,96,35,0,0,170,gen25ac
40046,30,52,22,0,1,105,gen25ac
40047,52,204,104,0,0,360,gen25ac
40048,0,0,0,0,0,0,Tie
41001,146,88,7,1,3,245,gen25zm
41002,138,98,7,2,0,245,gen25zm
41003,61,41,6,0,0,108,gen25zm
41004,217,132,6,0,3,358,gen25zm
41005,115,53,3,1,2,174,gen25zm
41006,151,56,8,0,2,217,gen25zm
41007,134,57,5,1,0,197,gen25zm
41008,114,44,2,1,0,161,gen25zm
41009,101,62,5,0,0,168,gen25zm
41010,81,67,3,0,0,151,gen25zm
41011,111,72,7,0,0,190,gen25zm
41012,76,195,8,0,0,279,gen25ac
41013,90,75,5,2,1,173,gen25zm
41014,21,451,12,1,2,487,gen25ac
41015,18,110,4,0,0,132,gen25ac
41016,40,103,14,0,0,157,gen25ac
41017,59,23,1,0,0,83,gen25zm
41018,109,54,8,1,0,172,gen25zm
41019,84,54,19,0,2,159,gen25zm
41020,30,392,10,0,0,432,gen25ac
41021,48,145,23,1,2,219,gen25ac
41022,51,132,9,2,1,195,gen25ac
41023,19,280,10,1,0,310,gen25ac
41024,51,251,21,2,1,326,gen25ac
41025,80,180,19,0,0,279,gen25ac
41026,36,205,12,1,1,255,gen25ac
41027,63,198,19,0,4,284,gen25ac
41028,24,153,21,0,1,199,gen25ac
41029,4,159,9,1,0,173,gen25ac
41030,9,259,6,0,0,274,gen25ac
41031,22,190,12,0,0,224,gen25ac
41032,64,128,16,0,1,209,gen25ac
41033,48,362,45,2,0,457,gen25ac
41034,78,330,94,3,3,508,gen25ac
41035,41,390,29,2,0,462,gen25ac
41036,30,172,35,0,1,238,gen25ac
41037,25,97,36,0,0,158,gen25ac
41038,15,34,11,0,0,60,gen25ac
41039,9,84,26,1,0,120,gen25ac
41040,32,145,17,1,0,195,gen25ac
41041,16,442,25,1,0,484,gen25ac
41042,38,110,19,0,0,167,gen25ac
41043,23,63,23,0,0,109,gen25ac
41044,28,111,42,1,0,182,gen25ac
41045,65,131,72,0,2,270,gen25ac
41046,24,99,52,0,0,175,gen25ac
41047,57,67,86,0,0,210,gen25cs
41048,49,105,56,0,0,210,gen25ac
41049,40,29,29,0,0,98,gen25zm
41050,32,29,4,0,0,65,gen25zm
41051,23,18,8,0,1,50,gen25zm
41052,42,159,98,2,1,302,gen25ac
41053,21,25,13,1,0,60,gen25ac
41054,17,268,6,0,0,291,gen25ac
41055,39,99,31,0,0,169,gen25ac
41056,23,111,37,1,0,172,gen25ac
41057,21,66,17,0,1,105,gen25ac
41058,42,252,61,0,2,357,gen25ac
41059,13,78,11,1,0,103,gen25ac
41060,12,112,25,1,0,150,gen25ac
41061,45,200,35,1,2,283,gen25ac
41062,8,149,11,0,1,169,gen25ac
41063,49,208,49,0,2,308,gen25ac
41064,37,183,31,1,1,253,gen25ac
41065,9,117,23,1,2,152,gen25ac
41066,31,145,22,0,0,198,gen25ac
41067,34,129,53,0,0,216,gen25ac
41068,22,31,12,3,0,68,gen25ac
41069,11,55,4,0,0,70,gen25ac
41070,0,0,0,0,0,0,Tie
41071,0,0,0,0,0,0,Tie
42001,11,0,1,0,0,12,gen25zm
42002,191,45,3,0,0,239,gen25zm
42003,264,32,5,0,0,301,gen25zm
42004,251,40,2,0,1,294,gen25zm
42005,181,37,2,0,3,223,gen25zm
42006,214,29,4,0,2,249,gen25zm
42007,259,61,5,1,1,327,gen25zm
42008,133,29,2,0,1,165,gen25zm
42009,224,60,9,3,0,296,gen25zm
42010,120,35,2,0,0,157,gen25zm
42011,268,43,8,1,1,321,gen25zm
42012,232,60,6,1,0,299,gen25zm
42013,268,66,6,3,4,347,gen25zm
42014,218,50,9,2,2,281,gen25zm
42015,231,58,4,1,1,295,gen25zm
42016,190,37,4,0,1,232,gen25zm
42017,177,71,5,1,0,254,gen25zm
42018,141,48,3,1,0,193,gen25zm
42019,250,40,4,1,1,296,gen25zm
42020,211,54,4,2,1,272,gen25zm
42021,158,38,4,0,2,202,gen25zm
42022,107,20,0,1,0,128,gen25zm
42023,225,97,15,1,4,342,gen25zm
42024,151,19,3,0,0,173,gen25zm
42025,142,44,2,0,1,189,gen25zm
42026,156,46,2,2,2,208,gen25zm
42027,43,18,4,0,1,66,gen25zm
42028,290,68,3,2,1,364,gen25zm
42029,204,55,3,0,1,263,gen25zm
42030,136,31,0,0,1,168,gen25zm
42031,67,22,0,0,0,89,gen25zm
42032,80,29,3,0,1,113,gen25zm
42033,72,24,2,0,0,98,gen25zm
42034,92,29,4,0,0,125,gen25zm
42035,83,28,1,0,1,113,gen25zm
42036,195,56,5,1,0,257,gen25zm
42037,177,62,4,2,1,246,gen25zm
42038,144,54,4,0,1,203,gen25zm
42039,97,38,4,1,1,141,gen25zm
42040,99,28,2,2,0,131,gen25zm
42041,262,148,17,3,9,439,gen25zm
42042,190,42,4,1,1,238,gen25zm
42043,178,58,5,3,1,245,gen25zm
42044,76,25,2,0,0,103,gen25zm
42045,174,44,8,1,1,228,gen25zm
42046,93,23,4,0,2,122,gen25zm
42047,128,54,1,0,1,184,gen25zm
42048,123,24,6,0,1,154,gen25zm
42049,271,175,15,1,1,463,gen25zm
42050,179,62,5,2,1,249,gen25zm
42051,121,47,7,0,2,177,gen25zm
42052,50,422,8,2,1,483,gen25ac
42053,149,300,13,1,2,465,gen25ac
42054,6,552,6,3,1,568,gen25ac
42055,61,176,11,1,0,249,gen25ac
42056,53,219,4,1,3,280,gen25ac
42057,14,485,7,0,2,508,gen25ac
42058,35,447,16,1,0,499,gen25ac
42059,0,0,0,0,0,0,Tie
43001,269,19,1,0,2,291,gen25zm
43002,240,35,1,1,0,277,gen25zm
43003,258,21,1,1,0,281,gen25zm
43004,136,24,1,1,0,162,gen25zm
43005,152,17,0,0,1,170,gen25zm
43006,160,38,3,0,0,201,gen25zm
43007,148,59,1,3,2,213,gen25zm
43008,210,35,3,0,2,250,gen25zm
43009,112,29,0,1,0,142,gen25zm
43010,423,39,5,0,2,469,gen25zm
43011,263,32,1,1,2,299,gen25zm
43012,158,81,1,2,1,243,gen25zm
43013,107,87,4,0,0,198,gen25zm
43014,112,52,1,0,0,165,gen25zm
43015,108,95,5,0,2,210,gen25zm
43016,136,33,1,0,1,171,gen25zm
43017,116,38,0,0,1,155,gen25zm
43018,296,48,2,0,0,346,gen25zm
43019,173,81,1,0,2,257,gen25zm
43020,107,300,12,2,2,423,gen25ac
43021,44,295,5,1,1,346,gen25ac
43022,81,327,11,3,0,422,gen25ac
43023,90,64,4,1,1,160,gen25zm
43024,85,120,10,1,0,216,gen25ac
43025,54,120,4,0,1,179,gen25ac
43026,9,180,6,1,0,196,gen25ac
43027,75,271,8,0,1,355,gen25ac
43028,19,200,4,1,0,224,gen25ac
43029,158,95,7,0,1,261,gen25zm
43030,233,136,6,1,1,377,gen25zm
43031,301,51,0,1,0,353,gen25zm
43032,243,49,2,1,2,297,gen25zm
43033,286,38,7,1,1,333,gen25zm
43034,151,68,2,0,0,221,gen25zm
43035,103,69,2,0,0,174,gen25zm
43036,288,45,3,0,2,338,gen25zm
43037,401,44,1,0,1,447,gen25zm
43038,262,53,2,0,1,318,gen25zm
43039,167,54,5,0,6,232,gen25zm
43040,236,45,3,1,3,288,gen25zm
43041,189,46,1,0,0,236,gen25zm
43042,249,29,1,0,0,279,gen25zm
43043,105,141,4,2,0,252,gen25ac
43044,54,89,4,1,0,148,gen25ac
43045,56,97,4,1,2,160,gen25ac
43046,57,83,2,2,0,144,gen25ac
43047,87,69,2,1,0,159,gen25zm
43048,17,12,0,0,0,29,gen25zm
43049,61,56,2,0,0,119,gen25zm
43050,66,49,11,0,1,127,gen25zm
43051,47,48,3,0,0,98,gen25ac
43052,114,63,4,1,0,182,gen25zm
43053,253,39,6,0,0,298,gen25zm
43054,241,43,1,0,1,286,gen25zm
43055,171,26,3,0,1,201,gen25zm
43056,303,32,3,2,0,340,gen25zm
43057,251,41,5,0,1,298,gen25zm
43058,293,40,1,0,0,334,gen25zm
43059,336,38,2,0,2,378,gen25zm
43060,294,49,5,0,2,350,gen25zm
43061,221,36,1,3,1,262,gen25zm
43062,108,19,3,0,0,130,gen25zm
43063,160,37,3,0,0,200,gen25zm
43064,274,70,7,0,0,351,gen25zm
43065,123,20,1,1,0,145,gen25zm
43066,186,43,6,0,1,236,gen25zm
43067,192,41,4,1,2,240,gen25zm
43068,67,27,4,0,0,98,gen25zm
44001,250,30,2,1,2,285,gen25zm
44002,230,70,8,0,1,309,gen25zm
44003,90,25,3,0,2,120,gen25zm
44004,219,25,3,0,0,247,gen25zm
44005,54,10,2,0,0,66,gen25zm
44006,226,26,3,0,2,257,gen25zm
44007,270,28,1,0,2,301,gen25zm
44008,217,22,0,0,0,239,gen25zm
44009,233,29,1,0,1,264,gen25zm
44010,151,10,0,0,2,163,gen25zm
44011,639,51,5,0,5,700,gen25zm
44012,351,24,4,1,0,380,gen25zm
44013,123,27,0,0,4,154,gen25zm
44014,320,49,2,1,0,372,gen25zm
44015,254,35,3,0,2,294,gen25zm
44016,328,56,5,0,2,391,gen25zm
44017,462,96,8,0,3,569,gen25zm
44018,327,69,6,0,2,404,gen25zm
44019,211,28,3,0,1,243,gen25zm
44020,169,29,4,0,0,202,gen25zm
44021,331,39,13,0,0,383,gen25zm
44022,312,55,8,0,1,376,gen25zm
44023,419,119,7,2,6,553,gen25zm
44024,330,133,10,2,9,484,gen25zm
44025,476,119,9,0,9,613,gen25zm
44026,345,84,13,0,3,445,gen25zm
44027,409,103,6,0,10,528,gen25zm
44028,487,90,13,1,8,599,gen25zm
44029,495,112,7,0,6,620,gen25zm
44030,436,102,16,0,4,558,gen25zm
44031,515,127,9,0,6,657,gen25zm
44032,506,109,7,0,3,625,gen25zm
44033,476,118,19,1,4,618,gen25zm
44034,236,25,12,0,0,273,gen25zm
44035,282,45,10,0,3,340,gen25zm
44036,477,129,24,0,4,634,gen25zm
44037,410,126,19,0,10,565,gen25zm
44038,476,131,25,0,3,635,gen25zm
44039,396,101,14,0,2,513,gen25zm
44040,207,55,13,0,4,279,gen25zm
44041,275,91,23,0,3,392,gen25zm
44042,33,71,4,0,2,110,gen25ac
44043,204,45,10,0,2,261,gen25zm
44044,112,36,9,0,0,157,gen25zm
44045,276,84,19,1,3,383,gen25zm
44046,409,90,18,0,4,521,gen25zm
44047,139,14,6,1,0,160,gen25zm
44048,85,68,6,0,1,160,gen25zm
44049,9,61,3,1,0,74,gen25ac
44050,10,42,1,0,0,53,gen25ac
44051,5,40,6,0,0,51,gen25ac
44052,22,25,4,0,0,51,gen25ac
44053,50,118,4,0,0,172,gen25ac
44054,289,49,9,0,4,351,gen25zm
44055,74,9,7,0,1,91,gen25zm
44056,324,75,15,2,2,418,gen25zm
44057,111,101,18,1,3,234,gen25zm
44058,142,66,7,0,2,217,gen25zm
44059,71,14,3,1,1,90,gen25zm
44060,77,8,0,0,1,86,gen25zm
44061,202,52,7,0,1,262,gen25zm
44062,127,29,1,1,1,159,gen25zm
44063,150,17,3,1,2,173,gen25zm
44064,112,19,2,1,0,134,gen25zm
44065,97,29,0,0,1,127,gen25zm
44066,156,75,12,1,0,244,gen25zm
44067,104,45,4,0,1,154,gen25zm
44068,70,13,0,0,1,84,gen25zm
44069,62,43,10,0,1,116,gen25zm
44070,52,9,3,0,0,64,gen25zm
44071,83,29,4,0,1,117,gen25zm
44072,85,23,12,0,2,122,gen25zm
44073,91,11,4,0,2,108,gen25zm
44074,242,63,13,0,1,319,gen25zm
44075,98,25,4,0,0,127,gen25zm
44076,94,11,4,0,0,109,gen25zm
44077,59,13,1,0,1,74,gen25zm
44078,167,34,12,0,2,215,gen25zm
44079,256,45,2,0,2,305,gen25zm
44080,98,34,7,0,3,142,gen25zm
44081,318,64,4,2,4,392,gen25zm
44082,0,0,0,0,0,0,Tie
44083,0,0,0,0,0,0,Tie
44084,0,0,0,0,0,0,Tie
45001,60,319,16,0,0,395,gen25ac
45002,34,312,24,2,0,372,gen25ac
45003,39,328,17,3,1,388,gen25ac
45004,75,214,48,2,1,340,gen25ac
45005,48,141,12,0,2,203,gen25ac
45006,45,197,19,1,2,264,gen25ac
45007,20,430,30,0,0,480,gen25ac
45008,28,397,10,1,0,436,gen25ac
45009,38,331,20,0,3,392,gen25ac
45010,16,363,7,0,2,388,gen25ac
45011,5,407,14,0,0,426,gen25ac
45012,9,30,2,0,0,41,gen25ac
45013,7,261,9,0,0,277,gen25ac
45014,18,310,13,1,1,343,gen25ac
45015,10,456,2,1,1,470,gen25ac
45016,16,642,15,0,0,673,gen25ac
45017,22,340,15,1,0,378,gen25ac
45018,2,28,1,0,0,31,gen25ac
45019,11,38,10,0,0,59,gen25ac
45020,12,220,20,1,0,253,gen25ac
45021,22,17,27,0,0,66,gen25cs
45022,23,103,19,0,0,145,gen25ac
45023,25,29,20,0,0,74,gen25ac
45024,18,24,20,0,1,63,gen25ac
45025,5,176,6,2,0,189,gen25ac
45026,3,147,2,0,0,152,gen25ac
45027,31,81,13,0,0,125,gen25ac
45028,9,354,24,0,0,387,gen25ac
45029,12,272,12,0,0,296,gen25ac
45030,45,105,9,1,0,160,gen25ac
45031,43,75,24,0,0,142,gen25ac
45032,17,270,23,0,0,310,gen25ac
45033,18,275,8,1,0,302,gen25ac
45034,29,171,19,0,0,219,gen25ac
45035,21,85,13,0,1,120,gen25ac
45036,25,192,35,1,2,255,gen25ac
45037,22,88,15,0,0,125,gen25ac
45038,18,72,5,0,1,96,gen25ac
45039,5,10,8,0,0,23,gen25ac
45040,23,89,31,0,0,143,gen25ac
45041,39,170,26,0,0,235,gen25ac
45042,34,79,18,0,0,131,gen25ac
45043,18,151,24,0,3,196,gen25ac
45044,39,191,31,1,2,264,gen25ac
45045,36,128,18,0,0,182,gen25ac
45046,38,73,5,0,0,116,gen25ac
45047,38,150,20,0,0,208,gen25ac
45048,29,138,19,2,3,191,gen25ac
45049,5,184,19,0,1,209,gen25ac
45050,22,39,8,1,0,70,gen25ac
45051,17,120,16,1,1,155,gen25ac
45052,23,79,9,0,0,111,gen25ac
45053,26,26,37,0,0,89,gen25cs
45054,5,4,1,0,0,10,gen25zm
45055,1,1,1,0,0,3,Tie
45056,0,0,0,0,0,0,Tie
46001,108,73,40,1,0,222,gen25zm
46002,149,47,25,0,0,221,gen25zm
46003,181,84,43,0,2,310,gen25zm
46004,138,71,49,0,4,262,gen25zm
46005,119,85,55,0,0,259,gen25zm
46006,93,171,92,0,1,357,gen25ac
46007,181,128,47,0,0,356,gen25zm
46008,142,91,41,1,3,278,gen25zm
46009,147,76,37,1,1,262,gen25zm
46010,173,82,21,1,0,277,gen25zm
46011,67,34,27,0,1,129,gen25zm
46012,150,209,57,0,3,419,gen25ac
46013,163,183,56,0,3,405,gen25ac
46014,177,194,74,0,5,450,gen25ac
46015,111,75,42,0,0,228,gen25zm
46016,80,30,36,1,1,148,gen25zm
46017,110,50,28,0,1,189,gen25zm
46018,130,70,37,0,3,240,gen25zm
46019,132,164,81,1,3,381,gen25ac
46020,132,129,59,0,5,325,gen25zm
46021,16,17,11,0,0,44,gen25ac
46022,131,123,67,0,2,323,gen25zm
46023,65,163,77,0,1,306,gen25ac
46024,36,169,82,0,0,287,gen25ac
46025,49,158,85,0,0,292,gen25ac
46026,44,121,54,0,0,219,gen25ac
46027,80,80,46,0,0,206,Tie
46028,41,104,63,0,2,210,gen25ac
46029,10,11,0,0,1,22,gen25ac
46030,9,16,9,0,0,34,gen25ac
46031,34,31,16,0,0,81,gen25zm
46032,33,33,13,0,0,79,Tie
46033,8,19,16,0,0,43,gen25ac
46034,43,77,61,0,3,184,gen25ac
46035,9,32,12,0,0,53,gen25ac
46036,22,60,33,0,0,115,gen25ac
46037,0,0,0,0,0,0,Tie
46038,46,87,41,0,0,174,gen25ac
46039,50,129,47,1,0,227,gen25ac
46040,48,177,47,0,1,273,gen25ac
46041,53,46,8,0,0,107,gen25zm
46042,26,17,4,0,0,47,gen25zm
46043,38,25,4,0,0,67,gen25zm
46044,24,39,10,0,3,76,gen25ac
46045,15,15,7,0,1,38,Tie
46046,27,33,17,0,0,77,gen25ac
46047,50,44,7,0,0,101,gen25zm
46048,51,30,8,0,0,89,gen25zm
46049,23,40,12,0,0,75,gen25ac
46050,75,47,12,2,3,139,gen25zm
46051,38,34,9,0,0,81,gen25zm
46052,39,44,11,1,0,95,gen25ac
46053,87,39,15,0,1,142,gen25zm
46054,10,82,10,0,1,103,gen25ac
46055,12,162,23,2,0,199,gen25ac
46056,34,287,47,2,1,371,gen25ac
46057,4,82,14,0,0,100,gen25ac
46058,9,64,7,0,0,80,gen25ac
46059,3,64,6,0,0,73,gen25ac
46060,5,57,16,0,0,78,gen25ac
46061,44,156,42,0,0,242,gen25ac
46062,16,80,9,0,0,105,gen25ac
46063,6,51,5,0,0,62,gen25ac
46064,4,51,5,0,0,60,gen25ac
46065,8,38,7,0,0,53,gen25ac
46066,22,121,34,1,1,179,gen25ac
46067,17,40,12,3,0,72,gen25ac
46068,43,41,8,0,0,92,gen25zm
46069,50,26,9,0,2,87,gen25zm
46070,32,57,17,3,0,109,gen25ac
46071,39,79,16,0,0,134,gen25ac
46072,0,0,0,0,0,0,Tie
46073,6,70,7,0,0,83,gen25ac
46074,0,0,0,0,0,0,Tie
46075,0,0,0,0,0,0,Tie
46076,0,0,0,0,0,0,Tie
46077,0,0,0,0,0,0,Tie
46078,0,0,0,0,0,0,Tie
47001,13,30,20,0,0,63,gen25ac
47002,44,78,40,0,1,163,gen25ac
47003,22,62,25,0,0,109,gen25ac
47004,48,57,27,1,1,134,gen25ac
47005,50,72,39,1,1,163,gen25ac
47006,25,18,6,0,0,49,gen25zm
47007,48,46,45,0,1,140,gen25zm
47008,22,15,4,0,0,41,gen25zm
47009,33,60,26,1,0,120,gen25ac
47010,57,32,21,0,0,110,gen25zm
47011,35,49,51,1,0,136,gen25cs
47012,53,69,36,0,0,158,gen25ac
47013,38,35,20,0,0,93,gen25zm
47014,72,79,35,1,1,188,gen25ac
47015,18,22,14,0,0,54,gen25ac
47016,15,26,23,0,0,64,gen25ac
47017,8,4,4,0,0,16,gen25zm
47018,13,15,7,0,0,35,gen25ac
47019,26,34,15,0,1,76,gen25ac
47020,60,82,23,0,2,167,gen25ac
47021,28,25,9,0,0,62,gen25zm
47022,13,35,5,0,0,53,gen25ac
47023,72,79,51,0,1,203,gen25ac
47024,50,42,22,0,1,115,gen25zm
47025,44,51,34,0,0,129,gen25ac
47026,60,103,42,0,1,206,gen25ac
47027,38,78,35,0,1,152,gen25ac
47028,16,34,17,0,1,68,gen25ac
47029,43,68,28,0,0,139,gen25ac
47030,13,23,6,0,0,42,gen25ac
47031,7,13,7,0,0,27,gen25ac
47032,26,48,23,0,1,98,gen25ac
47033,29,73,42,0,0,144,gen25ac
47034,81,86,28,0,0,195,gen25ac
47035,40,55,31,1,1,128,gen25ac
47036,43,86,23,0,0,152,gen25ac
47037,33,68,25,0,0,126,gen25ac
47038,24,41,21,0,1,87,gen25ac
47039,55,113,36,0,1,205,gen25ac
47040,16,27,18,0,0,61,gen25ac
47041,21,54,12,0,0,87,gen25ac
47042,47,47,9,1,1,105,Tie
47043,34,135,51,1,0,221,gen25ac
47044,69,197,64,0,0,330,gen25ac
47045,32,89,46,0,1,168,gen25ac
47046,36,53,18,0,0,107,gen25ac
47047,47,90,19,1,0,157,gen25ac
47048,22,15,4,0,1,42,gen25zm
47049,51,91,36,0,2,180,gen25ac
47050,46,137,32,0,0,215,gen25ac
47051,12,21,5,0,0,38,gen25ac
47052,34,60,32,0,0,126,gen25ac
47053,38,35,20,0,0,93,gen25zm
47054,34,50,20,0,1,105,gen25ac
47055,9,4,6,0,0,19,gen25zm
47056,4,7,2,0,0,13,gen25ac
47057,0,0,0,0,0,0,Tie
48001,4,25,3,0,0,32,gen25ac
48002,12,202,13,1,0,228,gen25ac
48003,6,146,2,4,0,158,gen25ac
48004,3,220,6,7,0,236,gen25ac
48005,19,75,2,0,0,96,gen25ac
48006,24,207,16,4,2,253,gen25ac
48007,0,243,7,7,0,257,gen25ac
48008,8,139,3,0,2,152,gen25ac
48009,7,220,9,4,4,244,gen25ac
48010,11,105,6,1,0,123,gen25ac
48011,1,85,0,0,0,86,gen25ac
48012,2,68,1,0,2,73,gen25ac
48013,11,182,8,0,1,202,gen25ac
48014,11,29,2,0,0,42,gen25ac
48015,42,170,10,0,0,222,gen25ac
48016,29,135,7,3,0,174,gen25ac
48017,7,2,0,0,0,9,gen25zm
48018,5,39,0,0,0,44,gen25ac
48019,21,135,9,0,0,165,gen25ac
48020,56,91,5,0,1,153,gen25ac
48021,30,39,2,0,1,72,gen25ac
48022,1,92,4,0,0,97,gen25ac
48023,95,255,12,1,2,365,gen25ac
48024,72,120,7,0,4,203,gen25ac
48025,71,353,21,2,2,449,gen25ac
48026,27,444,11,2,1,485,gen25ac
48027,33,265,12,2,3,315,gen25ac
48028,34,234,14,0,1,283,gen25ac
48029,35,313,11,0,4,363,gen25ac
48030,10,341,7,0,1,359,gen25ac
48031,10,26,1,0,1,38,gen25ac
48032,11,337,6,0,0,354,gen25ac
48033,39,210,13,0,0,262,gen25ac
48034,1,75,3,2,0,81,gen25ac
48035,14,181,15,0,0,210,gen25ac
48036,40,103,18,0,1,162,gen25ac
48037,11,301,13,4,0,329,gen25ac
48038,22,469,26,1,0,518,gen25ac
48039,16,456,38,5,1,516,gen25ac
48040,15,459,15,5,1,495,gen25ac
48041,3,336,6,2,0,347,gen25ac
48042,3,401,7,3,2,416,gen25ac
48043,14,274,9,3,0,300,gen25ac
48044,8,217,9,1,2,237,gen25ac
48045,9,159,5,0,3,176,gen25ac
48046,6,178,11,4,0,199,gen25ac
48047,19,225,9,6,1,260,gen25ac
48048,23,186,12,5,0,226,gen25ac
48049,8,222,7,2,0,239,gen25ac
48050,4,167,3,1,1,176,gen25ac
48051,4,181,5,3,0,193,gen25ac
48052,14,124,8,2,0,148,gen25ac
48053,0,0,0,0,0,0,Tie
49001,27,22,14,0,0,63,gen25zm
49002,4,3,0,2,0,9,gen25zm
49003,1,19,3,0,0,23,gen25ac
49004,31,22,7,1,0,61,gen25zm
49005,27,11,12,0,0,50,gen25zm
49006,24,31,7,0,1,63,gen25ac
49007,32,25,13,1,0,71,gen25zm
49008,58,57,12,0,1,128,gen25zm
49009,61,52,21,2,1,137,gen25zm
49010,47,33,21,1,0,102,gen25zm
49011,27,19,11,0,0,57,gen25zm
49012,30,18,5,1,0,54,gen25zm
49013,4,0,0,0,0,4,gen25zm
49014,9,8,5,0,0,22,gen25zm
49015,21,14,5,0,1,41,gen25zm
49016,48,28,24,0,2,102,gen25zm
49017,64,58,37,0,1,160,gen25zm
49018,33,22,28,0,1,84,gen25zm
49019,28,21,20,0,1,70,gen25zm
49020,14,63,26,0,0,103,gen25ac
49021,30,121,7,0,1,159,gen25ac
49022,40,51,23,0,0,114,gen25ac
49023,51,46,23,0,1,121,gen25zm
49024,79,119,42,0,4,244,gen25ac
49025,60,45,28,0,1,134,gen25zm
49026,70,69,38,0,0,177,gen25zm
49027,49,76,41,0,1,167,gen25ac
49028,33,48,22,0,0,103,gen25ac
49029,37,47,25,0,0,109,gen25ac
49030,45,56,27,0,1,129,gen25ac
49031,41,61,31,0,1,134,gen25ac
49032,31,80,42,0,1,154,gen25ac
49033,45,60,60,0,0,165,Tie
49034,46,23,20,0,0,89,gen25zm
49035,66,128,65,2,0,261,gen25ac
49036,53,130,65,0,3,251,gen25ac
49037,57,140,81,0,3,281,gen25ac
49038,32,35,17,0,0,84,gen25ac
49039,61,81,55,0,0,197,gen25ac
49040,58,103,73,0,0,234,gen25ac
49041,50,83,61,0,1,195,gen25ac
49042,37,53,27,0,0,117,gen25ac
49043,30,28,19,0,0,77,gen25zm
49044,13,13,9,0,0,35,Tie
49045,22,17,9,0,0,48,gen25zm
49046,0,0,0,0,0,0,Tie
49047,33,30,15,0,1,79,gen25zm
49048,4,22,12,0,0,38,gen25ac
49049,20,17,8,0,0,45,gen25zm
49050,32,49,19,0,1,101,gen25ac
49051,25,89,8,2,0,124,gen25ac
49052,22,8,0,0,0,30,gen25zm
49053,0,0,0,0,0,0,Tie
49054,0,0,0,0,0,0,Tie
49055,0,0,0,0,0,0,Tie
50001,371,65,14,1,4,455,gen25zm
50002,234,21,11,0,1,267,gen25zm
50003,296,43,6,0,0,345,gen25zm
50004,240,26,12,0,1,279,gen25zm
50005,226,40,12,1,0,279,gen25zm
50006,186,21,7,0,0,214,gen25zm
50007,199,54,6,1,2,262,gen25zm
50008,357,66,26,0,0,449,gen25zm
50009,117,41,6,0,1,165,gen25zm
50010,169,27,7,0,1,204,gen25zm
50011,271,34,21,0,0,326,gen25zm
50012,96,38,3,1,0,138,gen25zm
50013,217,30,6,0,0,253,gen25zm
50014,295,43,17,0,2,357,gen25zm
50015,274,50,21,0,0,345,gen25zm
50016,305,64,22,0,3,394,gen25zm
50017,368,49,31,0,2,450,gen25zm
50018,306,39,30,0,3,378,gen25zm
50019,288,57,29,1,0,375,gen25zm
50020,330,32,16,0,0,378,gen25zm
50021,346,74,23,0,0,443,gen25zm
50022,385,74,11,1,0,471,gen25zm
50023,297,105,4,0,2,408,gen25zm
50024,218,49,4,0,1,272,gen25zm
50025,240,38,6,2,0,286,gen25zm
50026,331,113,7,0,3,454,gen25zm
50027,142,79,8,0,0,229,gen25zm
50028,118,23,1,0,1,143,gen25zm
50029,144,106,4,1,2,257,gen25zm
50030,124,78,4,1,2,209,gen25zm
50031,103,45,0,0,1,149,gen25zm
50032,130,77,1,0,1,209,gen25zm
50033,124,140,8,4,7,283,gen25ac
50034,133,92,5,1,0,231,gen25zm
50035,27,91,11,6,1,136,gen25ac
50036,25,68,12,2,1,108,gen25ac
50037,25,108,4,0,0,137,gen25ac
50038,42,38,5,0,1,86,gen25zm
50039,13,41,2,2,1,59,gen25ac
50040,18,56,4,1,1,80,gen25ac
50041,43,32,0,0,0,75,gen25zm
50042,30,75,9,4,1,119,gen25ac
50043,2,46,2,2,0,52,gen25ac
50044,39,40,3,6,1,89,gen25ac
50045,6,56,1,1,1,65,gen25ac
50046,29,65,1,1,0,96,gen25ac
50047,3,48,3,7,1,62,gen25ac
50048,1,56,4,5,3,69,gen25ac
50049,1,53,3,4,2,63,gen25ac
50050,151,55,2,2,1,211,gen25zm
50051,148,39,5,0,0,192,gen25zm
50052,151,24,2,0,1,178,gen25zm
50053,136,47,2,0,0,185,gen25zm
50054,142,23,5,0,0,170,gen25zm
50055,83,18,1,0,0,102,gen25zm
50056,401,69,10,0,2,482,gen25zm
50057,438,58,13,0,1,510,gen25zm
50058,289,56,17,0,1,363,gen25zm
50059,312,65,16,0,3,396,gen25zm
50060,247,49,9,0,1,306,gen25zm
50061,368,52,3,0,1,424,gen25zm
50062,287,42,19,0,1,349,gen25zm
50063,198,19,9,0,0,226,gen25zm
50064,1,0,0,0,0,1,gen25zm
50065,108,22,5,0,0,135,gen25zm
50066,258,52,1,0,2,313,gen25zm
50067,0,0,0,0,0,0,Tie
50068,0,0,0,0,0,0,Tie
51001,49,21,13,0,0,83,gen25zm
51002,75,12,10,0,0,97,gen25zm
51003,11,10,5,0,0,26,gen25zm
51004,7,13,14,0,0,34,gen25cs
51005,34,11,17,0,0,62,gen25zm
51006,98,25,8,0,1,132,gen25zm
51007,137,49,17,1,1,205,gen25zm
51008,133,38,15,0,0,186,gen25zm
51009,104,36,16,1,3,160,gen25zm
51010,78,48,21,1,0,148,gen25zm
51011,117,56,8,0,2,183,gen25zm
51012,80,44,22,1,1,148,gen25zm
51013,134,23,8,1,0,166,gen25zm
51014,70,26,10,0,1,107,gen25zm
51015,74,14,5,0,0,93,gen25zm
51016,109,25,14,0,0,148,gen25zm
51017,110,31,8,0,1,150,gen25zm
51018,202,22,5,0,1,230,gen25zm
51019,147,31,18,1,3,200,gen25zm
51020,143,34,6,0,0,183,gen25zm
51021,350,65,29,1,1,446,gen25zm
51022,356,39,12,0,0,407,gen25zm
51023,270,14,11,0,2,297,gen25zm
51024,340,58,14,0,2,414,gen25zm
51025,257,37,2,0,4,300,gen25zm
51026,426,70,10,1,0,507,gen25zm
51027,113,24,2,0,1,140,gen25zm
51028,457,78,11,1,3,550,gen25zm
51029,308,97,17,0,2,424,gen25zm
51030,74,14,2,0,0,90,gen25zm
51031,19,11,8,0,0,38,gen25zm
51032,46,13,0,0,1,60,gen25zm
51033,177,31,4,0,2,214,gen25zm
51034,54,28,2,1,0,85,gen25zm
51035,61,18,2,0,1,82,gen25zm
51036,104,21,1,1,0,127,gen25zm
51037,52,38,3,0,1,94,gen25zm
51038,47,35,3,1,1,87,gen25zm
51039,30,5,9,0,1,45,gen25zm
51040,307,54,10,0,3,374,gen25zm
51041,233,27,6,0,0,266,gen25zm
51042,389,53,11,0,1,454,gen25zm
51043,109,46,30,0,2,187,gen25zm
51044,277,40,18,1,4,340,gen25zm
51045,120,13,4,0,2,139,gen25zm
51046,71,14,2,0,1,88,gen25zm
51047,126,49,8,0,2,185,gen25zm
51048,53,16,3,0,0,72,gen25zm
51049,34,15,3,2,1,55,gen25zm
51050,17,50,4,2,0,73,gen25ac
51051,19,56,9,1,1,86,gen25ac
51052,89,35,9,0,1,134,gen25zm
51053,41,139,3,1,0,184,gen25ac
51054,0,0,0,0,0,0,Tie
52001,6,80,2,5,1,94,gen25ac
52002,237,50,8,1,2,298,gen25zm
52003,55,14,0,0,1,70,gen25zm
52004,0,0,0,0,0,0,Tie
52005,190,51,7,0,1,249,gen25zm
52006,263,219,6,0,3,491,gen25zm
52007,177,114,3,1,5,300,gen25zm
52008,189,129,2,0,0,320,gen25zm
52009,155,76,12,1,3,247,gen25zm
52010,407,233,21,2,7,670,gen25zm
52011,375,41,7,0,0,423,gen25zm
52012,301,70,12,0,2,385,gen25zm
52013,28,5,4,0,0,37,gen25zm
52014,194,105,4,0,3,306,gen25zm
52015,146,88,5,1,1,241,gen25zm
52016,276,153,7,0,7,443,gen25zm
52017,309,177,12,0,2,500,gen25zm
52018,223,142,7,0,4,376,gen25zm
52019,254,57,12,0,3,326,gen25zm
52020,305,150,9,1,5,470,gen25zm
52021,357,148,9,0,4,518,gen25zm
52022,370,193,21,0,4,588,gen25zm
52023,328,136,4,1,1,470,gen25zm
52024,289,164,5,0,4,462,gen25zm
52025,351,144,2,0,2,499,gen25zm
52026,277,118,3,0,6,404,gen25zm
52027,130,13,3,0,1,147,gen25zm
52028,252,52,2,0,0,306,gen25zm
52029,329,65,7,1,3,405,gen25zm
52030,307,71,11,0,2,391,gen25zm
52031,156,58,2,1,0,217,gen25zm
52032,238,91,2,2,2,335,gen25zm
52033,97,32,0,1,2,132,gen25zm
52034,159,81,4,0,0,244,gen25zm
52035,126,33,4,0,1,164,gen25zm
52036,284,91,4,0,1,380,gen25zm
52037,232,75,7,0,2,316,gen25zm
52038,123,26,1,0,0,150,gen25zm
52039,274,80,6,1,1,362,gen25zm
52040,231,45,3,0,2,281,gen25zm
52041,218,41,2,0,1,262,gen25zm
52042,261,56,3,0,3,323,gen25zm
52043,148,45,11,0,0,204,gen25zm
52044,161,50,9,0,1,221,gen25zm
52045,224,42,4,1,0,271,gen25zm
52046,182,85,2,0,2,271,gen25zm
52047,207,63,6,0,0,276,gen25zm
52048,213,64,6,0,6,289,gen25zm
52049,175,80,9,0,5,269,gen25zm
52050,235,68,11,0,1,315,gen25zm
52051,91,28,0,1,0,120,gen25zm
52052,239,53,4,0,5,301,gen25zm
52053,155,21,2,1,2,181,gen25zm
52054,166,58,7,0,2,233,gen25zm
52055,32,20,2,0,0,54,gen25zm
52056,22,6,5,0,1,34,gen25zm
52057,182,21,1,0,2,206,gen25zm
52058,90,13,1,1,0,105,gen25zm
52059,53,14,1,1,1,70,gen25zm
52060,176,28,3,0,0,207,gen25zm
52061,193,92,8,0,2,295,gen25zm
52062,292,50,7,1,1,351,gen25zm
52063,264,70,3,0,1,338,gen25zm
52064,287,37,3,1,0,328,gen25zm
52065,273,78,4,2,5,362,gen25zm
52066,314,94,3,0,6,417,gen25zm
52067,329,75,4,0,2,410,gen25zm
52068,320,71,1,0,0,392,gen25zm
52069,370,47,4,0,1,422,gen25zm
52070,69,20,1,0,0,90,gen25zm
52071,216,38,2,1,1,258,gen25zm
52072,112,20,4,1,1,138,gen25zm
52073,297,34,4,1,2,338,gen25zm
52074,36,6,0,0,1,43,gen25zm
52075,200,21,1,1,0,223,gen25zm
52076,201,35,1,0,1,238,gen25zm
52077,470,87,7,2,6,572,gen25zm
52078,146,46,2,0,5,199,gen25zm
52079,319,83,10,0,0,412,gen25zm
52080,369,116,6,1,7,499,gen25zm
52081,359,87,4,0,2,452,gen25zm
52082,386,117,4,0,1,508,gen25zm
52083,402,171,5,0,6,584,gen25zm
52084,478,145,5,1,3,632,gen25zm
52085,438,104,4,1,7,554,gen25zm
52086,174,38,0,0,1,213,gen25zm
52087,1,0,0,0,0,1,gen25zm
52088,147,41,2,0,2,192,gen25zm
52089,216,31,3,0,2,252,gen25zm
52090,0,1,0,1,0,2,Tie
52091,0,0,0,0,0,0,Tie
52092,0,0,0,0,0,0,Tie
52093,0,0,0,0,0,0,Tie
52094,0,0,0,0,0,0,Tie
52095,0,0,0,0,0,0,Tie
52096,0,0,0,0,0,0,Tie
52097,0,0,0,0,0,0,Tie
52098,0,0,0,0,0,0,Tie
53001,184,7,5,0,0,196,gen25zm
53002,234,17,0,0,0,251,gen25zm
53003,176,21,4,1,2,204,gen25zm
53004,111,3,1,0,0,115,gen25zm
53005,170,23,5,0,0,198,gen25zm
53006,41,24,1,0,0,66,gen25zm
53007,82,10,1,1,0,94,gen25zm
53008,238,5,1,0,0,244,gen25zm
53009,261,20,11,0,1,293,gen25zm
53010,299,19,1,0,1,320,gen25zm
53011,198,15,6,0,0,219,gen25zm
53012,174,17,3,0,0,194,gen25zm
53013,280,11,6,0,2,299,gen25zm
53014,347,21,2,0,0,370,gen25zm
53015,168,11,6,0,2,187,gen25zm
53016,221,9,4,0,1,235,gen25zm
53017,365,10,1,0,0,376,gen25zm
53018,212,19,1,0,0,232,gen25zm
53019,265,21,2,0,0,288,gen25zm
53020,291,7,3,0,0,301,gen25zm
53021,165,11,2,0,0,178,gen25zm
53022,177,11,7,0,0,195,gen25zm
53023,144,11,4,0,0,159,gen25zm
53024,234,4,0,0,0,238,gen25zm
53025,250,6,1,0,0,257,gen25zm
53026,161,9,5,0,1,176,gen25zm
53027,246,11,4,0,0,261,gen25zm
53028,221,12,9,0,1,243,gen25zm
53029,155,10,4,0,0,169,gen25zm
53030,156,4,3,0,0,163,gen25zm
53031,197,8,2,0,0,207,gen25zm
53032,118,23,5,0,1,147,gen25zm
53033,7,6,2,0,1,16,gen25zm
53034,12,9,2,1,0,24,gen25zm
53035,92,10,1,0,1,104,gen25zm
53036,167,14,4,1,1,187,gen25zm
53037,72,102,6,3,1,184,gen25ac
53038,121,57,6,0,1,185,gen25zm
53039,102,48,10,1,1,162,gen25zm
53040,135,48,12,0,0,195,gen25zm
53041,298,37,12,2,1,350,gen25zm
53042,39,14,0,0,0,53,gen25zm
53043,359,23,11,0,0,393,gen25zm
53044,96,13,2,0,0,111,gen25zm
53045,100,10,3,0,0,113,gen25zm
53046,126,18,2,0,1,147,gen25zm
53047,133,7,4,0,0,144,gen25zm
53048,145,22,2,0,0,169,gen25zm
53049,159,10,4,0,0,173,gen25zm
53050,186,13,7,0,0,206,gen25zm
53051,55,18,4,1,1,79,gen25zm
53052,134,20,3,0,0,157,gen25zm
53053,302,44,3,0,0,349,gen25zm
53054,300,39,5,0,1,345,gen25zm
53055,201,26,5,0,0,232,gen25zm
53056,229,36,10,2,0,277,gen25zm
53057,34,39,4,1,1,79,gen25ac
53058,159,16,2,0,0,177,gen25zm
53059,150,50,6,2,1,209,gen25zm
53060,370,38,5,0,1,414,gen25zm
53061,285,29,8,1,1,324,gen25zm
53062,74,34,5,1,0,114,gen25zm
53063,85,4,1,0,0,90,gen25zm
54001,19,3,1,0,0,23,gen25zm
54002,58,9,3,0,0,70,gen25zm
54003,21,8,0,0,0,29,gen25zm
54004,56,29,3,0,0,88,gen25zm
54005,32,15,0,0,2,49,gen25zm
54006,18,12,1,0,0,31,gen25zm
54007,23,5,5,0,0,33,gen25zm
54008,39,20,5,0,0,64,gen25zm
54009,35,21,8,1,0,65,gen25zm
54010,33,2,2,0,0,37,gen25zm
54011,43,11,2,0,0,56,gen25zm
54012,25,8,9,0,0,42,gen25zm
54013,19,8,1,0,0,28,gen25zm
54014,27,19,2,0,0,48,gen25zm
54015,31,16,0,0,2,49,gen25zm
54016,17,10,0,0,1,28,gen25zm
54017,10,10,1,1,0,22,Tie
54018,99,46,7,1,1,154,gen25zm
54019,61,26,5,0,0,92,gen25zm
54020,6,7,3,0,0,16,gen25ac
54021,5,9,0,2,0,16,gen25ac
54022,38,24,4,0,0,66,gen25zm
54023,52,28,2,1,0,83,gen25zm
54024,19,6,4,0,0,29,gen25zm
54025,40,27,7,0,0,74,gen25zm
54026,22,11,4,1,0,38,gen25zm
54027,14,4,4,0,1,23,gen25zm
54028,23,7,4,0,1,35,gen25zm
54029,27,20,5,0,0,52,gen25zm
54030,31,11,5,0,0,47,gen25zm
54031,33,23,2,1,0,59,gen25zm
54032,35,29,5,0,0,69,gen25zm
54033,41,20,5,1,2,69,gen25zm
54034,44,36,5,0,1,86,gen25zm
54035,119,75,13,1,0,208,gen25zm
54036,118,70,5,1,2,196,gen25zm
54037,117,17,6,0,1,141,gen25zm
54038,180,34,4,2,1,221,gen25zm
54039,204,31,3,0,0,238,gen25zm
54040,220,41,8,2,0,271,gen25zm
54041,248,41,1,1,1,292,gen25zm
54042,161,29,4,0,1,195,gen25zm
54043,210,34,5,0,1,250,gen25zm
54044,211,22,4,1,0,238,gen25zm
54045,195,21,10,0,0,226,gen25zm
54046,125,5,5,0,0,135,gen25zm
54047,161,15,3,0,0,179,gen25zm
54048,158,20,2,0,0,180,gen25zm
54049,155,12,3,1,0,171,gen25zm
54050,197,17,1,0,1,216,gen25zm
54051,194,45,7,0,1,247,gen25zm
54052,149,22,2,1,0,174,gen25zm
54053,183,25,5,1,1,215,gen25zm
54054,140,7,1,0,0,148,gen25zm
54055,117,9,6,0,0,132,gen25zm
54056,137,31,2,0,0,170,gen25zm
54057,127,20,3,1,0,151,gen25zm
54058,5,4,0,1,0,10,gen25zm
54059,0,0,0,0,0,0,Tie
54060,13,4,0,1,0,18,gen25zm
54061,19,15,3,0,0,37,gen25zm
54062,5,5,0,0,0,10,Tie
54063,4,0,0,0,0,4,gen25zm
54064,15,3,0,0,0,18,gen25zm
54065,0,0,0,0,0,0,Tie
55001,231,48,1,2,1,283,gen25zm
55002,175,49,2,0,1,227,gen25zm
55003,132,41,4,3,1,181,gen25zm
55004,10,3,0,1,0,14,gen25zm
55005,134,26,0,1,0,161,gen25zm
55006,120,11,2,0,0,133,gen25zm
55007,180,42,3,1,1,227,gen25zm
55008,84,24,4,0,0,112,gen25zm
55009,121,26,2,0,0,149,gen25zm
55010,103,21,0,1,1,126,gen25zm
55011,88,17,1,0,0,106,gen25zm
55012,142,39,1,2,1,185,gen25zm
55013,84,21,1,1,0,107,gen25zm
55014,90,14,0,0,0,104,gen25zm
55015,66,18,0,0,0,84,gen25zm
55016,64,26,1,0,0,91,gen25zm
55017,10,3,0,0,0,13,gen25zm
55018,1,1,0,0,0,2,Tie
55019,66,22,1,0,0,89,gen25zm
55020,12,4,3,1,0,20,gen25zm
55021,6,5,0,0,0,11,gen25zm
55022,30,19,2,0,2,53,gen25zm
55023,17,11,0,0,1,29,gen25zm
55024,22,6,1,1,1,31,gen25zm
55025,58,38,2,0,0,98,gen25zm
55026,48,41,5,0,0,94,gen25zm
55027,41,36,6,1,0,84,gen25zm
55028,20,23,1,0,0,44,gen25ac
55029,33,28,2,0,0,63,gen25zm
55030,36,17,0,0,0,53,gen25zm
55031,5,1,0,0,0,6,gen25zm
55032,30,23,2,0,1,56,gen25zm
55033,35,32,3,0,1,71,gen25zm
55034,22,5,2,0,0,29,gen25zm
55035,21,17,0,0,0,38,gen25zm
55036,35,29,0,0,0,64,gen25zm
55037,11,6,0,2,0,19,gen25zm
55038,38,40,7,2,2,89,gen25ac
55039,53,23,3,1,2,82,gen25zm
55040,32,24,2,0,0,58,gen25zm
55041,20,16,0,0,2,38,gen25zm
55042,45,22,1,2,1,71,gen25zm
55043,26,18,1,0,0,45,gen25zm
55044,47,18,2,0,1,68,gen25zm
55045,49,35,1,0,0,85,gen25zm
55046,22,12,1,0,0,35,gen25zm
55047,67,49,5,0,0,121,gen25zm
55048,50,40,0,0,2,92,gen25zm
55049,47,32,3,2,0,84,gen25zm
55050,59,27,3,0,0,89,gen25zm
55051,113,37,2,0,1,153,gen25zm
55052,112,60,1,0,0,173,gen25zm
55053,116,38,0,0,0,154,gen25zm
55054,36,10,1,0,0,47,gen25zm
55055,28,19,2,0,0,49,gen25zm
55056,94,42,2,0,1,139,gen25zm
55057,122,46,2,0,2,172,gen25zm
55058,0,0,1,0,0,1,gen25cs
55059,89,21,1,1,1,113,gen25zm
55060,89,23,1,0,0,113,gen25zm
55061,86,25,0,0,1,112,gen25zm
55062,41,14,0,0,0,55,gen25zm
55063,61,19,1,0,0,81,gen25zm
55064,54,48,1,0,0,103,gen25zm
55065,0,0,0,0,0,0,Tie
55066,4,1,0,0,0,5,gen25zm
56001,48,38,3,1,0,90,gen25zm
56002,55,40,3,1,2,101,gen25zm
56003,76,78,2,6,1,163,gen25ac
56004,107,39,5,1,1,153,gen25zm
56005,48,47,1,1,0,97,gen25zm
56006,34,26,0,1,0,61,gen25zm
56007,31,33,5,1,0,70,gen25ac
56008,163,33,4,0,1,201,gen25zm
56009,224,24,3,0,3,254,gen25zm
56010,184,33,6,1,0,224,gen25zm
56011,249,25,4,2,0,280,gen25zm
56012,274,16,4,0,1,295,gen25zm
56013,148,23,0,0,0,171,gen25zm
56014,224,23,0,0,1,248,gen25zm
56015,37,14,0,0,0,51,gen25zm
56016,119,16,4,0,2,141,gen25zm
56017,173,23,2,0,0,198,gen25zm
56018,23,2,0,0,0,25,gen25zm
56019,195,26,3,0,0,224,gen25zm
56020,319,33,4,0,2,358,gen25zm
56021,224,43,1,2,2,272,gen25zm
56022,159,22,5,0,2,188,gen25zm
56023,166,23,3,1,0,193,gen25zm
56024,168,26,1,1,2,198,gen25zm
56025,274,14,0,0,1,289,gen25zm
56026,118,20,5,1,0,144,gen25zm
56027,289,21,4,2,0,316,gen25zm
56028,213,43,3,2,2,263,gen25zm
56029,259,31,5,1,3,299,gen25zm
56030,207,24,3,0,0,234,gen25zm
56031,160,14,1,0,1,176,gen25zm
56032,212,13,2,0,1,228,gen25zm
56033,209,27,1,0,0,237,gen25zm
56034,136,37,1,2,0,176,gen25zm
56035,218,27,4,1,1,251,gen25zm
56036,172,16,1,0,0,189,gen25zm
56037,233,19,0,0,3,255,gen25zm
56038,247,23,5,0,0,275,gen25zm
56039,229,37,2,0,2,270,gen25zm
56040,241,52,4,1,4,302,gen25zm
56041,245,29,3,1,1,279,gen25zm
56042,185,51,1,0,0,237,gen25zm
56043,237,55,2,2,4,300,gen25zm
56044,203,26,1,0,2,232,gen25zm
56045,168,31,0,1,1,201,gen25zm
56046,185,16,5,0,0,206,gen25zm
56047,220,34,0,0,1,255,gen25zm
56048,231,42,2,0,2,277,gen25zm
56049,264,25,0,0,1,290,gen25zm
56050,267,26,1,1,1,296,gen25zm
56051,24,13,2,1,1,41,gen25zm
56052,58,13,2,0,0,73,gen25zm
56053,188,10,0,0,0,198,gen25zm
56054,89,12,2,0,0,103,gen25zm
56055,130,22,1,2,1,156,gen25zm
56056,283,47,8,3,3,344,gen25zm
56057,25,6,0,0,0,31,gen25zm
56058,270,22,2,0,0,294,gen25zm
56059,146,9,5,0,0,160,gen25zm
56060,116,13,1,0,0,130,gen25zm
56061,130,14,3,2,0,149,gen25zm
56062,126,48,3,1,1,179,gen25zm
56063,223,18,5,1,3,250,gen25zm
56064,117,31,2,0,1,151,gen25zm
56065,93,18,4,0,2,117,gen25zm
56066,42,3,1,1,1,48,gen25zm
56067,27,10,2,0,0,39,gen25zm
56068,70,16,2,0,0,88,gen25zm
56069,171,16,1,1,0,189,gen25zm
56070,46,2,1,0,0,49,gen25zm
57001,41,15,4,0,0,60,gen25zm
57002,36,23,0,1,0,60,gen25zm
57003,28,20,1,1,0,50,gen25zm
57004,37,32,4,2,0,75,gen25zm
57005,19,13,3,0,0,35,gen25zm
57006,23,10,2,0,1,36,gen25zm
57007,15,15,1,0,0,31,Tie
57008,365,41,9,4,1,420,gen25zm
57009,353,33,2,0,2,390,gen25zm
57010,459,78,9,1,2,549,gen25zm
57011,440,96,12,0,3,551,gen25zm
57012,42,3,0,0,0,45,gen25zm
57013,42,56,3,2,0,103,gen25ac
57014,52,28,0,0,1,81,gen25zm
57015,239,79,2,0,2,322,gen25zm
57016,359,35,6,0,3,403,gen25zm
57017,389,45,2,2,1,439,gen25zm
57018,156,43,3,0,3,205,gen25zm
57019,340,35,1,0,10,386,gen25zm
57020,402,60,4,1,2,469,gen25zm
57021,341,51,1,0,3,396,gen25zm
57022,430,61,1,0,2,494,gen25zm
57023,465,66,6,2,2,541,gen25zm
57024,210,16,1,0,0,227,gen25zm
57025,133,34,2,0,1,170,gen25zm
57026,130,17,1,1,1,150,gen25zm
57027,448,72,4,3,5,532,gen25zm
57028,167,29,3,2,3,204,gen25zm
57029,411,63,3,0,3,480,gen25zm
57030,323,174,10,1,4,512,gen25zm
57031,38,43,3,1,0,85,gen25ac
57032,257,25,2,0,0,284,gen25zm
57033,311,28,5,0,0,344,gen25zm
57034,368,31,1,2,2,404,gen25zm
57035,219,16,4,0,0,239,gen25zm
57036,218,20,4,1,1,244,gen25zm
57037,262,30,0,0,3,295,gen25zm
57038,251,8,0,0,3,262,gen25zm
57039,197,14,2,0,0,213,gen25zm
57040,188,18,0,0,1,207,gen25zm
57041,191,10,1,0,1,203,gen25zm
57042,199,18,4,0,0,221,gen25zm
57043,503,77,7,2,7,596,gen25zm
57044,361,49,6,0,2,418,gen25zm
57045,326,37,3,1,1,368,gen25zm
57046,202,29,1,0,2,234,gen25zm
57047,320,17,0,0,3,340,gen25zm
57048,284,24,2,0,0,310,gen25zm
57049,299,27,3,0,1,330,gen25zm
57050,188,14,2,0,0,204,gen25zm
57051,319,19,1,1,1,341,gen25zm
57052,277,16,2,1,0,296,gen25zm
57053,203,20,0,1,1,225,gen25zm
57054,274,19,1,0,0,294,gen25zm
57055,355,21,2,1,2,381,gen25zm
57056,359,31,2,1,2,395,gen25zm
57057,395,58,3,2,3,461,gen25zm
57058,271,24,2,0,2,299,gen25zm
57059,328,34,1,1,2,366,gen25zm
57060,461,58,4,0,3,526,gen25zm
57061,431,71,4,1,2,509,gen25zm
57062,273,37,5,1,0,316,gen25zm
57063,367,61,1,1,1,431,gen25zm
57064,134,30,4,0,1,169,gen25zm
57065,128,39,4,1,1,173,gen25zm
57066,186,40,2,0,2,230,gen25zm
57067,14,3,0,0,0,17,gen25zm
57068,129,7,1,0,2,139,gen25zm
57069,58,5,2,0,0,65,gen25zm
57070,235,41,2,0,0,278,gen25zm
57071,27,23,1,2,0,53,gen25zm
57072,121,9,0,0,0,130,gen25zm
57073,400,43,4,1,1,449,gen25zm
57074,273,46,4,0,1,324,gen25zm
57075,12,0,0,0,0,12,gen25zm
57076,6,0,0,0,0,6,gen25zm
57077,0,0,0,0,0,0,Tie
57078,0,0,0,0,0,0,Tie
57079,0,0,0,0,0,0,Tie
57080,0,0,0,0,0,0,Tie
57081,0,0,0,0,0,0,Tie
58001,52,38,1,0,0,91,gen25zm
58002,46,30,2,1,1,80,gen25zm
58003,60,36,2,1,0,99,gen25zm
58004,47,32,0,0,1,80,gen25zm
58005,73,45,3,0,0,121,gen25zm
58006,73,68,4,0,0,145,gen25zm
58007,71,67,1,0,0,139,gen25zm
58008,64,25,2,0,0,91,gen25zm
58009,79,70,1,0,1,151,gen25zm
58010,90,58,1,0,2,151,gen25zm
58011,161,122,5,1,1,290,gen25zm
58012,69,57,2,0,1,129,gen25zm
58013,47,42,1,1,0,91,gen25zm
58014,38,20,2,1,0,61,gen25zm
58015,67,40,1,0,1,109,gen25zm
58016,50,44,7,0,1,102,gen25zm
58017,64,26,2,1,0,93,gen25zm
58018,111,92,4,3,2,212,gen25zm
58019,28,26,0,0,0,54,gen25zm
58020,31,33,2,0,0,66,gen25ac
58021,61,50,4,0,0,115,gen25zm
58022,13,24,0,0,0,37,gen25ac
58023,55,30,4,0,0,89,gen25zm
58024,1,1,0,0,0,2,Tie
58025,91,37,0,0,0,128,gen25zm
58026,86,48,1,2,0,137,gen25zm
58027,96,54,0,1,0,151,gen25zm
58028,87,75,2,1,2,167,gen25zm
58029,62,30,1,1,0,94,gen25zm
58030,41,28,0,0,0,69,gen25zm
58031,36,55,1,1,0,93,gen25ac
58032,71,67,1,2,0,141,gen25zm
58033,94,68,5,0,5,172,gen25zm
58034,95,36,2,0,0,133,gen25zm
58035,82,55,0,2,1,140,gen25zm
58036,78,28,0,1,2,109,gen25zm
58037,116,42,6,0,1,165,gen25zm
58038,72,30,6,0,0,108,gen25zm
58039,80,35,2,0,0,117,gen25zm
58040,95,37,4,1,0,137,gen25zm
58041,99,49,3,0,1,152,gen25zm
58042,88,51,7,2,3,151,gen25zm
58043,73,32,2,0,3,110,gen25zm
58044,73,44,1,0,0,118,gen25zm
58045,36,16,1,0,0,53,gen25zm
58046,28,15,1,0,1,45,gen25zm
58047,4,4,0,0,0,8,Tie
58048,19,32,4,0,0,55,gen25ac
58049,62,39,1,0,0,102,gen25zm
58050,33,20,4,1,0,58,gen25zm
58051,40,32,0,1,0,73,gen25zm
58052,60,39,1,1,2,103,gen25zm
58053,46,42,4,1,0,93,gen25zm
58054,17,6,1,0,0,24,gen25zm
58055,42,17,0,0,0,59,gen25zm
58056,45,42,1,0,0,88,gen25zm
58057,89,61,6,0,0,156,gen25zm
58058,65,50,3,0,0,118,gen25zm
58059,96,76,6,1,1,180,gen25zm
58060,102,69,5,0,0,176,gen25zm
58061,48,22,1,0,0,71,gen25zm
58062,69,65,10,0,2,146,gen25zm
58063,91,64,3,0,0,158,gen25zm
58064,15,11,0,0,0,26,gen25zm
58065,0,0,0,0,0,0,Tie
58066,0,0,0,0,0,0,Tie
58067,0,0,0,0,0,0,Tie
59001,18,14,2,0,0,34,gen25zm
59002,49,52,4,0,0,105,gen25ac
59003,107,52,4,0,1,164,gen25zm
59004,78,57,8,1,0,144,gen25zm
59005,66,47,8,1,0,122,gen25zm
59006,106,74,4,1,0,185,gen25zm
59007,136,81,5,1,1,224,gen25zm
59008,112,90,2,1,0,205,gen25zm
59009,141,79,3,1,1,225,gen25zm
59010,73,49,13,1,2,138,gen25zm
59011,86,57,6,0,0,149,gen25zm
59012,132,76,8,0,1,217,gen25zm
59013,110,77,11,0,1,199,gen25zm
59014,82,43,7,3,1,136,gen25zm
59015,54,31,2,0,0,87,gen25zm
59016,92,39,3,0,0,134,gen25zm
59017,145,73,3,0,3,224,gen25zm
59018,134,78,8,1,0,221,gen25zm
59019,126,87,5,2,1,221,gen25zm
59020,90,69,4,1,0,164,gen25zm
59021,99,87,3,0,1,190,gen25zm
59022,121,64,6,1,1,193,gen25zm
59023,32,22,1,0,0,55,gen25zm
59024,18,13,3,0,0,34,gen25zm
59025,13,12,11,0,0,36,gen25zm
59026,43,25,1,0,0,69,gen25zm
59027,70,33,3,0,0,106,gen25zm
59028,53,33,3,0,3,92,gen25zm
59029,101,73,9,2,1,186,gen25zm
59030,99,53,7,1,0,160,gen25zm
59031,30,27,8,0,0,65,gen25zm
59032,90,66,8,0,1,165,gen25zm
59033,111,104,32,2,1,250,gen25zm
59034,95,48,16,1,1,161,gen25zm
59035,46,16,2,0,1,65,gen25zm
59036,108,80,16,1,1,206,gen25zm
59037,105,106,26,0,1,238,gen25ac
59038,109,80,39,1,1,230,gen25zm
59039,140,134,30,3,0,307,gen25zm
59040,5,41,11,0,0,57,gen25ac
59041,62,70,23,0,0,155,gen25ac
59042,34,119,28,0,1,182,gen25ac
59043,75,135,24,0,0,234,gen25ac
59044,19,83,40,1,0,143,gen25ac
59045,80,138,53,0,1,272,gen25ac
59046,43,171,55,0,0,269,gen25ac
59047,18,259,25,0,0,302,gen25ac
59048,14,304,43,1,1,363,gen25ac
59049,21,296,43,0,0,360,gen25ac
59050,19,170,67,0,1,257,gen25ac
59051,29,156,28,1,0,214,gen25ac
59052,62,166,59,1,0,288,gen25ac
59053,53,205,72,1,0,331,gen25ac
59054,45,124,80,0,2,251,gen25ac
59055,77,148,82,0,1,308,gen25ac
59056,73,217,97,0,2,389,gen25ac
59057,93,176,91,2,2,364,gen25ac
59058,31,47,25,0,5,108,gen25ac
59059,2,15,12,0,0,29,gen25ac
59060,11,40,34,0,0,85,gen25ac
59061,1,2,0,0,0,3,gen25ac
59062,0,0,0,0,0,0,Tie
59063,13,11,3,1,0,28,gen25zm
59064,3,2,0,0,0,5,gen25zm
59065,18,25,26,0,1,70,gen25cs
59066,16,30,36,1,2,85,gen25cs
59067,0,0,0,0,0,0,Tie
59068,0,0,0,0,0,0,Tie
59069,0,0,0,0,0,0,Tie
59070,0,0,0,0,0,0,Tie
60001,28,28,3,0,2,61,Tie
60002,18,25,2,0,0,45,gen25ac
60003,11,7,2,0,3,23,gen25zm
60004,49,29,1,1,1,81,gen25zm
60005,34,13,1,0,0,48,gen25zm
60006,104,79,6,0,1,190,gen25zm
60007,134,109,8,4,2,257,gen25zm
60008,45,38,3,1,0,87,gen25zm
60009,55,47,5,2,1,110,gen25zm
60010,56,56,2,2,2,118,Tie
60011,15,25,2,0,0,42,gen25ac
60012,18,14,0,0,0,32,gen25zm
60013,22,19,0,0,0,41,gen25zm
60014,104,76,11,2,0,193,gen25zm
60015,59,34,0,2,1,96,gen25zm
60016,84,42,6,0,0,132,gen25zm
60017,60,49,5,1,0,115,gen25zm
60018,50,35,6,1,1,93,gen25zm
60019,60,60,3,1,0,124,Tie
60020,26,36,2,1,0,65,gen25ac
60021,92,74,4,1,4,175,gen25zm
60022,17,17,1,1,0,36,Tie
60023,55,48,1,2,0,106,gen25zm
60024,51,33,2,2,0,88,gen25zm
60025,43,64,4,0,3,114,gen25ac
60026,70,46,4,1,1,122,gen25zm
60027,31,18,1,0,1,51,gen25zm
60028,91,56,5,0,0,152,gen25zm
60029,35,27,1,0,0,63,gen25zm
60030,65,32,1,1,1,100,gen25zm
60031,58,40,2,0,0,100,gen25zm
60032,17,15,1,0,0,33,gen25zm
60033,11,9,0,0,0,20,gen25zm
60034,15,14,0,0,0,29,gen25zm
60035,62,39,3,2,2,108,gen25zm
60036,54,33,3,1,1,92,gen25zm
60037,79,65,1,4,0,149,gen25zm
60038,87,45,4,0,0,136,gen25zm
60039,48,29,2,0,3,82,gen25zm
60040,22,12,3,2,0,39,gen25zm
60041,13,11,1,1,0,26,gen25zm
60042,26,18,2,1,0,47,gen25zm
60043,63,32,2,1,0,98,gen25zm
60044,31,20,4,0,0,55,gen25zm
60045,42,18,0,0,0,60,gen25zm
60046,49,39,6,0,0,94,gen25zm
60047,8,3,1,0,0,12,gen25zm
60048,24,11,0,0,0,35,gen25zm
60049,18,10,1,1,1,31,gen25zm
60050,28,19,2,0,1,50,gen25zm
60051,45,31,1,0,1,78,gen25zm
60052,75,56,2,2,1,136,gen25zm
60053,58,48,8,0,0,114,gen25zm
60054,34,24,1,2,0,61,gen25zm
60055,65,54,4,1,2,126,gen25zm
60056,45,28,4,1,2,80,gen25zm
60057,39,27,6,0,0,72,gen25zm
60058,62,48,2,0,0,112,gen25zm
60059,6,3,0,0,0,9,gen25zm
60060,1,3,0,1,0,5,gen25ac
60061,0,0,0,0,0,0,Tie
60062,94,66,2,2,0,164,gen25zm
60063,16,2,5,0,0,23,gen25zm
60064,0,0,0,0,0,0,Tie
61001,96,48,5,1,0,150,gen25zm
61002,104,77,13,0,1,195,gen25zm
61003,47,25,0,0,0,72,gen25zm
61004,77,42,7,3,0,129,gen25zm
61005,112,106,55,0,3,276,gen25zm
61006,41,31,7,0,2,81,gen25zm
61007,99,75,34,1,1,210,gen25zm
61008,147,67,25,0,2,241,gen25zm
61009,110,84,22,0,1,217,gen25zm
61010,75,33,19,0,1,128,gen25zm
61011,114,104,26,0,1,245,gen25zm
61012,96,58,13,0,0,167,gen25zm
61013,96,65,15,0,2,178,gen25zm
61014,43,23,12,0,1,79,gen25zm
61015,71,23,4,0,0,98,gen25zm
61016,71,23,10,1,0,105,gen25zm
61017,66,127,61,1,1,256,gen25ac
61018,67,30,11,4,2,114,gen25zm
61019,79,53,20,0,2,154,gen25zm
61020,94,60,31,0,2,187,gen25zm
61021,121,85,43,0,1,250,gen25zm
61022,164,151,58,1,1,375,gen25zm
61023,77,51,12,0,3,143,gen25zm
61024,48,25,10,1,1,85,gen25zm
61025,52,32,24,0,3,111,gen25zm
61026,74,162,87,1,2,326,gen25ac
61027,41,115,59,1,2,218,gen25ac
61028,59,48,34,0,0,141,gen25zm
61029,82,47,21,0,0,150,gen25zm
61030,83,32,12,2,0,129,gen25zm
61031,110,106,58,1,1,276,gen25zm
61032,107,98,46,0,3,254,gen25zm
61033,100,64,38,2,0,204,gen25zm
61034,88,73,18,1,0,180,gen25zm
61035,99,54,28,2,3,186,gen25zm
61036,69,41,24,1,1,136,gen25zm
61037,95,55,20,0,4,174,gen25zm
61038,114,72,44,2,0,232,gen25zm
61039,84,57,36,0,1,178,gen25zm
61040,83,205,136,0,0,424,gen25ac
61041,86,167,126,1,0,380,gen25ac
61042,55,235,138,1,2,431,gen25ac
61043,78,188,99,0,1,366,gen25ac
61044,50,167,81,0,2,300,gen25ac
61045,36,52,39,0,1,128,gen25ac
61046,37,74,31,0,1,143,gen25ac
61047,16,4,3,0,0,23,gen25zm
61048,33,40,20,0,0,93,gen25ac
61049,0,0,0,0,0,0,Tie
61050,0,0,0,0,0,0,Tie
61051,0,0,0,0,0,0,Tie
61052,0,0,0,0,0,0,Tie
61060,128,120,17,0,2,267,gen25zm
61061,103,151,6,0,1,261,gen25ac
61062,123,138,9,1,4,275,gen25ac
61063,173,240,28,0,2,443,gen25ac
61064,110,126,16,0,4,256,gen25ac
61065,129,249,12,0,3,393,gen25ac
61066,84,260,8,0,2,354,gen25ac
61067,174,115,23,1,2,315,gen25zm
61068,224,179,12,1,1,417,gen25zm
61069,0,0,0,0,0,0,Tie
61070,0,0,0,0,0,0,Tie
61071,0,0,0,0,0,0,Tie
61072,0,0,0,0,0,0,Tie
61073,0,0,0,0,0,0,Tie
61074,0,0,0,0,0,0,Tie
61100,2,0,0,0,0,2,gen25zm
61101,0,0,0,0,0,0,Tie
61102,0,0,0,0,0,0,Tie
61103,0,0,0,0,0,0,Tie
61104,0,0,0,0,0,0,Tie
61105,0,0,0,0,0,0,Tie
61106,0,0,0,0,0,0,Tie
61107,0,0,0,0,0,0,Tie
61108,0,0,0,0,0,0,Tie
61109,0,0,0,0,0,0,Tie
61110,0,0,0,0,0,0,Tie
61111,0,0,0,0,0,0,Tie
61112,0,0,0,0,0,0,Tie
61113,0,0,0,0,0,0,Tie
61114,0,0,0,0,0,0,Tie
62001,24,216,152,0,3,395,gen25ac
62002,36,226,165,0,2,429,gen25ac
62003,43,131,119,0,0,293,gen25ac
62004,40,204,155,0,0,399,gen25ac
62005,40,185,158,0,0,383,gen25ac
62006,33,166,153,0,1,353,gen25ac
62007,40,179,132,0,2,353,gen25ac
62008,38,190,121,0,0,349,gen25ac
62009,34,283,151,2,0,470,gen25ac
62010,51,240,134,0,0,425,gen25ac
62011,57,225,93,1,1,377,gen25ac
62012,34,212,86,1,0,333,gen25ac
62013,46,218,166,0,1,431,gen25ac
62014,44,273,101,0,0,418,gen25ac
62015,38,250,138,0,2,428,gen25ac
62016,38,240,164,0,0,442,gen25ac
62017,34,184,174,0,3,395,gen25ac
62018,43,235,158,2,1,439,gen25ac
62019,55,276,204,1,0,536,gen25ac
62020,50,233,134,0,0,417,gen25ac
62021,49,252,161,1,3,466,gen25ac
62022,42,206,156,0,1,405,gen25ac
62023,34,185,138,0,0,357,gen25ac
62024,29,190,106,1,6,332,gen25ac
62025,36,219,119,1,1,376,gen25ac
62026,46,215,124,1,2,388,gen25ac
62027,42,213,86,0,0,341,gen25ac
62028,38,144,75,0,1,258,gen25ac
62029,54,163,93,0,0,310,gen25ac
62030,55,181,102,2,3,343,gen25ac
62031,47,125,59,0,0,231,gen25ac
62032,45,189,114,0,1,349,gen25ac
62033,18,160,80,0,0,258,gen25ac
62034,37,182,107,0,1,327,gen25ac
62035,8,33,24,0,0,65,gen25ac
62036,34,198,107,0,2,341,gen25ac
62037,38,109,81,0,0,228,gen25ac
62038,41,204,104,0,1,350,gen25ac
62039,28,254,114,0,0,396,gen25ac
62040,29,271,134,0,0,434,gen25ac
62041,37,249,138,1,2,427,gen25ac
62042,43,247,119,0,0,409,gen25ac
62043,40,244,153,0,1,438,gen25ac
62044,74,118,94,0,2,288,gen25ac
62045,55,200,90,1,3,349,gen25ac
62046,53,243,170,0,4,470,gen25ac
62047,59,180,95,1,3,338,gen25ac
62048,34,259,136,1,2,432,gen25ac
62049,31,231,114,0,1,377,gen25ac
62050,39,173,128,0,0,340,gen25ac
62051,26,137,98,1,0,262,gen25ac
62052,47,179,109,0,3,338,gen25ac
62053,37,187,123,1,0,348,gen25ac
62054,38,188,100,0,0,326,gen25ac
62055,31,172,83,0,0,286,gen25ac
62056,48,151,86,2,2,289,gen25ac
62057,25,39,36,0,0,100,gen25ac
62058,34,82,46,0,0,162,gen25ac
62059,23,154,57,0,2,236,gen25ac
62060,39,176,101,1,3,320,gen25ac
62061,63,167,85,0,0,315,gen25ac
62062,24,174,143,0,0,341,gen25ac
62063,0,0,0,0,0,0,Tie
62064,0,0,0,0,0,0,Tie
62065,0,0,0,0,0,0,Tie
63001,94,74,23,7,5,203,gen25zm
63002,90,42,19,0,2,153,gen25zm
63003,39,39,30,0,0,108,Tie
63004,59,69,35,0,0,163,gen25ac
63005,74,85,44,1,1,205,gen25ac
63006,91,110,76,0,1,278,gen25ac
63007,33,109,48,0,1,191,gen25ac
63008,19,38,24,0,0,81,gen25ac
63009,13,49,19,0,0,81,gen25ac
63010,85,98,28,1,1,213,gen25ac
63011,67,71,50,0,0,188,gen25ac
63012,41,65,26,0,0,132,gen25ac
63013,57,30,2,0,0,89,gen25zm
63014,107,197,94,0,1,399,gen25ac
63015,74,144,63,1,2,284,gen25ac
63016,123,147,87,2,2,361,gen25ac
63017,53,203,94,2,1,353,gen25ac
63018,80,221,94,0,1,396,gen25ac
63019,29,84,45,0,1,159,gen25ac
63020,31,52,31,0,0,114,gen25ac
63021,32,90,39,0,1,162,gen25ac
63022,3,7,7,0,0,17,Tie
63023,60,85,42,1,1,189,gen25ac
63024,111,136,39,0,0,286,gen25ac
63025,10,202,16,1,0,229,gen25ac
63026,34,210,23,2,2,271,gen25ac
63027,73,110,54,1,0,238,gen25ac
63028,79,165,93,3,4,344,gen25ac
63029,79,194,106,0,0,379,gen25ac
63030,46,194,117,0,1,358,gen25ac
63031,94,176,85,0,1,356,gen25ac
63032,72,204,125,1,2,404,gen25ac
63033,44,132,69,0,3,248,gen25ac
63034,56,135,55,3,3,252,gen25ac
63035,102,173,72,3,0,350,gen25ac
63036,89,54,13,2,1,159,gen25zm
63037,89,44,13,0,0,146,gen25zm
63038,24,16,3,0,0,43,gen25zm
63039,67,45,14,1,0,127,gen25zm
63040,80,42,12,0,2,136,gen25zm
63041,49,47,24,2,2,124,gen25zm
63042,73,110,56,0,1,240,gen25ac
63043,50,71,31,0,0,152,gen25ac
63044,75,193,61,1,1,331,gen25ac
63045,58,140,64,1,0,263,gen25ac
63046,41,124,82,0,1,248,gen25ac
63047,72,125,48,0,1,246,gen25ac
63048,47,77,50,0,0,174,gen25ac
63049,56,136,51,0,1,244,gen25ac
63050,4,6,7,0,0,17,gen25cs
63051,54,101,81,0,1,237,gen25ac
63052,80,215,123,1,0,419,gen25ac
63053,94,86,56,0,2,238,gen25zm
63054,76,179,69,0,2,326,gen25ac
63055,27,151,78,0,1,257,gen25ac
63056,78,179,76,1,0,334,gen25ac
63057,63,158,76,0,1,298,gen25ac
63058,61,124,70,1,0,256,gen25ac
63059,55,198,66,1,0,320,gen25ac
63060,38,258,28,1,0,325,gen25ac
63061,49,168,75,0,0,292,gen25ac
63062,52,132,63,0,0,247,gen25ac
63063,37,110,57,0,2,206,gen25ac
63064,54,156,65,0,3,278,gen25ac
63065,30,124,50,0,1,205,gen25ac
63066,54,109,79,0,2,244,gen25ac
63067,54,54,50,0,0,158,Tie
63068,47,129,87,0,1,264,gen25ac
63069,135,189,78,0,2,404,gen25ac
63070,0,0,0,0,0,0,Tie
63071,0,0,0,0,0,0,Tie
63072,0,0,0,0,0,0,Tie
63073,0,0,0,0,0,0,Tie
63074,0,0,0,0,0,0,Tie
63075,0,0,0,0,0,0,Tie
63076,0,0,0,0,0,0,Tie
64001,54,215,125,0,3,397,gen25ac
64002,47,247,137,0,5,436,gen25ac
64003,52,249,164,1,4,470,gen25ac
64004,53,154,74,0,0,281,gen25ac
64005,44,212,167,0,1,424,gen25ac
64006,46,227,123,0,0,396,gen25ac
64007,44,122,73,0,3,242,gen25ac
64008,44,132,109,0,2,287,gen25ac
64009,43,220,122,0,1,386,gen25ac
64010,37,141,80,0,0,258,gen25ac
64011,61,154,105,0,1,321,gen25ac
64012,68,136,91,0,2,297,gen25ac
64013,55,137,95,1,1,289,gen25ac
64014,56,139,96,2,0,293,gen25ac
64015,79,193,108,0,2,382,gen25ac
64016,58,241,126,0,3,428,gen25ac
64017,55,221,139,0,1,416,gen25ac
64018,66,238,120,1,1,426,gen25ac
64019,49,95,34,1,0,179,gen25ac
64020,2,4,0,0,0,6,gen25ac
64021,49,180,35,0,0,264,gen25ac
64022,41,117,71,1,0,230,gen25ac
64023,47,95,55,1,0,198,gen25ac
64024,55,132,96,0,2,285,gen25ac
64025,37,119,61,0,1,218,gen25ac
64026,18,16,16,0,0,50,gen25zm
64027,47,86,44,0,1,178,gen25ac
64028,70,94,64,0,1,229,gen25ac
64029,42,91,43,0,0,176,gen25ac
64030,25,64,39,0,1,129,gen25ac
64031,48,84,62,0,0,194,gen25ac
64032,50,131,75,0,0,256,gen25ac
64033,53,133,67,0,1,254,gen25ac
64034,66,148,59,0,1,274,gen25ac
64035,28,113,34,0,0,175,gen25ac
64036,75,156,79,1,2,313,gen25ac
64037,78,194,82,1,0,355,gen25ac
64038,36,113,50,0,0,199,gen25ac
64039,53,219,81,0,3,356,gen25ac
64040,27,45,28,0,3,103,gen25ac
64041,67,114,78,0,0,259,gen25ac
64042,35,110,55,0,2,202,gen25ac
64043,52,125,81,1,1,260,gen25ac
64044,63,142,65,2,3,275,gen25ac
64045,98,148,73,0,3,322,gen25ac
64046,64,65,39,1,1,170,gen25ac
64047,40,87,54,0,3,184,gen25ac
64048,26,61,58,0,1,146,gen25ac
64049,32,124,46,0,0,202,gen25ac
64050,19,66,46,0,3,134,gen25ac
64051,12,18,6,0,1,37,gen25ac
64052,0,0,0,0,0,0,Tie
64053,0,0,0,0,0,0,Tie
64054,0,0,0,0,0,0,Tie
64055,0,0,0,0,0,0,Tie
64056,0,0,0,0,0,0,Tie
64057,0,0,0,0,0,0,Tie
64058,0,0,0,0,0,0,Tie
64059,0,0,0,0,0,0,Tie
64060,0,0,0,0,0,0,Tie
64061,0,0,0,0,0,0,Tie
64075,148,108,40,0,4,300,gen25zm
64076,42,15,6,0,0,63,gen25zm
64077,90,47,12,2,2,153,gen25zm
64078,79,20,22,0,0,121,gen25zm
64079,76,41,5,0,3,125,gen25zm
64080,111,45,35,0,5,196,gen25zm
64081,201,105,51,0,2,359,gen25zm
64082,124,152,45,0,3,324,gen25ac
64083,204,190,77,1,2,474,gen25zm
64084,98,221,70,0,2,391,gen25ac
64085,79,104,34,0,1,218,gen25ac
64086,73,215,58,0,1,347,gen25ac
64087,57,21,7,0,0,85,gen25zm
64088,0,0,0,0,0,0,Tie
64089,0,0,0,0,0,0,Tie
64090,0,0,0,0,0,0,Tie
65001,191,150,19,1,2,363,gen25zm
65002,151,156,5,1,5,318,gen25ac
65003,210,193,19,1,2,425,gen25zm
65004,183,160,7,0,0,350,gen25zm
65005,160,98,7,0,3,268,gen25zm
65006,184,107,7,0,3,301,gen25zm
65007,218,260,88,0,4,570,gen25ac
65008,161,211,47,0,2,421,gen25ac
65009,181,138,8,1,4,332,gen25zm
65010,177,100,11,1,3,292,gen25zm
65011,83,72,8,0,0,163,gen25zm
65012,48,72,27,1,3,151,gen25ac
65013,83,49,11,2,0,145,gen25zm
65014,43,11,9,0,0,63,gen25zm
65015,103,108,29,0,2,242,gen25ac
65016,51,112,43,0,0,206,gen25ac
65017,127,48,21,1,1,198,gen25zm
65018,80,84,25,2,2,193,gen25ac
65019,144,163,39,1,4,351,gen25ac
65020,119,53,9,0,0,181,gen25zm
65021,140,45,17,0,3,205,gen25zm
65022,60,41,3,0,1,105,gen25zm
65023,76,39,6,0,1,122,gen25zm
65024,37,27,4,0,0,68,gen25zm
65025,87,26,4,0,0,117,gen25zm
65026,130,142,28,1,2,303,gen25ac
65027,87,44,7,0,1,139,gen25zm
65028,136,90,5,1,2,234,gen25zm
65029,242,112,16,1,3,374,gen25zm
65030,60,51,6,0,2,119,gen25zm
65031,118,52,6,0,1,177,gen25zm
65032,118,45,11,0,1,175,gen25zm
65033,173,108,13,0,0,294,gen25zm
65034,107,19,6,0,1,133,gen25zm
65035,305,84,14,0,4,407,gen25zm
65036,81,50,4,0,0,135,gen25zm
65037,18,12,3,0,0,33,gen25zm
65038,47,18,4,0,0,69,gen25zm
65039,60,9,2,1,0,72,gen25zm
65040,224,61,14,1,0,300,gen25zm
65041,191,39,8,0,0,238,gen25zm
65042,90,24,6,0,0,120,gen25zm
65043,145,37,3,0,1,186,gen25zm
65044,94,49,6,1,2,152,gen25zm
65045,139,117,10,0,2,268,gen25zm
65046,173,116,16,1,3,309,gen25zm
65047,83,67,18,1,1,170,gen25zm
65048,75,42,14,1,1,133,gen25zm
65049,120,37,5,0,1,163,gen25zm
65050,111,33,6,1,0,151,gen25zm
65051,97,28,6,1,0,132,gen25zm
65052,161,28,3,0,1,193,gen25zm
65053,145,28,8,1,1,183,gen25zm
65054,134,27,7,0,0,168,gen25zm
65055,77,30,7,0,0,114,gen25zm
65056,16,21,4,0,0,41,gen25ac
65057,308,51,11,1,2,373,gen25zm
65058,203,43,4,1,0,251,gen25zm
65059,229,52,10,0,0,291,gen25zm
65060,247,43,3,0,2,295,gen25zm
65061,83,23,8,1,1,116,gen25zm
65062,49,25,7,0,0,81,gen25zm
65063,42,31,7,0,1,81,gen25zm
65064,223,42,13,1,5,284,gen25zm
65065,24,17,6,0,0,47,gen25zm
65066,32,23,4,0,0,59,gen25zm
65067,60,26,1,0,1,88,gen25zm
65068,0,0,0,0,0,0,Tie
65069,0,0,0,0,0,0,Tie
65070,0,0,0,0,0,0,Tie
65071,0,0,0,0,0,0,Tie
66001,2,0,0,0,0,2,gen25zm
66002,200,108,12,0,2,322,gen25zm
66003,198,93,5,0,3,299,gen25zm
66004,268,248,10,1,5,532,gen25zm
66005,116,161,7,0,1,285,gen25ac
66006,139,195,10,0,2,346,gen25ac
66007,134,128,5,0,0,267,gen25zm
66008,150,175,9,1,6,341,gen25ac
66009,109,97,1,0,2,209,gen25zm
66010,178,145,9,0,2,334,gen25zm
66011,147,152,9,0,1,309,gen25ac
66012,185,271,10,0,3,469,gen25ac
66013,104,164,9,0,1,278,gen25ac
66014,168,102,4,0,2,276,gen25zm
66015,184,137,7,0,2,330,gen25zm
66016,242,179,8,0,4,433,gen25zm
66017,133,107,7,0,2,249,gen25zm
66018,176,116,12,0,2,306,gen25zm
66019,219,114,9,0,2,344,gen25zm
66020,188,159,14,0,1,362,gen25zm
66021,187,248,12,0,2,449,gen25ac
66022,31,17,1,0,0,49,gen25zm
66023,202,222,4,0,4,432,gen25ac
66024,178,218,4,0,1,401,gen25ac
66025,127,199,11,0,1,338,gen25ac
66026,121,111,4,0,4,240,gen25zm
66027,103,80,4,0,1,188,gen25zm
66028,147,136,6,0,4,293,gen25zm
66029,157,104,6,0,3,270,gen25zm
66030,143,76,6,0,0,225,gen25zm
66031,219,120,22,0,4,365,gen25zm
66032,240,159,15,0,2,416,gen25zm
66033,119,93,7,0,1,220,gen25zm
66034,125,86,4,0,1,216,gen25zm
66035,110,132,3,0,1,246,gen25ac
66036,145,132,3,1,5,286,gen25zm
66037,153,196,8,0,2,359,gen25ac
66038,124,192,9,0,1,326,gen25ac
66039,37,48,1,0,0,86,gen25ac
66040,141,62,2,0,1,206,gen25zm
66041,185,180,4,0,5,374,gen25zm
66042,180,255,12,0,6,453,gen25ac
66043,91,78,3,0,3,175,gen25zm
66044,186,81,5,0,1,273,gen25zm
66045,219,63,2,1,0,285,gen25zm
66046,87,58,5,0,1,151,gen25zm
66047,177,85,9,0,2,273,gen25zm
66048,233,58,4,0,2,297,gen25zm
66049,165,48,8,1,1,223,gen25zm
66050,258,81,6,1,3,349,gen25zm
66051,235,46,8,0,2,291,gen25zm
66052,112,61,10,0,0,183,gen25zm
66053,173,43,10,1,3,230,gen25zm
66054,216,82,7,0,3,308,gen25zm
66055,173,103,15,0,1,292,gen25zm
66056,146,38,1,0,1,186,gen25zm
66057,155,73,1,1,3,233,gen25zm
66058,166,154,7,0,1,328,gen25zm
66059,150,141,3,0,0,294,gen25zm
66060,157,132,6,0,0,295,gen25zm
66061,180,120,11,0,4,315,gen25zm
66062,7,3,0,0,0,10,gen25zm
66063,100,255,7,2,2,366,gen25ac
66064,211,237,11,2,2,463,gen25ac
66065,187,134,4,0,1,326,gen25zm
66066,152,428,10,0,7,597,gen25ac
66067,160,470,8,1,8,647,gen25ac
66068,191,312,11,0,4,518,gen25ac
66069,198,250,7,0,6,461,gen25ac
66070,153,212,18,1,1,385,gen25ac
66071,173,256,15,2,1,447,gen25ac
66072,38,142,3,0,0,183,gen25ac
66073,123,216,7,0,2,348,gen25ac
66074,43,4,1,0,1,49,gen25zm
66075,0,0,0,0,0,0,Tie
66076,0,0,0,0,0,0,Tie
66077,0,0,0,0,0,0,Tie
66078,0,0,0,0,0,0,Tie
67001,178,167,8,0,0,353,gen25zm
67002,147,107,4,0,0,258,gen25zm
67003,175,237,9,1,6,428,gen25ac
67004,183,214,9,1,7,414,gen25ac
67005,240,216,6,0,1,463,gen25zm
67006,44,84,2,0,2,132,gen25ac
67007,203,224,18,2,5,452,gen25ac
67008,167,231,11,1,1,411,gen25ac
67009,183,168,8,0,2,361,gen25zm
67010,167,189,6,0,2,364,gen25ac
67011,187,225,7,0,2,421,gen25ac
67012,211,268,8,0,8,495,gen25ac
67013,153,233,3,1,2,392,gen25ac
67014,112,164,2,0,4,282,gen25ac
67015,126,214,6,0,2,348,gen25ac
67016,193,292,8,2,4,499,gen25ac
67017,233,184,16,0,3,436,gen25zm
67018,192,206,2,0,3,403,gen25ac
67019,268,265,14,0,2,549,gen25zm
67020,254,235,18,0,5,512,gen25zm
67021,150,271,18,1,4,444,gen25ac
67022,171,257,8,1,3,440,gen25ac
67023,74,92,8,0,1,175,gen25ac
67024,185,186,9,0,3,383,gen25ac
67025,149,207,5,0,1,362,gen25ac
67026,332,201,9,1,2,545,gen25zm
67027,142,82,5,0,2,231,gen25zm
67028,156,109,6,0,7,278,gen25zm
67029,151,91,7,0,1,250,gen25zm
67030,273,253,8,0,4,538,gen25zm
67031,113,187,8,0,3,311,gen25ac
67032,146,275,16,0,5,442,gen25ac
67033,122,240,9,0,1,372,gen25ac
67034,194,260,9,0,8,471,gen25ac
67035,210,221,15,0,4,450,gen25ac
67036,221,310,5,1,6,543,gen25ac
67037,204,180,13,1,3,401,gen25zm
67038,220,260,13,0,3,496,gen25ac
67039,115,197,7,0,2,321,gen25ac
67040,128,184,8,1,0,321,gen25ac
67041,175,271,8,0,1,455,gen25ac
67042,114,143,7,0,2,266,gen25ac
67043,74,148,9,0,2,233,gen25ac
67044,118,200,10,0,4,332,gen25ac
67045,89,103,4,0,0,196,gen25ac
67046,71,81,5,0,1,158,gen25ac
67047,127,282,14,1,2,426,gen25ac
67048,124,160,11,1,2,298,gen25ac
67049,157,168,22,0,3,350,gen25ac
67050,100,22,8,0,1,131,gen25zm
67051,35,17,1,0,0,53,gen25zm
67052,196,220,18,0,1,435,gen25ac
67053,164,93,10,0,2,269,gen25zm
67054,231,111,24,0,2,368,gen25zm
67055,143,92,14,1,2,252,gen25zm
67056,175,232,8,1,1,417,gen25ac
67057,357,210,23,2,3,595,gen25zm
67058,185,86,16,0,1,288,gen25zm
67059,309,159,25,0,1,494,gen25zm
67060,269,180,24,3,4,480,gen25zm
67061,110,61,16,0,0,187,gen25zm
67062,266,99,7,4,2,378,gen25zm
67063,193,86,12,0,2,293,gen25zm
67064,162,77,12,0,1,252,gen25zm
67065,111,102,12,0,0,225,gen25zm
67066,67,30,10,0,0,107,gen25zm
67067,230,120,9,0,3,362,gen25zm
67068,159,44,11,0,1,215,gen25zm
67069,0,0,0,0,0,0,Tie
67070,0,0,0,0,0,0,Tie
67071,0,0,0,0,0,0,Tie
68001,96,16,4,1,1,118,gen25zm
68002,27,20,2,0,1,50,gen25zm
68003,11,7,1,0,0,19,gen25zm
68004,175,65,2,0,3,245,gen25zm
68005,164,34,3,1,7,209,gen25zm
68006,76,22,4,0,0,102,gen25zm
68007,18,24,0,0,1,43,gen25ac
68008,330,117,22,1,2,472,gen25zm
68009,45,7,3,0,1,56,gen25zm
68010,32,17,5,1,1,56,gen25zm
68011,159,62,1,1,1,224,gen25zm
68012,213,81,7,1,2,304,gen25zm
68013,155,90,7,1,2,255,gen25zm
68014,55,16,2,0,1,74,gen25zm
68015,14,13,2,0,2,31,gen25zm
68016,20,10,1,0,0,31,gen25zm
68017,69,22,1,0,0,92,gen25zm
68018,31,10,1,0,0,42,gen25zm
68019,49,15,5,0,0,69,gen25zm
68020,62,19,3,1,2,87,gen25zm
68021,133,49,4,0,1,187,gen25zm
68022,80,21,4,1,3,109,gen25zm
68023,38,47,7,1,1,94,gen25ac
68024,4,4,2,0,0,10,Tie
68025,112,40,13,0,5,170,gen25zm
68026,72,33,7,1,2,115,gen25zm
68027,47,43,3,0,1,94,gen25zm
68028,238,66,7,1,3,315,gen25zm
68029,151,39,6,1,0,197,gen25zm
68030,25,25,4,1,1,56,Tie
68031,129,24,7,0,0,160,gen25zm
68032,146,41,8,0,2,197,gen25zm
68033,142,42,11,0,1,196,gen25zm
68034,44,30,8,1,1,84,gen25zm
68035,89,32,2,0,1,124,gen25zm
68036,76,13,7,0,1,97,gen25zm
68037,96,80,9,0,2,187,gen25zm
68038,115,48,9,0,0,172,gen25zm
68039,49,42,5,0,1,97,gen25zm
68040,77,55,7,0,2,141,gen25zm
68041,82,43,11,2,0,138,gen25zm
68042,60,30,8,0,1,99,gen25zm
68043,167,43,6,0,0,216,gen25zm
68044,203,80,10,0,1,294,gen25zm
68045,57,27,9,0,0,93,gen25zm
68046,117,51,13,2,1,184,gen25zm
68047,77,41,7,1,0,126,gen25zm
68048,48,43,7,1,0,99,gen25zm
68049,29,12,2,0,2,45,gen25zm
68050,18,16,5,0,0,39,gen25zm
68051,81,113,3,1,2,200,gen25ac
68052,138,215,7,0,2,362,gen25ac
68053,117,58,8,1,0,184,gen25zm
68054,96,227,7,1,4,335,gen25ac
68055,147,277,12,1,4,441,gen25ac
68056,106,34,6,0,0,146,gen25zm
68057,106,29,2,0,0,137,gen25zm
68058,53,25,5,0,1,84,gen25zm
68059,71,21,2,0,0,94,gen25zm
68060,71,18,5,1,1,96,gen25zm
68061,26,12,0,0,1,39,gen25zm
68062,212,67,11,0,2,292,gen25zm
68063,120,83,9,1,2,215,gen25zm
68064,58,64,9,1,1,133,gen25ac
68065,133,105,9,0,1,248,gen25zm
68066,147,190,9,0,3,349,gen25ac
68067,88,97,20,1,1,207,gen25ac
68068,54,25,2,0,1,82,gen25zm
68069,11,12,3,0,0,26,gen25ac
68070,170,124,13,0,2,309,gen25zm
68071,31,27,4,0,0,62,gen25zm
68072,42,4,4,0,0,50,gen25zm
68073,31,11,0,0,0,42,gen25zm
68074,74,35,4,0,0,113,gen25zm
68075,44,113,1,0,0,158,gen25ac
68076,6,9,0,0,0,15,gen25ac
68077,110,70,6,0,0,186,gen25zm
68078,0,0,0,0,0,0,Tie
68079,0,0,0,0,0,0,Tie
68080,0,0,0,0,0,0,Tie
68081,0,0,0,0,0,0,Tie
68082,0,0,0,0,0,0,Tie
69001,14,22,2,0,0,38,gen25ac
69002,190,56,10,0,0,256,gen25zm
69003,27,22,2,1,0,52,gen25zm
69004,22,16,3,0,0,41,gen25zm
69005,289,67,3,0,1,360,gen25zm
69006,510,141,5,0,6,662,gen25zm
69007,316,101,5,1,1,424,gen25zm
69008,240,32,3,0,4,279,gen25zm
69009,357,95,5,0,2,459,gen25zm
69010,145,28,1,0,0,174,gen25zm
69011,349,109,3,0,3,464,gen25zm
69012,420,145,8,2,7,582,gen25zm
69013,311,124,4,0,7,446,gen25zm
69014,374,92,6,0,4,476,gen25zm
69015,170,66,12,0,0,248,gen25zm
69016,113,86,3,0,1,203,gen25zm
69017,183,50,3,1,3,240,gen25zm
69018,174,53,12,0,2,241,gen25zm
69019,112,33,4,0,3,152,gen25zm
69020,275,40,4,0,1,320,gen25zm
69021,150,48,5,0,1,204,gen25zm
69022,311,129,4,0,3,447,gen25zm
69023,207,84,13,1,2,307,gen25zm
69024,79,85,12,3,2,181,gen25ac
69025,182,100,11,2,1,296,gen25zm
69026,51,39,6,0,1,97,gen25zm
69027,264,83,13,1,3,364,gen25zm
69028,217,107,5,0,5,334,gen25zm
69029,368,107,7,0,1,483,gen25zm
69030,378,134,12,2,1,527,gen25zm
69031,187,56,4,0,0,247,gen25zm
69032,85,88,7,0,4,184,gen25ac
69033,288,177,7,0,8,480,gen25zm
69034,228,178,8,0,8,422,gen25zm
69035,177,151,2,2,7,339,gen25zm
69036,205,190,14,1,1,411,gen25zm
69037,202,166,15,0,7,390,gen25zm
69038,234,173,11,1,3,422,gen25zm
69039,348,153,14,0,5,520,gen25zm
69040,240,111,12,0,7,370,gen25zm
69041,278,133,11,1,4,427,gen25zm
69042,371,149,7,1,4,532,gen25zm
69043,346,200,6,0,4,556,gen25zm
69044,180,98,10,0,5,293,gen25zm
69045,477,240,12,0,11,740,gen25zm
69046,284,188,8,0,6,486,gen25zm
69047,229,170,11,0,2,412,gen25zm
69048,201,230,4,0,8,443,gen25ac
69049,140,90,3,0,1,234,gen25zm
69050,279,232,9,0,8,528,gen25zm
69051,179,118,7,0,0,304,gen25zm
69052,280,193,9,0,3,485,gen25zm
69053,192,196,3,1,2,394,gen25ac
69054,205,186,12,0,2,405,gen25zm
69055,132,58,5,0,1,196,gen25zm
69056,212,180,7,0,8,407,gen25zm
69057,111,89,6,1,1,208,gen25zm
69058,244,151,19,1,3,418,gen25zm
69059,168,98,9,0,4,279,gen25zm
69060,197,152,10,0,2,361,gen25zm
69061,101,73,9,0,1,184,gen25zm
69062,113,120,3,0,1,237,gen25ac
69063,92,59,6,1,2,160,gen25zm
69064,50,59,3,0,0,112,gen25ac
69065,153,158,9,0,3,323,gen25ac
69066,208,176,16,0,3,403,gen25zm
69067,120,110,11,1,3,245,gen25zm
69068,163,170,6,0,1,340,gen25ac
69069,149,181,8,0,0,338,gen25ac
69070,143,151,12,0,2,308,gen25ac
69071,219,168,13,1,4,405,gen25zm
69072,148,129,3,0,4,284,gen25zm
69073,242,222,10,3,4,481,gen25zm
69074,167,109,8,0,2,286,gen25zm
69075,130,210,8,0,1,349,gen25ac
69076,152,78,11,0,1,242,gen25zm
69077,0,0,0,0,0,0,Tie
69078,0,0,0,0,0,0,Tie
69079,0,0,0,0,0,0,Tie
69080,0,0,0,0,0,0,Tie
69081,0,0,0,0,0,0,Tie
69082,0,0,0,0,0,0,Tie
69083,0,0,0,0,0,0,Tie
69084,0,0,0,0,0,0,Tie
70001,167,54,5,0,2,228,gen25zm
70002,86,19,6,0,0,111,gen25zm
70003,82,25,4,0,0,111,gen25zm
70004,169,29,2,0,1,201,gen25zm
70005,99,23,5,0,1,128,gen25zm
70006,81,28,3,0,0,112,gen25zm
70007,56,11,0,0,0,67,gen25zm
70008,51,18,0,0,0,69,gen25zm
70009,98,31,4,1,0,134,gen25zm
70010,93,26,6,1,0,126,gen25zm
70011,48,27,2,0,1,78,gen25zm
70012,97,46,3,0,0,146,gen25zm
70013,443,84,12,0,1,540,gen25zm
70014,148,48,1,1,1,199,gen25zm
70015,120,34,8,2,0,164,gen25zm
70016,298,43,3,1,1,346,gen25zm
70017,105,31,4,1,0,141,gen25zm
70018,294,57,5,1,3,360,gen25zm
70019,188,32,9,0,2,231,gen25zm
70020,287,56,6,0,4,353,gen25zm
70021,192,44,3,0,2,241,gen25zm
70022,242,96,10,1,2,351,gen25zm
70023,61,24,1,1,0,87,gen25zm
70024,73,27,3,0,0,103,gen25zm
70025,88,24,6,1,1,120,gen25zm
70026,220,63,4,1,1,289,gen25zm
70027,251,61,3,1,4,320,gen25zm
70028,247,77,6,0,2,332,gen25zm
70029,374,106,4,2,2,488,gen25zm
70030,249,73,8,0,4,334,gen25zm
70031,247,54,8,1,1,311,gen25zm
70032,209,56,3,0,0,268,gen25zm
70033,199,44,2,2,1,248,gen25zm
70034,239,60,8,1,2,310,gen25zm
70035,248,87,8,1,0,344,gen25zm
70036,144,72,6,1,1,224,gen25zm
70037,74,23,1,0,1,99,gen25zm
70038,129,44,4,0,1,178,gen25zm
70039,193,49,4,1,1,248,gen25zm
70040,114,53,4,1,3,175,gen25zm
70041,179,86,6,0,2,273,gen25zm
70042,39,26,1,0,0,66,gen25zm
70043,73,62,6,1,1,143,gen25zm
70044,145,70,5,0,2,222,gen25zm
70045,28,21,2,0,0,51,gen25zm
70046,34,34,5,1,0,74,Tie
70047,132,28,4,0,1,165,gen25zm
70048,145,35,4,1,0,185,gen25zm
70049,107,30,2,0,1,140,gen25zm
70050,146,52,4,0,1,203,gen25zm
70051,36,29,1,1,1,68,gen25zm
70052,15,13,3,0,1,32,gen25zm
70053,133,38,3,0,1,175,gen25zm
70054,273,63,5,0,1,342,gen25zm
70055,259,50,7,1,1,318,gen25zm
70056,238,38,2,1,0,279,gen25zm
70057,185,43,4,2,3,237,gen25zm
70058,311,82,8,1,4,406,gen25zm
70059,160,27,6,1,1,195,gen25zm
70060,286,65,2,1,1,355,gen25zm
70061,232,81,6,0,1,320,gen25zm
70062,238,78,6,1,0,323,gen25zm
70063,158,75,8,1,4,246,gen25zm
70064,302,99,11,1,4,417,gen25zm
70065,149,52,4,2,0,207,gen25zm
70066,280,104,10,0,4,398,gen25zm
70067,27,9,4,0,0,40,gen25zm
70068,30,18,1,0,2,51,gen25zm
70069,282,116,4,2,3,407,gen25zm
70070,68,29,2,0,0,99,gen25zm
70071,187,90,9,4,3,293,gen25zm
70072,0,0,0,0,0,0,Tie
70073,0,0,0,0,0,0,Tie
70074,0,0,0,0,0,0,Tie
71001,310,58,6,0,2,376,gen25zm
71002,219,54,11,0,2,286,gen25zm
71003,267,111,16,0,7,401,gen25zm
71004,334,89,9,0,6,438,gen25zm
71005,331,84,11,1,2,429,gen25zm
71006,336,135,8,0,4,483,gen25zm
71007,274,69,9,1,2,355,gen25zm
71008,157,34,2,0,1,194,gen25zm
71009,301,53,10,0,3,367,gen25zm
71010,262,47,11,0,0,320,gen25zm
71011,215,39,5,1,1,261,gen25zm
71012,146,46,12,0,3,207,gen25zm
71013,188,61,13,0,3,265,gen25zm
71014,147,38,6,0,0,191,gen25zm
71015,193,52,8,0,1,254,gen25zm
71016,143,23,3,1,1,171,gen25zm
71017,238,67,11,1,1,318,gen25zm
71018,230,65,8,0,0,303,gen25zm
71019,207,32,4,0,0,243,gen25zm
71020,100,22,7,0,2,131,gen25zm
71021,146,51,9,0,1,207,gen25zm
71022,108,35,6,2,0,151,gen25zm
71023,151,34,8,0,1,194,gen25zm
71024,164,64,2,0,5,235,gen25zm
71025,126,32,1,2,0,161,gen25zm
71026,143,34,1,0,2,180,gen25zm
71027,153,34,1,0,2,190,gen25zm
71028,89,11,4,0,0,104,gen25zm
71029,113,24,3,0,0,140,gen25zm
71030,104,22,3,0,0,129,gen25zm
71031,20,7,0,0,2,29,gen25zm
71032,23,18,2,0,1,44,gen25zm
71033,1,2,2,0,0,5,Tie
71034,26,14,8,0,0,48,gen25zm
71035,122,16,2,1,0,141,gen25zm
71036,126,26,1,0,0,153,gen25zm
71037,113,39,3,1,1,157,gen25zm
71038,195,27,7,1,1,231,gen25zm
71039,158,41,4,0,1,204,gen25zm
71040,123,38,3,1,4,169,gen25zm
71041,155,28,5,1,0,189,gen25zm
71042,157,24,3,0,0,184,gen25zm
71043,60,8,2,0,0,70,gen25zm
71044,62,16,4,0,0,82,gen25zm
71045,111,34,3,1,1,150,gen25zm
71046,141,40,6,0,1,188,gen25zm
71047,65,11,0,0,0,76,gen25zm
71048,197,61,2,1,1,262,gen25zm
71049,148,20,5,0,0,173,gen25zm
71050,120,31,5,2,0,158,gen25zm
71051,223,40,5,0,2,270,gen25zm
71052,247,47,5,2,0,301,gen25zm
71053,57,17,0,3,0,77,gen25zm
71054,55,35,5,0,1,96,gen25zm
71055,300,105,7,1,4,417,gen25zm
71056,232,56,3,1,0,292,gen25zm
71057,154,40,5,0,0,199,gen25zm
71058,212,63,4,0,2,281,gen25zm
71059,312,79,7,0,5,403,gen25zm
71060,87,38,1,0,0,126,gen25zm
71061,111,85,1,0,2,199,gen25zm
71062,67,67,2,1,2,139,Tie
71063,72,50,3,2,0,127,gen25zm
71064,64,36,4,1,2,107,gen25zm
71065,5,2,1,2,0,10,gen25zm
71066,0,0,0,0,0,0,Tie
71067,0,0,0,0,0,0,Tie
71068,0,0,0,0,0,0,Tie
71069,0,0,0,0,0,0,Tie
71070,0,0,0,0,0,0,Tie
71071,0,0,0,0,0,0,Tie
72001,17,12,0,0,0,29,gen25zm
72002,92,47,9,0,1,149,gen25zm
72003,96,22,11,0,1,130,gen25zm
72004,374,85,12,1,8,480,gen25zm
72005,343,75,18,0,2,438,gen25zm
72006,197,45,14,0,0,256,gen25zm
72007,75,42,9,1,2,129,gen25zm
72008,242,37,4,0,0,283,gen25zm
72009,285,43,13,1,4,346,gen25zm
72010,187,44,12,0,2,245,gen25zm
72011,103,50,3,1,0,157,gen25zm
72012,97,61,13,0,0,171,gen25zm
72013,76,50,5,0,1,132,gen25zm
72014,109,40,6,0,1,156,gen25zm
72015,120,73,15,1,2,211,gen25zm
72016,63,29,6,0,0,98,gen25zm
72017,61,44,5,0,0,110,gen25zm
72018,152,28,12,0,0,192,gen25zm
72019,173,50,6,1,0,230,gen25zm
72020,52,26,7,0,1,86,gen25zm
72021,40,46,2,2,1,91,gen25ac
72022,36,21,7,1,0,65,gen25zm
72023,53,20,3,0,0,76,gen25zm
72024,69,9,5,1,1,85,gen25zm
72025,66,41,6,0,1,114,gen25zm
72026,168,44,9,0,2,223,gen25zm
72027,65,14,4,0,1,84,gen25zm
72028,33,13,2,0,0,48,gen25zm
72029,112,39,5,1,0,157,gen25zm
72030,141,41,7,0,3,192,gen25zm
72031,69,38,6,0,1,114,gen25zm
72032,138,45,9,0,1,193,gen25zm
72033,89,43,2,0,3,137,gen25zm
72034,27,12,6,0,1,46,gen25zm
72035,81,30,2,0,1,114,gen25zm
72036,50,19,4,0,0,73,gen25zm
72037,79,63,12,1,1,156,gen25zm
72038,63,193,5,1,0,262,gen25ac
72039,108,49,8,0,0,165,gen25zm
72040,76,42,5,1,0,124,gen25zm
72041,138,51,9,0,4,202,gen25zm
72042,88,78,11,1,0,178,gen25zm
72043,127,38,1,0,0,166,gen25zm
72044,94,63,7,0,1,165,gen25zm
72045,63,31,4,1,0,99,gen25zm
72046,70,71,9,1,3,154,gen25ac
72047,69,32,8,0,2,111,gen25zm
72048,80,26,7,0,0,113,gen25zm
72049,65,25,6,0,0,96,gen25zm
72050,75,40,7,0,0,122,gen25zm
72051,70,25,7,0,1,103,gen25zm
72052,99,44,2,0,1,146,gen25zm
72053,96,24,5,0,2,127,gen25zm
72054,62,38,9,0,1,110,gen25zm
72055,135,51,5,0,1,192,gen25zm
72056,122,37,4,2,0,165,gen25zm
72057,116,38,5,1,1,161,gen25zm
72058,234,47,6,0,1,288,gen25zm
72059,87,22,4,1,0,114,gen25zm
72060,87,31,6,0,1,125,gen25zm
72061,90,35,6,0,0,131,gen25zm
72062,78,27,4,1,0,110,gen25zm
72063,48,7,1,0,1,57,gen25zm
72064,0,0,0,0,0,0,Tie
72065,0,0,0,0,0,0,Tie
72066,0,0,0,0,0,0,Tie
73001,169,225,18,2,4,418,gen25ac
73002,21,68,5,0,0,94,gen25ac
73003,138,184,12,0,4,338,gen25ac
73004,184,236,14,0,2,436,gen25ac
73005,75,82,1,0,0,158,gen25ac
73006,144,219,26,1,5,395,gen25ac
73007,128,136,10,0,4,278,gen25ac
73008,26,84,7,0,0,117,gen25ac
73009,61,224,22,1,5,313,gen25ac
73010,24,264,8,0,3,299,gen25ac
73011,97,385,21,1,3,507,gen25ac
73012,230,215,14,0,3,462,gen25zm
73013,161,225,12,0,5,403,gen25ac
73014,122,115,17,0,3,257,gen25zm
73015,196,261,14,1,2,474,gen25ac
73016,139,152,14,2,0,307,gen25ac
73017,132,232,17,0,4,385,gen25ac
73018,45,110,4,1,0,160,gen25ac
73019,250,375,32,0,2,659,gen25ac
73020,234,530,28,0,0,792,gen25ac
73021,208,208,20,0,1,437,Tie
73022,92,405,26,0,3,526,gen25ac
73023,149,323,22,0,3,497,gen25ac
73024,149,219,9,0,1,378,gen25ac
73025,212,313,21,1,2,549,gen25ac
73026,152,292,19,1,5,469,gen25ac
73027,179,346,35,0,3,563,gen25ac
73028,127,237,15,0,4,383,gen25ac
73029,136,415,17,0,3,571,gen25ac
73030,210,392,26,1,2,631,gen25ac
73031,88,461,10,0,2,561,gen25ac
73032,163,331,18,0,2,514,gen25ac
73033,120,364,19,0,6,509,gen25ac
73034,184,548,16,0,2,750,gen25ac
73035,75,128,5,0,0,208,gen25ac
73036,91,313,11,1,0,416,gen25ac
73037,166,391,21,1,2,581,gen25ac
73038,117,502,15,0,6,640,gen25ac
73039,119,435,5,0,4,563,gen25ac
73040,65,319,8,0,1,393,gen25ac
73041,60,298,10,1,0,369,gen25ac
73042,48,391,8,0,2,449,gen25ac
73043,92,512,12,0,5,621,gen25ac
73044,113,467,8,0,2,590,gen25ac
73045,141,529,14,0,4,688,gen25ac
73046,86,513,17,4,4,624,gen25ac
73047,102,417,21,0,2,542,gen25ac
73048,95,582,11,0,2,690,gen25ac
73049,69,368,14,0,4,455,gen25ac
73050,111,551,22,1,5,690,gen25ac
73051,115,535,16,0,2,668,gen25ac
73052,122,434,16,0,1,573,gen25ac
73053,124,462,12,1,3,602,gen25ac
73054,138,607,18,0,1,764,gen25ac
73055,100,390,5,0,7,502,gen25ac
73056,74,391,11,1,3,480,gen25ac
73057,69,441,11,0,3,524,gen25ac
73058,115,357,10,1,2,485,gen25ac
73059,108,177,10,0,4,299,gen25ac
73060,49,32,6,0,0,87,gen25zm
73061,123,83,9,0,0,215,gen25zm
73062,297,289,23,1,2,612,gen25zm
73063,84,382,8,1,2,477,gen25ac
73064,166,497,12,0,6,681,gen25ac
73065,122,303,10,0,1,436,gen25ac
73066,200,456,17,2,4,679,gen25ac
73067,193,397,20,2,7,619,gen25ac
73068,99,444,14,0,1,558,gen25ac
73069,253,182,16,0,1,452,gen25zm
73070,0,0,0,0,0,0,Tie
73071,0,0,0,0,0,0,Tie
73072,0,0,0,0,0,0,Tie
74001,186,210,17,0,3,416,gen25ac
74002,158,130,12,0,0,300,gen25zm
74003,180,193,22,1,10,406,gen25ac
74004,168,210,20,0,2,400,gen25ac
74005,114,150,12,0,0,276,gen25ac
74006,123,128,9,0,3,263,gen25ac
74007,82,59,7,0,0,148,gen25zm
74008,197,306,13,0,2,518,gen25ac
74009,105,75,9,0,1,190,gen25zm
74010,254,252,15,1,2,524,gen25zm
74011,317,266,38,2,9,632,gen25zm
74012,284,249,27,2,6,568,gen25zm
74013,218,181,17,0,6,422,gen25zm
74014,208,173,18,0,5,404,gen25zm
74015,178,176,22,1,1,378,gen25zm
74016,207,141,13,2,2,365,gen25zm
74017,292,111,22,1,4,430,gen25zm
74018,325,131,26,0,0,482,gen25zm
74019,245,115,32,0,1,393,gen25zm
74020,264,110,19,0,4,397,gen25zm
74021,165,76,13,0,2,256,gen25zm
74022,292,151,20,1,7,471,gen25zm
74023,246,137,22,1,5,411,gen25zm
74024,239,128,19,0,3,389,gen25zm
74025,159,68,30,1,1,259,gen25zm
74026,353,101,12,1,2,469,gen25zm
74027,365,87,9,1,3,465,gen25zm
74028,259,47,9,0,1,316,gen25zm
74029,82,49,12,1,0,144,gen25zm
74030,139,84,14,1,1,239,gen25zm
74031,372,60,13,1,1,447,gen25zm
74032,47,38,14,0,0,99,gen25zm
74033,205,26,8,0,0,239,gen25zm
74034,157,39,2,0,2,200,gen25zm
74035,342,50,11,0,1,404,gen25zm
74036,256,43,6,0,4,309,gen25zm
74037,32,15,3,0,2,52,gen25zm
74038,43,41,8,1,0,93,gen25zm
74039,28,15,3,0,0,46,gen25zm
74040,13,5,5,0,0,23,gen25zm
74041,108,40,5,0,5,158,gen25zm
74042,104,76,11,0,1,192,gen25zm
74043,299,51,8,0,3,361,gen25zm
74044,91,173,5,0,0,269,gen25ac
74045,120,252,8,0,1,381,gen25ac
74046,129,71,17,0,0,217,gen25zm
74047,91,129,9,0,1,230,gen25ac
74048,166,170,8,1,0,345,gen25ac
74049,179,143,14,0,6,342,gen25zm
74050,225,160,9,0,4,398,gen25zm
74051,277,238,14,2,3,534,gen25zm
74052,187,130,10,1,0,328,gen25zm
74053,283,77,15,1,2,378,gen25zm
74054,130,120,13,0,2,265,gen25zm
74055,170,223,12,0,5,410,gen25ac
74056,139,232,11,1,2,385,gen25ac
74057,187,250,8,0,2,447,gen25ac
74058,167,161,9,0,5,342,gen25zm
74059,218,283,17,0,5,523,gen25ac
74060,83,88,5,0,3,179,gen25ac
74061,74,103,1,0,2,180,gen25ac
74062,92,90,6,0,0,188,gen25zm
74063,35,58,0,0,0,93,gen25ac
74064,21,10,0,0,0,31,gen25zm
74065,59,58,4,0,0,121,gen25zm
74066,0,0,0,0,0,0,Tie
74067,0,0,0,0,0,0,Tie
74068,0,0,0,0,0,0,Tie
74069,0,0,0,0,0,0,Tie
74070,0,0,0,0,0,0,Tie
75001,282,246,17,0,5,550,gen25zm
75002,217,414,25,1,8,665,gen25ac
75003,100,136,6,0,1,243,gen25ac
75004,60,146,5,0,3,214,gen25ac
75005,118,301,13,1,1,434,gen25ac
75006,227,280,20,1,7,535,gen25ac
75007,180,141,15,1,1,338,gen25zm
75008,331,273,21,1,7,633,gen25zm
75009,80,28,8,0,2,118,gen25zm
75010,205,244,16,0,1,466,gen25ac
75011,88,165,14,1,4,272,gen25ac
75012,132,144,12,0,5,293,gen25ac
75013,128,161,18,1,2,310,gen25ac
75014,60,37,3,1,0,101,gen25zm
75015,150,73,11,0,1,235,gen25zm
75016,50,58,3,1,4,116,gen25ac
75017,158,104,7,0,2,271,gen25zm
75018,57,108,7,0,1,173,gen25ac
75019,0,0,0,0,0,0,Tie
75020,75,125,14,0,1,215,gen25ac
75021,79,103,3,0,1,186,gen25ac
75022,117,182,6,0,0,305,gen25ac
75023,182,121,17,3,5,328,gen25zm
75024,199,248,11,0,1,459,gen25ac
75025,100,79,6,0,2,187,gen25zm
75026,198,264,5,0,0,467,gen25ac
75027,148,168,9,0,0,325,gen25ac
75028,231,214,8,1,3,457,gen25zm
75029,202,96,10,0,3,311,gen25zm
75030,134,74,17,1,0,226,gen25zm
75031,259,85,10,3,0,357,gen25zm
75032,246,66,9,1,0,322,gen25zm
75033,146,60,17,0,2,225,gen25zm
75034,173,83,15,1,1,273,gen25zm
75035,172,66,9,2,2,251,gen25zm
75036,47,24,9,0,1,81,gen25zm
75037,248,128,18,0,1,395,gen25zm
75038,232,141,30,2,6,411,gen25zm
75039,222,124,23,1,2,372,gen25zm
75040,216,125,11,2,3,357,gen25zm
75041,207,241,20,0,5,473,gen25ac
75042,229,139,11,1,5,385,gen25zm
75043,249,172,32,1,3,457,gen25zm
75044,303,190,15,0,7,515,gen25zm
75045,249,110,5,0,6,370,gen25zm
75046,248,129,10,0,2,389,gen25zm
75047,204,158,17,1,0,380,gen25zm
75048,166,97,5,0,0,268,gen25zm
75049,309,73,14,1,0,397,gen25zm
75050,189,65,10,0,3,267,gen25zm
75051,298,80,13,0,1,392,gen25zm
75052,142,66,8,0,2,218,gen25zm
75053,191,92,14,0,1,298,gen25zm
75054,111,76,10,0,2,199,gen25zm
75055,103,44,9,0,0,156,gen25zm
75056,176,42,16,1,2,237,gen25zm
75057,258,188,21,3,4,474,gen25zm
75058,226,123,16,1,3,369,gen25zm
75059,293,198,18,1,0,510,gen25zm
75060,175,168,12,0,1,356,gen25zm
75061,30,15,8,0,1,54,gen25zm
75062,190,99,7,1,3,300,gen25zm
75063,351,193,14,0,8,566,gen25zm
75064,235,149,6,0,1,391,gen25zm
75065,124,165,10,1,3,303,gen25ac
75066,101,101,15,1,0,218,Tie
75067,5,8,0,1,0,14,gen25ac
75068,0,0,0,0,0,0,Tie
75069,0,0,0,0,0,0,Tie
75070,0,0,0,0,0,0,Tie
75071,0,0,0,0,0,0,Tie
76001,114,370,16,0,1,501,gen25ac
76002,28,299,9,1,0,337,gen25ac
76003,95,346,13,0,3,457,gen25ac
76004,123,400,10,0,3,536,gen25ac
76005,191,459,22,0,2,674,gen25ac
76006,213,415,17,0,4,649,gen25ac
76007,205,383,18,0,4,610,gen25ac
76008,150,124,5,0,2,281,gen25zm
76009,170,339,7,0,5,521,gen25ac
76010,180,127,6,1,1,315,gen25zm
76011,144,232,17,1,2,396,gen25ac
76012,151,185,23,0,3,362,gen25ac
76013,151,227,10,0,3,391,gen25ac
76014,152,331,11,0,1,495,gen25ac
76015,240,242,17,0,3,502,gen25ac
76016,140,188,17,1,3,349,gen25ac
76017,130,204,15,0,3,352,gen25ac
76018,78,386,9,0,3,476,gen25ac
76019,191,534,13,0,3,741,gen25ac
76020,235,365,17,0,4,621,gen25ac
76021,169,328,14,3,4,518,gen25ac
76022,198,369,14,0,4,585,gen25ac
76023,147,298,17,0,3,465,gen25ac
76024,254,442,23,0,4,723,gen25ac
76025,235,206,16,0,3,460,gen25zm
76026,152,444,18,2,2,618,gen25ac
76027,171,399,24,1,5,600,gen25ac
76028,285,215,20,0,1,521,gen25zm
76029,145,355,9,0,1,510,gen25ac
76030,191,417,10,1,2,621,gen25ac
76031,193,482,21,0,6,702,gen25ac
76032,179,572,20,3,3,777,gen25ac
76033,282,299,18,0,1,600,gen25ac
76034,215,347,20,0,7,589,gen25ac
76035,202,281,24,1,3,511,gen25ac
76036,231,284,21,1,4,541,gen25ac
76037,185,201,16,1,2,405,gen25ac
76038,210,61,18,1,2,292,gen25zm
76039,156,419,10,0,7,592,gen25ac
76040,134,301,17,1,2,455,gen25ac
76041,143,263,40,1,4,451,gen25ac
76042,176,432,10,1,3,622,gen25ac
76043,170,245,12,0,4,431,gen25ac
76044,194,353,11,1,1,560,gen25ac
76045,161,227,14,1,5,408,gen25ac
76046,153,279,12,1,2,447,gen25ac
76047,198,172,12,0,2,384,gen25zm
76048,176,362,10,2,2,552,gen25ac
76049,175,282,17,0,4,478,gen25ac
76050,236,308,16,0,4,564,gen25ac
76051,149,287,23,0,2,461,gen25ac
76052,210,245,15,0,6,476,gen25ac
76053,201,234,10,0,1,446,gen25ac
76054,203,346,15,0,1,565,gen25ac
76055,270,147,14,1,0,432,gen25zm
76056,292,94,8,0,0,394,gen25zm
76057,105,126,8,0,1,240,gen25ac
76058,181,193,12,0,0,386,gen25ac
76059,297,163,26,1,6,493,gen25zm
76060,281,143,19,0,2,445,gen25zm
76061,205,98,17,0,4,324,gen25zm
76062,316,195,22,2,1,536,gen25zm
76063,0,0,0,0,0,0,Tie
76064,0,0,0,0,0,0,Tie
76065,0,0,0,0,0,0,Tie
76066,0,0,0,0,0,0,Tie
76067,0,0,0,0,0,0,Tie
76068,0,0,0,0,0,0,Tie
77001,62,38,6,1,0,107,gen25zm
77002,110,62,9,0,1,182,gen25zm
77003,47,27,1,0,0,75,gen25zm
77004,29,4,0,0,0,33,gen25zm
77005,35,19,3,1,2,60,gen25zm
77006,31,34,1,0,1,67,gen25ac
77007,91,30,7,3,0,131,gen25zm
77008,42,34,4,1,1,82,gen25zm
77009,50,18,3,0,0,71,gen25zm
77010,57,27,6,0,0,90,gen25zm
77011,25,8,1,1,0,35,gen25zm
77012,32,9,2,0,1,44,gen25zm
77013,46,22,4,1,0,73,gen25zm
77014,55,57,9,0,1,122,gen25ac
77015,9,4,0,0,0,13,gen25zm
77016,8,4,1,0,0,13,gen25zm
77017,7,16,2,0,1,26,gen25ac
77018,14,8,4,0,0,26,gen25zm
77019,41,33,2,2,1,79,gen25zm
77020,29,25,3,0,0,57,gen25zm
77021,39,21,3,0,0,63,gen25zm
77022,11,4,3,0,0,18,gen25zm
77023,40,16,0,2,0,58,gen25zm
77024,29,18,2,0,0,49,gen25zm
77025,13,9,1,0,0,23,gen25zm
77026,26,13,1,0,0,40,gen25zm
77027,39,26,1,0,0,66,gen25zm
77028,40,14,2,1,1,58,gen25zm
77029,19,12,2,0,0,33,gen25zm
77030,16,6,0,0,0,22,gen25zm
77031,17,20,1,0,0,38,gen25ac
77032,53,16,5,0,0,74,gen25zm
77033,9,5,1,0,0,15,gen25zm
77034,55,26,3,1,0,85,gen25zm
77035,50,30,6,2,0,88,gen25zm
77036,41,23,4,0,0,68,gen25zm
77037,50,32,4,3,0,89,gen25zm
77038,12,16,0,0,0,28,gen25ac
77039,70,17,5,2,1,95,gen25zm
77040,54,23,5,0,0,82,gen25zm
77041,30,20,0,0,1,51,gen25zm
77042,36,20,1,0,2,59,gen25zm
77043,27,14,1,0,1,43,gen25zm
77044,36,11,4,0,0,51,gen25zm
77045,20,10,3,0,0,33,gen25zm
77046,64,37,4,0,1,106,gen25zm
77047,139,72,11,0,0,222,gen25zm
77048,59,31,2,0,2,94,gen25zm
77049,184,87,10,1,3,285,gen25zm
77050,54,23,2,2,1,82,gen25zm
77051,75,30,4,0,1,110,gen25zm
77052,47,28,4,1,1,81,gen25zm
77053,39,9,1,0,2,51,gen25zm
77054,0,0,0,0,0,0,Tie
77055,0,0,0,0,0,0,Tie
77056,0,0,0,0,0,0,Tie
77057,0,0,0,0,0,0,Tie
77058,0,0,0,0,0,0,Tie
77059,0,0,0,0,0,0,Tie
78001,35,23,5,1,1,65,gen25zm
78002,50,32,2,1,0,85,gen25zm
78003,35,26,8,1,0,70,gen25zm
78004,20,17,2,2,1,42,gen25zm
78005,29,13,10,0,0,52,gen25zm
78006,27,17,8,0,0,52,gen25zm
78007,45,20,10,0,0,75,gen25zm
78008,65,18,17,0,1,101,gen25zm
78009,73,18,9,0,0,100,gen25zm
78010,81,43,11,3,0,138,gen25zm
78011,124,26,11,0,2,163,gen25zm
78012,63,36,5,0,2,106,gen25zm
78013,52,53,9,0,0,114,gen25ac
78014,48,19,2,0,0,69,gen25zm
78015,5,4,1,0,0,10,gen25zm
78016,27,30,2,1,1,61,gen25ac
78017,43,28,5,0,0,76,gen25zm
78018,57,33,6,1,0,97,gen25zm
78019,49,21,8,0,1,79,gen25zm
78020,82,39,4,0,0,125,gen25zm
78021,36,25,4,0,1,66,gen25zm
78022,66,28,4,0,0,98,gen25zm
78023,92,46,9,2,0,149,gen25zm
78024,6,3,0,0,0,9,gen25zm
78025,55,40,13,1,1,110,gen25zm
78026,57,45,7,0,0,109,gen25zm
78027,85,63,15,1,0,164,gen25zm
78028,73,29,8,2,1,113,gen25zm
78029,49,20,6,0,0,75,gen25zm
78030,80,32,10,1,2,125,gen25zm
78031,31,22,6,1,0,60,gen25zm
78032,81,38,9,3,1,132,gen25zm
78033,67,52,8,0,0,127,gen25zm
78034,42,19,3,1,0,65,gen25zm
78035,78,40,11,1,1,131,gen25zm
78036,55,61,8,0,1,125,gen25ac
78037,84,65,16,1,2,168,gen25zm
78038,37,13,4,0,0,54,gen25zm
78039,62,30,4,0,1,97,gen25zm
78040,50,45,9,0,0,104,gen25zm
78041,58,48,3,0,0,109,gen25zm
78042,60,43,3,1,0,107,gen25zm
78043,83,37,17,0,0,137,gen25zm
78044,75,37,5,2,0,119,gen25zm
78045,37,25,8,2,0,72,gen25zm
78046,55,28,6,0,0,89,gen25zm
78047,46,35,4,1,0,86,gen25zm
78048,0,0,0,0,0,0,Tie
78049,80,49,6,0,1,136,gen25zm
78050,0,0,0,0,0,0,Tie
78051,0,0,0,0,0,0,Tie
78052,0,0,0,0,0,0,Tie
78053,0,0,0,0,0,0,Tie
79001,49,30,7,1,0,87,gen25zm
79002,9,5,0,0,0,14,gen25zm
79003,45,19,4,0,0,68,gen25zm
79004,23,11,1,0,0,35,gen25zm
79005,32,14,1,0,0,47,gen25zm
79006,15,20,2,0,0,37,gen25ac
79007,28,12,5,0,0,45,gen25zm
79008,27,17,1,2,1,48,gen25zm
79009,4,11,0,0,1,16,gen25ac
79010,28,10,1,0,0,39,gen25zm
79011,12,5,0,0,1,18,gen25zm
79012,24,6,0,0,0,30,gen25zm
79013,23,11,1,0,0,35,gen25zm
79014,17,7,1,1,0,26,gen25zm
79015,44,16,2,0,0,62,gen25zm
79016,20,8,2,0,0,30,gen25zm
79017,19,10,1,0,0,30,gen25zm
79018,29,28,1,0,1,59,gen25zm
79019,7,9,0,0,0,16,gen25ac
79020,41,9,2,0,0,52,gen25zm
79021,13,9,5,0,1,28,gen25zm
79022,21,18,3,0,0,42,gen25zm
79023,22,13,7,0,0,42,gen25zm
79024,13,9,3,0,1,26,gen25zm
79025,10,3,0,0,0,13,gen25zm
79026,12,6,0,0,0,18,gen25zm
79027,39,26,9,0,0,74,gen25zm
79028,63,14,3,1,0,81,gen25zm
79029,37,27,3,0,0,67,gen25zm
79030,25,18,3,0,0,46,gen25zm
79031,45,26,3,1,0,75,gen25zm
79032,94,44,15,1,2,156,gen25zm
79033,29,15,4,0,2,50,gen25zm
79034,48,12,3,1,1,65,gen25zm
79035,63,40,3,0,0,106,gen25zm
79036,32,15,0,1,0,48,gen25zm
79037,22,21,4,1,0,48,gen25zm
79038,14,6,1,0,0,21,gen25zm
79039,11,9,0,0,0,20,gen25zm
79040,22,18,3,1,0,44,gen25zm
79041,88,63,7,3,3,164,gen25zm
79042,54,21,4,1,1,81,gen25zm
79043,82,34,5,0,1,122,gen25zm
79044,54,34,3,1,0,92,gen25zm
79045,59,45,7,2,1,114,gen25zm
79046,68,54,6,1,0,129,gen25zm
79047,51,21,7,0,0,79,gen25zm
79048,10,6,1,0,0,17,gen25zm
79049,53,21,3,0,0,77,gen25zm
79050,29,13,1,0,0,43,gen25zm
79051,21,21,7,2,0,51,Tie
79052,30,25,4,0,0,59,gen25zm
79053,24,26,1,1,0,52,gen25ac
79054,94,104,4,0,2,204,gen25ac
79055,152,129,17,3,4,305,gen25zm
79056,38,37,2,0,2,79,gen25zm
79057,11,8,1,0,0,20,gen25zm
80001,22,17,11,0,1,51,gen25zm
80002,37,12,5,0,0,54,gen25zm
80003,24,17,7,0,0,48,gen25zm
80004,32,22,21,0,1,76,gen25zm
80005,131,40,10,1,1,183,gen25zm
80006,147,84,35,1,1,268,gen25zm
80007,72,61,29,2,2,166,gen25zm
80008,85,27,6,0,0,118,gen25zm
80009,49,22,22,0,0,93,gen25zm
80010,59,54,37,0,2,152,gen25zm
80011,89,60,28,0,0,177,gen25zm
80012,62,37,14,0,0,113,gen25zm
80013,92,54,21,0,0,167,gen25zm
80014,113,53,24,1,2,193,gen25zm
80015,110,54,12,0,0,176,gen25zm
80016,93,48,13,1,0,155,gen25zm
80017,75,47,11,0,1,134,gen25zm
80018,51,36,11,0,0,98,gen25zm
80019,53,44,31,1,0,129,gen25zm
80020,63,105,60,0,2,230,gen25ac
80021,171,58,25,0,0,254,gen25zm
80022,38,53,8,1,0,100,gen25ac
80023,63,91,79,0,1,234,gen25ac
80024,90,38,24,0,0,152,gen25zm
80025,3,10,3,0,0,16,gen25ac
80026,87,79,18,0,0,184,gen25zm
80027,21,17,0,0,0,38,gen25zm
80028,22,15,0,0,0,37,gen25zm
80029,70,66,21,0,0,157,gen25zm
80030,92,48,13,1,1,155,gen25zm
80031,58,20,3,0,0,81,gen25zm
80032,41,21,11,1,0,74,gen25zm
80033,22,20,6,0,0,48,gen25zm
80034,54,42,4,1,0,101,gen25zm
80035,54,41,11,0,0,106,gen25zm
80036,18,13,0,0,0,31,gen25zm
80037,60,34,8,0,1,103,gen25zm
80038,51,26,3,1,1,82,gen25zm
80039,35,22,7,1,0,65,gen25zm
80040,80,17,11,0,0,108,gen25zm
80041,160,139,58,3,3,363,gen25zm
80042,88,71,42,0,1,202,gen25zm
80043,107,62,28,2,0,199,gen25zm
80044,46,43,18,0,0,107,gen25zm
80045,53,59,21,2,0,135,gen25ac
80046,63,26,5,1,0,95,gen25zm
80047,55,30,19,1,0,105,gen25zm
80048,33,47,18,0,2,100,gen25ac
80049,40,21,9,1,1,72,gen25zm
80050,61,29,7,2,0,99,gen25zm
80051,34,35,4,1,1,75,gen25ac
80052,8,12,0,0,0,20,gen25ac
80053,77,39,12,0,0,128,gen25zm
80054,39,32,3,0,2,76,gen25zm
80055,63,55,18,3,1,140,gen25zm
80056,72,22,4,0,0,98,gen25zm
80057,70,26,9,0,1,106,gen25zm
80058,0,0,0,0,0,0,Tie
80059,0,0,0,0,0,0,Tie
80060,0,0,0,0,0,0,Tie
80061,0,0,0,0,0,0,Tie
81001,34,26,10,1,1,72,gen25zm
81002,48,32,6,1,0,87,gen25zm
81003,29,23,4,0,0,56,gen25zm
81004,23,39,5,0,0,67,gen25ac
81005,46,15,9,0,0,70,gen25zm
81006,65,35,7,0,0,107,gen25zm
81007,90,26,5,1,1,123,gen25zm
81008,94,44,10,1,4,153,gen25zm
81009,58,28,2,0,0,88,gen25zm
81010,143,102,28,1,1,275,gen25zm
81011,204,93,28,0,1,326,gen25zm
81012,167,105,30,0,4,306,gen25zm
81013,7,6,1,0,1,15,gen25zm
81014,171,150,24,0,4,349,gen25zm
81015,90,111,5,0,2,208,gen25ac
81016,91,104,20,0,3,218,gen25ac
81017,246,129,20,0,3,398,gen25zm
81018,52,27,4,2,0,85,gen25zm
81019,157,177,17,1,5,357,gen25ac
81020,151,114,20,0,0,285,gen25zm
81021,150,126,11,2,3,292,gen25zm
81022,82,143,18,0,5,248,gen25ac
81023,184,67,10,0,2,263,gen25zm
81024,52,28,4,1,0,85,gen25zm
81025,103,273,8,1,7,392,gen25ac
81026,191,98,29,0,1,319,gen25zm
81027,233,239,29,1,5,507,gen25ac
81028,236,349,25,1,5,616,gen25ac
81029,137,241,21,0,2,401,gen25ac
81030,107,278,10,0,2,397,gen25ac
81031,161,373,25,0,3,562,gen25ac
81032,162,288,28,0,2,480,gen25ac
81033,65,117,30,1,3,216,gen25ac
81034,220,215,26,0,4,465,gen25zm
81035,212,178,43,1,8,442,gen25zm
81036,99,106,23,0,3,231,gen25ac
81037,172,115,36,0,1,324,gen25zm
81038,106,132,22,1,1,262,gen25ac
81039,119,106,37,1,1,264,gen25zm
81040,112,111,17,0,2,242,gen25zm
81041,35,26,18,0,1,80,gen25zm
81042,34,28,13,0,0,75,gen25zm
81043,26,17,14,0,0,57,gen25zm
81044,59,28,4,1,1,93,gen25zm
81045,63,30,17,0,0,110,gen25zm
81046,47,28,10,1,1,87,gen25zm
81047,93,56,5,2,0,156,gen25zm
81048,137,48,7,2,1,195,gen25zm
81049,63,27,7,0,1,98,gen25zm
81050,77,41,19,0,0,137,gen25zm
81051,146,34,12,0,0,192,gen25zm
81052,46,48,4,0,0,98,gen25ac
81053,76,40,8,1,3,128,gen25zm
81054,81,47,9,1,0,138,gen25zm
81055,35,28,4,0,0,67,gen25zm
81056,112,78,19,0,3,212,gen25zm
81057,60,30,5,0,0,95,gen25zm
81058,51,26,4,0,1,82,gen25zm
81059,0,0,0,0,0,0,Tie
81060,0,0,0,0,0,0,Tie
81061,0,0,0,0,0,0,Tie
81062,0,0,0,0,0,0,Tie
82001,66,173,205,0,2,446,gen25cs
82002,18,21,27,0,1,67,gen25cs
82003,77,135,78,1,0,291,gen25ac
82004,77,96,81,0,0,254,gen25ac
82005,48,47,47,0,4,146,gen25zm
82006,23,76,115,1,1,216,gen25cs
82007,68,71,47,0,2,188,gen25ac
82008,51,62,67,1,0,181,gen25cs
82009,77,102,58,1,1,239,gen25ac
82010,90,93,53,0,0,236,gen25ac
82011,70,81,33,0,1,185,gen25ac
82012,29,18,1,0,1,49,gen25zm
82013,15,32,4,0,1,52,gen25ac
82014,19,21,8,0,0,48,gen25ac
82015,54,73,41,0,2,170,gen25ac
82016,56,72,42,0,0,170,gen25ac
82017,2,2,4,0,0,8,gen25cs
82018,65,136,125,0,2,328,gen25ac
82019,54,128,121,0,0,303,gen25ac
82020,97,172,127,0,2,398,gen25ac
82021,37,105,87,3,1,233,gen25ac
82022,42,101,71,0,0,214,gen25ac
82023,48,82,70,1,1,202,gen25ac
82024,26,34,38,0,2,100,gen25cs
82025,77,67,33,1,0,178,gen25zm
82026,44,32,15,0,0,91,gen25zm
82027,39,32,24,0,0,95,gen25zm
82028,67,55,42,0,1,165,gen25zm
82029,63,50,33,0,1,147,gen25zm
82030,52,33,25,0,1,111,gen25zm
82031,47,55,35,0,1,138,gen25ac
82032,86,87,86,1,0,260,gen25ac
82033,43,49,44,1,0,137,gen25ac
82034,59,30,32,0,1,122,gen25zm
82035,37,13,10,0,1,61,gen25zm
82036,36,5,3,0,0,44,gen25zm
82037,0,0,0,0,0,0,Tie
82038,96,97,49,0,0,242,gen25ac
82039,73,74,40,1,2,190,gen25ac
82040,47,21,7,0,0,75,gen25zm
82041,60,91,53,2,2,208,gen25ac
82042,68,64,43,0,5,180,gen25zm
82043,56,64,38,0,3,161,gen25ac
82044,41,58,30,2,0,131,gen25ac
82045,87,104,15,2,3,211,gen25ac
82046,66,81,10,0,0,157,gen25ac
82047,73,71,12,0,1,157,gen25zm
82048,68,87,5,0,0,160,gen25ac
82049,68,55,7,3,0,133,gen25zm
82050,59,52,9,0,2,122,gen25zm
82051,72,49,5,3,0,129,gen25zm
82052,158,136,9,2,1,306,gen25zm
82053,18,24,6,0,0,48,gen25ac
82054,96,127,12,0,3,238,gen25ac
82055,126,127,21,0,2,276,gen25ac
82056,124,137,6,2,1,270,gen25ac
82057,143,118,18,3,2,284,gen25zm
82058,189,197,15,2,2,405,gen25ac
82059,184,206,18,2,2,412,gen25ac
82060,177,177,17,4,2,377,Tie
82061,177,165,14,2,1,359,gen25zm
82062,142,139,15,2,2,300,gen25zm
82063,166,182,10,1,7,366,gen25ac
82064,178,157,19,1,4,359,gen25zm
82065,0,0,0,0,0,0,Tie
82066,0,0,0,0,0,0,Tie
82067,0,0,0,0,0,0,Tie
82068,0,0,0,0,0,0,Tie
82069,0,0,0,0,0,0,Tie
82070,0,0,0,0,0,0,Tie
82071,0,0,0,0,0,0,Tie
82072,0,0,0,0,0,0,Tie
82073,0,0,0,0,0,0,Tie
82074,0,0,0,0,0,0,Tie
82075,0,0,0,0,0,0,Tie
82076,0,0,0,0,0,0,Tie
82077,0,0,0,0,0,0,Tie
83001,93,35,5,3,0,136,gen25zm
83002,77,61,4,0,0,142,gen25zm
83003,83,44,8,1,2,138,gen25zm
83004,54,42,4,1,1,102,gen25zm
83005,57,65,4,0,0,126,gen25ac
83006,106,71,11,0,1,189,gen25zm
83007,90,82,8,2,3,185,gen25zm
83008,58,28,3,0,0,89,gen25zm
83009,18,10,1,0,0,29,gen25zm
83010,63,48,2,0,0,113,gen25zm
83011,83,48,2,0,0,133,gen25zm
83012,39,25,5,0,2,71,gen25zm
83013,55,26,2,1,0,84,gen25zm
83014,16,6,1,1,0,24,gen25zm
83015,67,41,3,1,0,112,gen25zm
83016,41,59,1,0,0,101,gen25ac
83017,62,34,3,0,0,99,gen25zm
83018,55,43,2,1,1,102,gen25zm
83019,38,40,2,1,0,81,gen25ac
83020,79,58,3,1,0,141,gen25zm
83021,100,54,1,1,2,158,gen25zm
83022,45,23,1,0,0,69,gen25zm
83023,78,52,0,2,1,133,gen25zm
83024,63,45,3,0,1,112,gen25zm
83025,128,71,5,2,1,207,gen25zm
83026,106,50,6,0,0,162,gen25zm
83027,20,14,2,0,0,36,gen25zm
83028,50,39,0,2,1,92,gen25zm
83029,116,88,6,0,2,212,gen25zm
83030,71,55,5,0,1,132,gen25zm
83031,84,63,5,1,0,153,gen25zm
83032,110,88,9,2,1,210,gen25zm
83033,112,99,9,1,0,221,gen25zm
83034,119,87,8,4,0,218,gen25zm
83035,88,80,10,2,0,180,gen25zm
83036,57,46,4,0,0,107,gen25zm
83037,29,22,1,0,0,52,gen25zm
83038,20,5,2,0,0,27,gen25zm
83039,68,60,7,1,0,136,gen25zm
83040,60,37,7,0,1,105,gen25zm
83041,83,54,5,0,1,143,gen25zm
83042,42,37,3,0,1,83,gen25zm
83043,73,83,5,0,0,161,gen25ac
83044,104,105,7,2,1,219,gen25ac
83045,59,38,2,0,0,99,gen25zm
83046,66,37,9,2,1,115,gen25zm
83047,59,37,2,2,0,100,gen25zm
83048,103,64,3,0,1,171,gen25zm
83049,45,30,2,0,0,77,gen25zm
83050,25,14,2,0,4,45,gen25zm
83051,20,17,0,0,0,37,gen25zm
83052,35,26,2,1,0,64,gen25zm
83053,66,47,3,0,1,117,gen25zm
83054,61,44,4,0,1,110,gen25zm
83055,39,21,1,0,0,61,gen25zm
83056,68,47,9,0,2,126,gen25zm
83057,14,4,0,0,0,18,gen25zm
83058,0,0,0,0,0,0,Tie
83059,0,0,0,0,0,0,Tie
84001,33,26,8,0,0,67,gen25zm
84002,21,11,2,1,0,35,gen25zm
84003,22,16,2,0,0,40,gen25zm
84004,22,13,0,0,0,35,gen25zm
84005,30,8,4,0,0,42,gen25zm
84006,81,29,6,0,1,117,gen25zm
84007,35,9,3,0,0,47,gen25zm
84008,32,13,3,0,0,48,gen25zm
84009,42,19,2,0,2,65,gen25zm
84010,64,42,7,1,0,114,gen25zm
84011,87,61,6,2,1,157,gen25zm
84012,102,53,6,2,0,163,gen25zm
84013,65,28,2,0,1,96,gen25zm
84014,138,68,7,2,2,217,gen25zm
84015,28,21,2,1,0,52,gen25zm
84016,22,9,5,0,0,36,gen25zm
84017,31,17,1,0,0,49,gen25zm
84018,30,8,1,0,0,39,gen25zm
84019,35,20,2,1,0,58,gen25zm
84020,34,29,6,0,1,70,gen25zm
84021,34,44,1,2,0,81,gen25ac
84022,87,80,3,0,3,173,gen25zm
84023,42,17,0,0,2,61,gen25zm
84024,10,6,1,0,0,17,gen25zm
84025,39,25,7,0,0,71,gen25zm
84026,32,16,2,0,0,50,gen25zm
84027,29,14,3,0,0,46,gen25zm
84028,78,46,6,1,3,134,gen25zm
84029,52,12,4,0,0,68,gen25zm
84030,48,36,12,0,0,96,gen25zm
84031,36,19,17,0,0,72,gen25zm
84032,31,18,3,0,1,53,gen25zm
84033,12,7,2,0,1,22,gen25zm
84034,22,16,0,0,0,38,gen25zm
84035,35,29,6,0,0,70,gen25zm
84036,30,15,1,1,0,47,gen25zm
84037,16,11,4,0,1,32,gen25zm
84038,26,7,2,0,0,35,gen25zm
84039,33,21,4,0,0,58,gen25zm
84040,15,3,0,0,0,18,gen25zm
84041,15,16,0,0,0,31,gen25ac
84042,16,1,0,0,0,17,gen25zm
84043,20,10,4,0,1,35,gen25zm
84044,89,14,4,1,1,109,gen25zm
84045,58,16,6,0,2,82,gen25zm
84046,9,5,0,0,1,15,gen25zm
84047,18,7,1,1,1,28,gen25zm
84048,38,18,5,0,0,61,gen25zm
84049,9,4,1,0,0,14,gen25zm
84050,28,11,1,0,1,41,gen25zm
84051,71,6,4,0,1,82,gen25zm
84052,17,3,0,0,0,20,gen25zm
84053,35,12,2,0,0,49,gen25zm
84054,10,2,2,0,0,14,gen25zm
84055,18,13,3,0,0,34,gen25zm
84056,6,5,1,0,0,12,gen25zm
84057,19,17,2,0,3,41,gen25zm
84058,0,0,0,0,0,0,Tie
84059,0,0,0,0,0,0,Tie
85001,97,89,12,0,1,199,gen25zm
85002,68,39,8,0,0,115,gen25zm
85003,53,44,12,2,1,112,gen25zm
85004,69,58,6,0,0,133,gen25zm
85005,100,67,20,1,0,188,gen25zm
85006,18,12,3,0,1,34,gen25zm
85007,24,10,2,0,0,36,gen25zm
85008,42,23,1,0,0,66,gen25zm
85009,47,33,12,0,1,93,gen25zm
85010,37,22,5,1,3,68,gen25zm
85011,47,41,15,0,1,104,gen25zm
85012,21,11,4,0,1,37,gen25zm
85013,35,39,2,2,0,78,gen25ac
85014,41,17,3,0,0,61,gen25zm
85015,93,80,7,1,3,184,gen25zm
85016,71,70,4,1,1,147,gen25zm
85017,72,61,13,0,2,148,gen25zm
85018,80,69,4,0,0,153,gen25zm
85019,59,55,6,1,0,121,gen25zm
85020,45,56,6,2,1,110,gen25ac
85021,115,51,15,1,2,184,gen25zm
85022,51,38,9,0,1,99,gen25zm
85023,29,16,3,1,0,49,gen25zm
85024,24,14,3,1,0,42,gen25zm
85025,19,9,2,1,0,31,gen25zm
85026,7,14,1,0,0,22,gen25ac
85027,13,11,1,0,0,25,gen25zm
85028,30,18,6,0,0,54,gen25zm
85029,29,22,2,0,3,56,gen25zm
85030,17,17,1,1,1,37,Tie
85031,36,25,5,0,0,66,gen25zm
85032,23,28,7,1,1,60,gen25ac
85033,79,50,8,0,0,137,gen25zm
85034,29,14,2,0,0,45,gen25zm
85035,39,28,4,0,0,71,gen25zm
85036,58,26,5,0,0,89,gen25zm
85037,24,19,1,0,0,44,gen25zm
85038,67,54,12,1,1,135,gen25zm
85039,39,16,5,1,1,62,gen25zm
85040,31,7,7,0,0,45,gen25zm
85041,28,18,3,0,0,49,gen25zm
85042,21,17,6,0,1,45,gen25zm
85043,37,28,4,2,1,72,gen25zm
85044,16,21,2,0,0,39,gen25ac
85045,30,14,2,0,1,47,gen25zm
85046,45,26,4,1,0,76,gen25zm
85047,9,17,4,0,1,31,gen25ac
85048,18,13,3,0,0,34,gen25zm
85049,23,13,2,0,0,38,gen25zm
85050,24,10,4,0,0,38,gen25zm
85051,132,138,5,0,1,276,gen25ac
85052,0,0,0,0,0,0,Tie
85053,0,0,0,0,0,0,Tie
85054,0,0,0,0,0,0,Tie
85055,0,0,0,0,0,0,Tie
85056,0,0,0,0,0,0,Tie
85057,0,0,0,0,0,0,Tie
85058,0,0,0,0,0,0,Tie
85059,0,0,0,0,0,0,Tie
85060,0,0,0,0,0,0,Tie
85061,0,1,0,0,0,1,gen25ac
85062,0,0,0,0,0,0,Tie
85063,0,0,0,0,0,0,Tie
85064,0,0,0,0,0,0,Tie
85065,0,0,0,0,0,0,Tie
85066,0,0,0,0,0,0,Tie
85067,0,0,0,0,0,0,Tie
85068,0,0,0,0,0,0,Tie
85069,0,0,0,0,0,0,Tie
85070,0,0,0,0,0,0,Tie
85071,0,0,0,0,0,0,Tie
85072,0,0,0,0,0,0,Tie
85073,0,0,0,0,0,0,Tie
85074,0,0,0,0,0,0,Tie
85075,0,0,0,0,0,0,Tie
85076,0,0,0,0,0,0,Tie
85077,0,0,0,0,0,0,Tie
85078,0,0,0,0,0,0,Tie
85079,0,0,0,0,0,0,Tie
85080,0,0,0,0,0,0,Tie
85081,0,0,0,0,0,0,Tie
86001,35,19,6,0,2,62,gen25zm
86002,23,25,2,1,0,51,gen25ac
86003,3,1,0,1,0,5,gen25zm
86004,33,27,5,0,3,68,gen25zm
86005,36,32,3,0,0,71,gen25zm
86006,34,20,3,0,1,58,gen25zm
86007,26,24,4,1,0,55,gen25zm
86008,62,23,2,0,0,87,gen25zm
86009,73,73,6,1,1,154,Tie
86010,33,19,4,0,0,56,gen25zm
86011,20,16,1,0,0,37,gen25zm
86012,22,10,2,0,1,35,gen25zm
86013,26,3,1,0,0,30,gen25zm
86014,16,3,2,0,0,21,gen25zm
86015,33,23,9,0,0,65,gen25zm
86016,53,22,7,0,0,82,gen25zm
86017,15,11,2,0,0,28,gen25zm
86018,31,21,3,0,1,56,gen25zm
86019,31,10,4,1,2,48,gen25zm
86020,17,11,1,0,1,30,gen25zm
86021,23,16,5,0,0,44,gen25zm
86022,31,27,1,0,0,59,gen25zm
86023,47,45,5,0,0,97,gen25zm
86024,10,7,0,0,1,18,gen25zm
86025,20,14,1,0,0,35,gen25zm
86026,48,17,3,1,0,69,gen25zm
86027,41,7,4,0,0,52,gen25zm
86028,36,27,1,1,0,65,gen25zm
86029,59,22,2,1,1,85,gen25zm
86030,32,10,6,0,0,48,gen25zm
86031,30,24,3,0,2,59,gen25zm
86032,41,14,3,1,0,59,gen25zm
86033,42,22,2,3,3,72,gen25zm
86034,13,16,1,0,0,30,gen25ac
86035,18,14,2,1,0,35,gen25zm
86036,26,10,2,1,0,39,gen25zm
86037,36,24,0,0,1,61,gen25zm
86038,50,24,5,2,0,81,gen25zm
86039,37,15,10,0,0,62,gen25zm
86040,19,11,4,1,0,35,gen25zm
86041,35,21,1,1,0,58,gen25zm
86042,22,10,0,1,0,33,gen25zm
86043,13,10,2,0,0,25,gen25zm
86044,17,7,1,0,0,25,gen25zm
86045,6,5,0,1,0,12,gen25zm
86046,16,13,2,0,0,31,gen25zm
86047,29,29,6,0,0,64,Tie
86048,21,11,4,0,1,37,gen25zm
86049,43,25,1,1,0,70,gen25zm
86050,37,5,1,0,1,44,gen25zm
86051,0,0,0,0,0,0,Tie
86052,0,0,0,0,0,0,Tie
87001,25,12,3,0,0,40,gen25zm
87002,27,13,2,0,1,43,gen25zm
87003,16,4,3,0,0,23,gen25zm
87004,26,14,4,0,0,44,gen25zm
87005,68,63,9,0,1,141,gen25zm
87006,20,11,3,0,0,34,gen25zm
87007,31,17,0,0,1,49,gen25zm
87008,66,24,4,0,0,94,gen25zm
87009,55,28,5,0,1,89,gen25zm
87010,39,21,8,1,0,69,gen25zm
87011,31,17,2,0,0,50,gen25zm
87012,51,22,9,0,0,82,gen25zm
87013,108,57,8,1,2,176,gen25zm
87014,139,79,12,1,0,231,gen25zm
87015,84,46,7,0,4,141,gen25zm
87016,94,69,10,1,1,175,gen25zm
87017,101,65,12,0,3,181,gen25zm
87018,128,90,11,1,1,231,gen25zm
87019,133,91,13,1,2,240,gen25zm
87020,110,66,10,0,0,186,gen25zm
87021,125,84,17,1,5,232,gen25zm
87022,102,71,10,1,3,187,gen25zm
87023,181,72,7,0,2,262,gen25zm
87024,185,73,15,1,0,274,gen25zm
87025,141,60,11,2,4,218,gen25zm
87026,177,88,12,0,3,280,gen25zm
87027,159,33,7,0,0,199,gen25zm
87028,86,44,13,0,1,144,gen25zm
87029,83,14,4,0,1,102,gen25zm
87030,104,24,8,0,0,136,gen25zm
87031,134,64,14,0,2,214,gen25zm
87032,135,50,10,0,1,196,gen25zm
87033,0,0,0,0,0,0,Tie
87034,72,83,16,0,1,172,gen25ac
87035,26,17,3,1,0,47,gen25zm
87036,3,4,0,0,0,7,gen25ac
87037,80,56,13,0,2,151,gen25zm
87038,43,21,3,0,2,69,gen25zm
87039,106,22,4,0,0,132,gen25zm
87040,96,29,5,1,3,134,gen25zm
87041,76,21,5,1,0,103,gen25zm
87042,77,38,7,0,1,123,gen25zm
87043,64,30,10,1,0,105,gen25zm
87044,36,25,4,0,0,65,gen25zm
87045,67,39,4,0,2,112,gen25zm
87046,65,84,8,1,3,161,gen25ac
87047,90,60,11,2,0,163,gen25zm
87048,94,48,12,0,1,155,gen25zm
87049,69,56,11,2,0,138,gen25zm
87050,19,36,5,0,0,60,gen25ac
87051,49,21,3,0,0,73,gen25zm
87052,40,36,2,1,1,80,gen25zm
87053,0,0,0,0,0,0,Tie
87054,0,0,0,0,0,0,Tie
87055,0,0,0,0,0,0,Tie
