aded25,gen21tot,gen21ea,gen21cs,gen21othr,win21,rvtot25,rvactive725,rvhisp,rvjwsh,rvirit,rvmslm,rvchns,rvgopnop,cvapnhw,cvapblack,cvaphisp,cvapasian,acsbaplus,acsmedinc125,acsmedinc45,ascown,ascrent,cvapyouth,cvapsenior,djt2024,ea2021,cs2021,bikelanefilter
23001,827.821,138.148,615.63,74.043,Curtis Sliwa,1656,1519,0,0,1,0,0,1,1,0,0,0,1,1,0,1,0,0,1,1,0,1,0
23002,592.539,91.073,451.151,50.315,Curtis Sliwa,1668,1477,0,0,1,0,0,1,1,0,0,0,1,1,0,1,0,0,1,1,0,1,0
23003,594.807,95.948,458.626,40.234,Curtis Sliwa,571,508,0,0,1,0,0,1,1,0,0,0,1,1,0,1,0,0,1,1,0,1,1
23004,734.767,205.008,508.18,21.579,Curtis Sliwa,1705,1515,0,1,1,0,0,1,1,0,0,0,1,1,0,1,0,0,1,1,0,1,1
23005,754.791,185.812,542.54,26.439,Curtis Sliwa,1632,1461,0,1,1,0,0,1,1,0,0,0,1,1,0,1,0,0,1,1,0,1,0
23006,920.043,237.397,634.919,47.727,Curtis Sliwa,1603,1441,0,0,1,0,0,1,1,0,0,0,1,1,0,1,0,0,1,1,0,1,0
23007,769.889,195.766,533.476,40.647,Curtis Sliwa,1778,1604,0,0,1,0,0,1,1,0,0,0,0,0,0,1,0,0,1,1,0,1,1
23008,700.866,209.291,441.678,49.897,Curtis Sliwa,1499,1278,0,0,1,0,0,1,1,0,0,0,0,0,0,1,0,0,1,1,0,1,1
23009,375.2,153.815,199.223,22.162,Curtis Sliwa,1277,1020,0,0,1,0,0,0,1,0,0,0,0,0,0,0,1,0,1,1,0,1,1
23010,524.476,182.924,311.413,30.139,Curtis Sliwa,1731,1550,0,0,1,0,0,1,1,0,0,0,0,0,0,0,1,0,1,1,0,1,1
23011,613.308,269.174,311.767,32.366,Curtis Sliwa,1535,1264,0,0,1,0,0,0,0,0,0,0,0,0,0,0,1,0,1,0,0,1,1
23012,160.472,75.977,74.701,9.793,Eric Adams,550,435,0,0,1,0,0,0,1,0,0,0,0,0,0,0,1,0,1,0,1,0,1
23013,606.169,319.384,250.321,36.465,Eric Adams,1249,1046,0,0,1,0,0,0,1,0,0,0,0,0,0,0,1,1,0,0,1,0,1
23014,311.812,149.923,153.153,8.736,Curtis Sliwa,1091,930,0,0,1,0,0,1,1,0,0,0,0,0,0,0,1,0,1,1,0,1,1
23015,358.259,180.617,168,9.641,Eric Adams,1437,1168,0,0,1,0,0,1,1,0,0,0,0,0,0,0,1,0,1,1,1,0,1
23016,250.832,139.906,104.93,5.996,Eric Adams,824,668,0,0,0,0,0,1,1,0,0,0,0,0,0,0,1,0,1,1,1,0,1
23017,461,67,371,23,Curtis Sliwa,949,838,0,0,1,0,0,1,1,0,0,0,0,0,0,1,0,0,1,1,0,1,1
23018,326.769,216.628,96.107,14.035,Eric Adams,1186,1072,0,0,0,0,0,0,0,1,0,0,0,0,0,1,0,0,0,0,1,0,1
23019,59.664,49.664,9,1,Eric Adams,320,265,0,0,0,0,0,0,0,1,0,0,0,0,0,0,1,0,1,0,1,0,1
23020,244.905,197.717,42.422,4.766,Eric Adams,914,658,0,0,0,0,0,0,0,1,0,0,0,0,1,0,1,0,1,0,1,0,1
23021,296.462,240.705,48.535,7.223,Eric Adams,1212,916,0,1,0,0,0,0,0,0,0,0,0,0,0,0,1,0,1,0,1,0,1
23022,123.562,107.229,11.362,4.971,Eric Adams,709,521,0,0,0,0,0,0,0,1,0,0,0,0,1,0,1,0,1,0,1,0,1
23023,22.708,15.143,7.315,0.25,Eric Adams,847,650,0,0,0,0,0,1,1,0,0,0,0,0,1,0,1,0,1,1,1,0,1
23024,119.822,108.79,10.304,0.729,Eric Adams,711,603,0,0,0,0,0,0,0,1,0,0,0,0,1,0,1,1,1,0,1,0,1
23025,298.899,207.785,84.108,7.005,Eric Adams,1647,1281,0,1,0,0,0,0,0,1,0,0,0,0,1,0,1,1,1,1,1,0,1
23026,260.551,205.961,51.352,3.237,Eric Adams,766,660,0,1,0,0,0,0,1,0,0,0,1,0,0,0,1,0,1,1,1,0,1
23027,417.365,273.283,137.816,6.266,Eric Adams,1286,1049,0,1,0,0,0,0,1,0,0,0,1,0,0,0,1,0,1,1,1,0,1
23028,224.964,155.201,65.856,3.908,Eric Adams,1291,1036,0,1,0,0,0,0,0,1,0,0,0,0,0,0,1,1,1,0,1,0,1
23029,512.608,316.056,192.881,3.671,Eric Adams,1304,1059,0,1,0,0,0,1,1,0,0,0,1,0,0,0,1,0,1,1,1,0,0
23030,345.129,207.979,131.851,5.299,Eric Adams,1497,1144,0,1,0,0,0,0,1,0,0,0,0,0,0,0,1,1,1,1,1,0,0
23031,360.397,254.922,95.001,10.473,Eric Adams,1563,1216,0,1,0,0,0,0,0,1,0,0,0,0,0,1,0,1,0,1,1,0,0
23032,542.117,322.586,199.778,19.754,Eric Adams,1740,1411,0,1,0,0,0,0,0,1,0,0,0,1,0,1,0,0,1,1,1,0,0
23033,1040.657,215.859,785.23,39.567,Curtis Sliwa,1721,1502,0,0,1,0,0,1,1,0,0,0,0,1,0,1,0,0,1,1,0,1,1
23034,558.865,84.784,449.997,24.084,Curtis Sliwa,1428,1289,0,0,1,0,0,1,1,0,0,0,0,1,0,1,0,0,1,1,0,1,0
23035,607.916,112.118,469.801,25.997,Curtis Sliwa,1353,1212,0,0,1,0,0,1,1,0,0,0,0,1,0,1,0,0,1,1,0,1,1
23036,724.595,98.803,598.463,27.329,Curtis Sliwa,1552,1356,0,0,1,0,0,1,1,0,0,0,0,0,0,1,0,0,1,1,0,1,1
23037,730.925,131.834,564.998,34.094,Curtis Sliwa,1653,1418,0,0,1,0,0,1,1,0,0,0,0,0,0,1,0,0,1,1,0,1,0
23038,470.534,90.32,363.615,16.599,Curtis Sliwa,1414,1196,0,0,1,0,0,1,1,0,0,0,0,0,0,1,0,0,1,1,0,1,0
23039,15.604,8.777,6.827,0,Eric Adams,164,127,0,0,0,0,0,1,0,0,1,0,0,0,0,1,0,1,0,0,1,0,0
23040,180.371,92.642,84.81,2.919,Eric Adams,1143,894,0,0,0,1,0,0,0,0,1,0,0,0,0,1,0,1,0,1,1,0,0
23041,448.092,147.395,283.601,17.097,Curtis Sliwa,1251,1000,0,0,0,0,0,1,0,0,1,0,0,0,0,1,0,0,0,1,0,1,0
23042,217.626,84.389,125.663,7.574,Curtis Sliwa,991,775,0,0,0,1,0,1,0,0,0,0,0,0,0,1,0,1,1,1,0,1,0
23043,8.408,3.205,5.036,0.166,Curtis Sliwa,26,13,1,0,0,0,0,0,0,0,1,0,0,0,0,1,0,0,1,0,0,1,0
23044,559.197,223.316,314.356,21.526,Curtis Sliwa,1718,1521,0,0,1,0,0,1,1,0,0,0,0,0,0,1,0,0,1,1,0,1,0
23045,480.724,170.524,299.809,10.391,Curtis Sliwa,1101,969,0,0,1,0,0,1,1,0,0,0,0,0,0,1,0,0,1,1,0,1,1
23046,404.68,184.688,199.219,20.772,Curtis Sliwa,1862,1493,0,0,0,1,0,1,0,0,0,0,0,0,0,1,0,1,0,1,0,1,0
23047,69.016,27.358,37.928,3.731,Curtis Sliwa,1268,1059,0,0,1,0,0,1,1,0,1,0,0,0,0,1,0,0,1,1,0,1,1
23048,460.23,169.652,273.708,16.87,Curtis Sliwa,1340,1143,0,0,1,0,0,1,1,0,0,0,0,0,0,1,0,0,1,1,0,1,1
23049,404.978,174.119,216.931,13.928,Curtis Sliwa,1666,1384,0,0,0,0,0,1,0,0,0,0,0,0,0,1,0,0,1,1,0,1,0
23050,110.864,57.36,50.13,3.374,Eric Adams,663,551,0,0,1,1,0,0,1,0,0,0,0,0,0,1,0,1,0,1,1,0,0
23051,242.847,126.427,107.828,8.593,Eric Adams,1172,917,0,0,0,1,0,0,0,0,1,0,0,0,0,1,0,1,1,1,1,0,0
23052,182.218,104.527,75.116,2.575,Eric Adams,711,561,0,0,0,1,0,0,0,0,0,0,0,0,0,1,0,1,1,1,1,0,0
23053,263.912,172.424,85.786,5.702,Eric Adams,1847,1375,0,0,0,1,0,0,0,0,0,1,0,0,0,0,1,1,0,0,1,0,0
23054,245.092,175.011,64.266,5.815,Eric Adams,1781,1307,0,0,0,1,0,0,0,0,0,1,0,0,0,0,1,1,0,0,1,0,0
23055,104.845,56.564,44.273,4.008,Eric Adams,653,461,0,0,0,1,0,1,0,0,1,0,0,0,0,1,0,1,1,1,1,0,0
23056,122.625,62.957,54.856,4.811,Eric Adams,592,451,0,0,1,1,0,0,0,0,0,0,0,0,0,0,1,0,0,1,1,0,0
23057,146.764,73.759,67.446,5.56,Eric Adams,1035,761,0,0,0,1,0,1,0,0,0,0,0,0,0,0,1,0,0,1,1,0,0
23058,335.145,45.58,274.372,15.193,Curtis Sliwa,736,648,0,0,1,0,0,1,1,0,0,0,0,0,0,1,0,0,1,1,0,1,1
23059,272.41,46.028,209.866,16.516,Curtis Sliwa,657,585,0,0,1,0,0,1,1,0,0,0,0,1,0,1,0,0,1,1,0,1,1
23060,285.83,93.264,179.257,13.309,Curtis Sliwa,1249,968,0,0,1,0,0,1,0,0,1,0,0,0,0,1,0,1,1,1,0,1,0
23061,139.761,61.666,74.673,3.423,Curtis Sliwa,34,27,1,0,0,1,0,0,0,0,1,0,0,0,0,1,0,0,1,0,0,1,0
23062,211.54,109.034,96.19,6.316,Eric Adams,1569,1216,0,0,0,1,0,1,0,0,0,0,0,0,0,1,0,1,1,1,1,0,0
23063,92.894,54.805,36.23,1.858,Eric Adams,945,656,0,0,0,1,0,1,0,0,0,0,0,0,0,1,0,0,1,1,1,0,0
23064,43.106,30.195,11.77,1.142,Eric Adams,507,342,0,0,0,1,0,1,0,0,0,1,0,0,0,0,1,1,1,0,1,0,0
23065,181.606,164.954,13.877,2.775,Eric Adams,945,782,0,0,0,0,0,0,0,1,0,0,0,0,1,0,1,0,1,0,1,0,1
23066,167.162,146.869,16.937,3.357,Eric Adams,1195,883,0,0,0,0,0,0,0,1,0,0,0,0,0,0,1,1,1,0,1,0,1
23068,0,0,0,0,Tie,0,0,0,0,0,0,0,0,0,0,0,0,0,0,0,0,0,0,0,0,0,0,0
23069,5.026,2.581,2.363,0.081,Eric Adams,0,0,0,0,0,0,0,0,0,0,0,0,0,0,0,0,0,0,0,0,1,0,0
23070,0.358,0.302,0.044,0.012,Eric Adams,0,0,0,0,0,0,0,0,0,0,0,0,0,0,0,0,0,0,0,0,1,0,0
23071,0,0,0,0,Tie,0,0,0,0,0,0,0,0,0,0,0,0,0,0,0,0,0,0,0,0,0,0,0
23072,0.16,0.068,0.083,0.009,Curtis Sliwa,0,0,0,0,0,0,0,0,0,0,0,0,0,0,0,0,0,0,0,0,0,1,0
23074,39.854,5.42,32.627,1.807,Curtis Sliwa,0,0,0,0,0,0,0,0,0,0,0,0,0,0,0,0,0,0,0,0,0,1,0
24001,63.962,53.944,9.247,0.771,Eric Adams,615,426,0,0,0,1,0,0,0,0,0,1,0,0,0,0,1,1,1,0,1,0,0
24002,107.049,68.554,35.178,3.317,Eric Adams,681,506,0,0,0,1,0,0,0,0,0,1,0,0,0,1,0,1,1,0,1,0,0
24003,148.777,98.839,46.41,3.529,Eric Adams,1583,1118,0,0,0,1,0,0,0,0,0,1,0,0,0,1,0,1,1,1,1,0,0
24004,159.876,104.388,51.507,3.981,Eric Adams,1335,991,0,0,0,1,0,0,0,0,0,0,0,0,0,1,0,1,1,0,1,0,0
24005,146.596,102.415,39.53,4.651,Eric Adams,1345,979,0,0,0,1,0,0,0,0,0,1,0,0,0,1,0,1,1,0,1,0,0
24006,188.474,109.746,72.755,5.973,Eric Adams,1693,1191,0,0,0,1,0,0,0,0,0,0,0,0,0,1,0,0,1,1,1,0,0
24007,112.029,77.514,31.742,2.772,Eric Adams,1279,910,0,0,0,1,0,0,0,0,0,1,0,0,0,1,0,0,1,1,1,0,0
24008,155.428,96.522,53.975,4.931,Eric Adams,1718,1208,0,0,0,1,0,0,0,0,0,1,0,0,0,1,0,1,0,1,1,0,0
24009,101.18,73.071,23.82,4.288,Eric Adams,1050,741,0,0,0,1,0,0,0,0,0,0,0,0,0,1,0,1,1,0,1,0,0
24010,198.123,167.647,25.86,4.616,Eric Adams,1559,1120,0,0,0,0,0,0,0,0,0,1,0,0,0,1,0,1,0,0,1,0,0
24011,130.565,84.665,40.729,5.171,Eric Adams,1172,844,0,0,0,1,0,0,0,0,0,1,0,0,0,1,0,0,0,0,1,0,0
24012,133.653,87.119,40.306,6.228,Eric Adams,1138,836,0,0,0,1,0,0,0,0,0,1,0,0,0,1,0,1,1,0,1,0,0
24013,163.196,118.46,40.22,4.516,Eric Adams,1643,1162,0,0,0,1,0,0,0,0,0,0,0,0,0,1,0,1,1,0,1,0,0
24014,200.458,131.178,64.398,4.882,Eric Adams,1535,1139,0,0,0,1,0,0,0,0,0,1,0,0,0,1,0,1,1,1,1,0,0
24015,172.505,107.722,61.117,3.666,Eric Adams,1643,1134,0,0,0,1,0,1,0,0,0,1,0,0,0,0,1,1,0,1,1,0,0
24016,85.978,63.302,21.224,1.451,Eric Adams,970,640,0,0,0,1,0,0,0,0,0,1,0,0,0,1,0,0,1,0,1,0,0
24017,19.733,15.18,3.864,0.69,Eric Adams,224,172,0,0,0,1,0,0,0,0,0,1,0,0,0,0,1,1,1,0,1,0,0
24018,94,57,32,5,Eric Adams,862,671,0,0,0,0,0,1,0,0,1,0,0,0,0,0,1,1,0,1,1,0,0
24019,176.395,110.565,58.261,7.569,Eric Adams,1504,1066,0,0,0,1,0,0,0,0,0,1,0,0,0,1,0,0,1,0,1,0,0
24020,61.651,49.932,9.819,1.899,Eric Adams,549,371,0,0,0,1,0,0,0,0,0,1,0,0,0,1,0,1,0,0,1,0,0
24021,286.94,139.099,125.45,22.391,Eric Adams,900,721,0,0,0,0,0,1,1,0,0,0,0,0,0,0,1,0,0,1,1,0,1
24022,59.946,20.637,38.326,0.983,Curtis Sliwa,167,132,0,0,1,0,1,1,0,0,0,1,0,0,0,1,0,0,1,1,0,1,0
24023,98.467,71.412,24.274,2.78,Eric Adams,1179,813,0,0,0,1,0,0,0,0,0,1,0,0,0,1,0,1,1,0,1,0,0
24024,199.682,108.309,82.8,8.573,Eric Adams,984,719,0,0,0,0,0,0,1,0,0,0,0,0,0,0,1,0,1,1,1,0,0
24025,105.346,56.536,45.374,3.436,Eric Adams,506,384,0,0,1,0,0,0,0,0,0,0,1,0,0,0,1,0,0,1,1,0,0
24026,120.856,75.45,39.926,5.48,Eric Adams,1041,726,0,0,0,0,0,0,0,0,0,1,0,0,0,1,0,0,1,1,1,0,0
24027,105.629,84.131,16.971,4.527,Eric Adams,649,523,0,0,0,1,0,0,0,0,0,1,0,0,0,1,0,0,1,0,1,0,0
24028,110.141,59.859,45.014,5.268,Eric Adams,677,560,0,1,0,0,0,1,1,0,0,0,1,0,0,0,1,1,0,0,1,0,0
24029,89.379,61.162,25.689,2.528,Eric Adams,1481,1103,0,0,0,1,0,0,0,0,0,1,0,0,0,0,1,1,0,0,1,0,0
24030,184.927,104.824,69.273,10.831,Eric Adams,1019,813,0,0,0,1,0,1,1,0,0,1,1,0,0,0,1,0,1,1,1,0,0
24031,306.207,202.016,86.044,18.146,Eric Adams,1532,1159,0,0,0,1,0,0,0,0,1,0,1,0,0,0,1,1,0,1,1,0,1
24032,235.961,164.708,65.286,5.967,Eric Adams,1561,1103,0,0,0,1,0,0,0,0,0,0,0,0,0,0,1,0,1,0,1,0,0
24033,12.581,5.838,6.003,0.74,Curtis Sliwa,44,39,0,1,0,0,0,1,1,0,0,0,1,0,0,1,0,0,1,1,0,1,0
24034,58.787,45.221,11.511,2.055,Eric Adams,456,337,0,0,0,1,0,0,0,0,0,1,0,0,0,0,1,0,1,0,1,0,0
24035,80.264,57.978,18.782,3.505,Eric Adams,665,509,0,0,0,1,0,0,0,0,0,1,0,0,0,0,1,1,1,0,1,0,1
24036,208.913,154.888,45.221,8.805,Eric Adams,1491,1157,0,0,0,1,0,0,0,0,0,0,0,0,0,0,1,1,1,0,1,0,1
24037,131.695,94.408,32.099,5.188,Eric Adams,886,627,0,0,0,1,0,0,0,0,0,1,0,0,0,0,1,1,1,0,1,0,1
24038,377,282,84,11,Eric Adams,1676,1365,0,0,0,1,0,0,0,0,0,0,0,0,0,0,1,0,1,0,1,0,0
24039,227.101,142.939,71.596,12.566,Eric Adams,1317,1017,0,0,0,0,1,1,0,0,0,0,1,0,0,0,1,1,0,0,1,0,0
24040,140,90,43,7,Eric Adams,950,718,0,0,0,1,0,0,0,0,0,1,0,0,0,0,1,0,1,0,1,0,0
24041,127.046,72.053,44.703,10.291,Eric Adams,989,700,0,0,0,1,0,0,0,0,0,1,0,0,0,0,1,0,1,1,1,0,0
24042,141.969,117.563,18.433,5.973,Eric Adams,882,715,0,0,0,1,0,0,0,0,0,1,0,0,0,0,1,0,1,0,1,0,0
24043,192.597,120.616,65.026,6.955,Eric Adams,1557,1181,0,0,0,1,0,0,0,0,0,1,0,1,0,0,1,1,0,0,1,0,0
24044,144.786,125.558,16.187,3.041,Eric Adams,811,613,0,0,0,1,0,0,0,0,0,1,0,0,0,0,1,0,1,0,1,0,0
24045,68.216,49.483,16.33,2.402,Eric Adams,269,224,0,0,0,1,1,0,0,0,0,1,0,0,0,0,1,0,0,0,1,0,0
24046,296.061,222.82,57.941,15.3,Eric Adams,1465,1197,0,0,0,1,0,0,0,0,0,1,0,0,0,0,1,1,0,0,1,0,0
24047,385.312,276.162,89.465,19.685,Eric Adams,1166,993,0,0,0,1,0,0,0,0,0,0,0,0,0,1,0,0,1,0,1,0,0
24048,252.211,174.128,66.459,11.624,Eric Adams,1257,1036,0,0,0,1,0,0,0,0,0,0,0,0,0,1,0,0,1,0,1,0,0
24049,515.026,196.536,303.583,14.907,Curtis Sliwa,1870,1573,0,1,0,0,0,1,1,0,0,0,1,0,0,1,0,0,1,1,0,1,0
24050,140.42,65.162,66.998,8.26,Curtis Sliwa,538,455,0,1,0,0,1,1,1,0,0,0,1,0,0,1,0,0,1,1,0,1,0
24051,400.277,234.426,156.221,9.629,Eric Adams,1694,1391,0,0,0,1,0,0,1,0,0,0,0,0,0,1,0,0,1,0,1,0,0
24052,466.618,357.967,101.88,6.77,Eric Adams,1710,1415,0,0,0,1,0,0,0,0,0,0,0,0,0,1,0,0,1,0,1,0,0
24053,566.728,473.087,77.036,16.605,Eric Adams,1711,1463,0,0,0,0,0,0,0,1,0,0,0,0,0,0,1,0,1,0,1,0,0
24054,48.447,41.308,5.774,1.365,Eric Adams,309,230,0,0,0,1,0,0,0,1,0,0,0,0,0,0,1,0,1,0,1,0,0
24055,182.579,141.336,33.328,7.915,Eric Adams,1098,866,0,0,0,1,0,0,0,0,0,0,0,0,0,0,1,0,1,0,1,0,0
24056,347.019,226.138,108.948,11.933,Eric Adams,1171,1025,0,0,0,0,0,0,0,0,0,0,0,0,0,1,0,0,1,0,1,0,0
24057,276.247,165.254,100.021,10.972,Eric Adams,1018,860,0,0,0,1,0,0,0,0,0,0,0,0,0,1,0,0,1,0,1,0,0
24058,437.257,199.728,221.686,15.843,Curtis Sliwa,1278,1116,0,1,0,0,1,1,1,0,0,0,1,1,0,1,0,0,1,1,0,1,0
24059,442.972,228.205,206.522,8.244,Eric Adams,1198,1044,0,0,0,0,1,1,1,0,0,1,1,1,0,1,0,0,1,1,1,0,0
24060,652.21,326.114,300.09,26.005,Eric Adams,1826,1583,0,0,1,0,1,1,1,0,0,0,1,0,0,1,0,0,1,1,1,0,1
24061,524.566,260.676,242.699,21.19,Eric Adams,1580,1358,0,0,0,0,1,1,1,0,0,1,1,0,0,1,0,0,1,1,1,0,1
24062,564.239,294.74,251.303,18.196,Eric Adams,1639,1422,0,1,0,0,1,1,1,0,0,0,1,0,0,1,0,0,1,1,1,0,1
24063,308.272,151.315,145.146,11.811,Eric Adams,720,627,0,1,0,0,1,1,1,0,0,1,0,0,0,1,0,0,1,1,1,0,1
24064,337.922,173.589,155.513,8.82,Eric Adams,1534,1232,0,0,0,0,1,1,0,0,0,1,0,0,0,1,0,0,1,1,1,0,1
24065,328.805,252.663,65.327,10.814,Eric Adams,1733,1399,0,0,0,1,0,0,0,0,0,1,0,0,0,0,1,0,1,0,1,0,0
24066,8.925,6.752,1.863,0.31,Eric Adams,0,0,0,0,0,0,0,0,0,0,0,0,0,0,0,0,0,0,0,0,1,0,0
25001,310.284,195.77,100.036,14.478,Eric Adams,1786,1423,0,0,0,0,0,0,0,0,0,0,1,0,0,0,1,1,0,0,1,0,0
25002,496.988,336.562,140.723,19.704,Eric Adams,1457,1272,0,0,0,0,0,0,0,0,0,0,0,0,0,0,1,0,1,0,1,0,1
25003,264.719,173.802,75.561,15.355,Eric Adams,446,334,0,0,0,0,1,1,1,0,0,0,0,0,0,0,1,0,1,1,1,0,0
25004,142.117,85.446,51.602,5.07,Eric Adams,788,622,0,0,0,1,0,1,0,0,0,0,0,1,0,1,0,1,1,0,1,0,0
25005,462.857,303.131,136.279,23.446,Eric Adams,1539,1302,0,0,0,0,1,0,0,0,0,0,1,0,0,1,0,1,1,0,1,0,0
25006,212.883,127.554,76.398,8.93,Eric Adams,1166,892,0,0,0,1,1,1,0,0,0,0,1,0,0,1,0,1,0,1,1,0,0
25007,42,23,13,6,Eric Adams,186,151,0,0,0,0,1,1,1,0,0,0,1,0,0,1,0,1,0,1,1,0,0
25008,26.486,11.772,14.715,0,Curtis Sliwa,145,115,0,0,0,0,1,1,1,0,0,0,1,0,0,1,0,1,0,0,0,1,0
25009,330.156,140.957,176.049,13.149,Curtis Sliwa,1593,1162,0,0,0,0,1,1,0,0,0,1,0,0,0,1,0,0,1,1,0,1,0
25010,24.518,19.483,4.069,0.965,Eric Adams,280,238,0,0,0,0,1,0,0,0,0,0,0,0,0,0,1,0,1,1,1,0,1
25011,280.074,116.459,156.611,7.004,Curtis Sliwa,1281,1018,0,1,0,0,1,1,1,0,0,1,1,1,0,1,0,0,1,1,0,1,0
25012,435.068,193.527,227.373,14.168,Curtis Sliwa,1622,1340,0,0,0,0,1,1,1,0,0,1,1,1,0,1,0,0,1,1,0,1,0
25013,383.53,140.006,226.022,17.502,Curtis Sliwa,1713,1349,0,0,0,0,1,1,0,0,0,1,0,0,0,1,0,0,1,1,0,1,0
25014,344.641,133.045,200.011,11.584,Curtis Sliwa,1668,1296,0,0,0,0,1,1,1,0,0,1,0,0,0,1,0,0,1,1,0,1,0
25015,246.354,96.833,139.374,10.146,Curtis Sliwa,1292,964,0,0,0,0,1,1,0,0,0,1,0,0,0,1,0,0,1,1,0,1,0
25016,346.035,134.55,202.342,9.142,Curtis Sliwa,1412,1126,0,1,0,0,1,1,1,0,0,1,0,0,0,1,0,0,1,1,0,1,0
25017,426.78,194.858,219.851,12.07,Curtis Sliwa,1574,1265,0,0,0,0,1,1,0,0,0,1,1,1,0,1,0,1,1,1,0,1,1
25018,351.299,224.683,114.902,11.714,Eric Adams,1522,1246,0,0,0,0,1,1,0,0,0,0,1,0,0,0,1,0,1,0,1,0,1
25019,291.099,192.703,86.79,11.607,Eric Adams,1587,1318,0,0,0,1,0,0,0,0,0,0,1,0,0,0,1,1,1,0,1,0,0
25020,304.188,205.93,90.938,7.32,Eric Adams,1513,1248,0,0,0,1,0,0,0,0,0,1,1,0,0,0,1,1,1,0,1,0,0
25021,248.549,142.23,98.968,7.351,Eric Adams,1281,1030,0,0,0,0,1,0,0,0,0,1,1,0,0,1,0,0,1,1,1,0,0
25022,294.219,147.747,131.512,14.96,Eric Adams,1416,1129,0,0,0,0,1,1,0,0,0,1,0,0,0,1,0,0,1,1,1,0,0
25023,312.046,162.109,140.184,9.754,Eric Adams,988,780,0,0,0,0,1,1,0,0,0,1,0,0,0,1,0,0,1,1,1,0,1
25024,287.549,128.564,152.464,6.52,Curtis Sliwa,1123,867,0,0,0,0,1,1,0,0,0,1,1,1,0,1,0,0,1,1,0,1,1
25025,436.025,187.301,230.394,18.33,Curtis Sliwa,1666,1314,0,0,0,0,1,1,0,0,0,1,1,0,0,1,0,0,1,1,0,1,1
25026,415.872,159.014,244.718,12.14,Curtis Sliwa,1666,1332,0,0,0,0,1,1,0,0,0,1,0,0,0,1,0,0,1,1,0,1,1
25027,459.3,245.923,198.55,14.827,Eric Adams,1612,1271,0,0,0,0,1,1,0,0,0,0,0,0,0,1,0,0,0,1,1,0,1
25028,212.123,111.772,93.306,7.045,Eric Adams,1308,1002,0,0,0,0,1,1,0,0,0,1,0,0,0,1,0,0,0,1,1,0,1
25029,451.556,185.049,243.217,23.291,Curtis Sliwa,1626,1281,0,0,0,0,1,1,0,0,0,1,0,0,0,1,0,0,1,1,0,1,0
25030,349.439,123.043,211.656,14.74,Curtis Sliwa,1534,1153,0,0,0,0,1,1,1,0,0,1,0,0,0,1,0,1,1,1,0,1,0
25031,350.437,122.584,212.668,15.186,Curtis Sliwa,1460,1088,0,0,0,0,1,1,0,0,0,1,0,0,0,1,0,0,1,1,0,1,1
25032,376.361,137.999,222.96,15.401,Curtis Sliwa,1248,983,0,0,0,0,1,1,0,0,0,1,0,0,0,1,0,1,1,1,0,1,1
25033,449.225,156.963,274.983,17.279,Curtis Sliwa,1482,1220,0,0,1,0,1,1,0,0,0,0,0,0,0,1,0,1,1,1,0,1,1
25034,332.886,113.412,207.926,11.548,Curtis Sliwa,1513,1160,0,0,0,0,1,1,1,0,0,1,0,0,0,1,0,1,1,1,0,1,1
25035,246.107,111.604,121.111,13.392,Curtis Sliwa,1624,1165,0,0,0,0,1,1,0,0,0,1,0,0,0,1,0,0,1,1,0,1,1
25036,277.877,91.827,174.847,11.204,Curtis Sliwa,1325,984,0,0,0,0,1,1,1,0,0,1,0,0,0,1,0,0,1,1,0,1,0
25037,239.359,118.735,107.915,12.709,Eric Adams,1538,966,0,0,0,0,1,1,0,0,0,1,0,0,0,1,0,0,1,1,1,0,1
25038,232.787,104.426,114.745,13.616,Curtis Sliwa,1488,955,0,0,0,0,1,1,0,0,0,1,0,0,0,1,0,0,1,1,0,1,1
25039,240.306,115.364,115.353,9.59,Eric Adams,1591,979,0,0,0,0,1,1,0,0,0,1,0,0,0,0,1,0,0,1,1,0,1
25040,238.137,103.718,123.202,11.216,Curtis Sliwa,1642,1034,0,0,0,0,1,1,0,0,0,1,0,0,0,0,1,0,0,1,0,1,1
25041,232.444,128.452,95.972,8.02,Eric Adams,1262,811,0,0,0,0,1,1,0,0,0,1,0,0,1,0,1,0,1,1,1,0,1
25042,373.174,195.455,167.471,10.248,Eric Adams,1567,1029,0,0,0,0,1,1,0,0,0,1,0,0,0,0,1,0,1,1,1,0,0
25043,380.833,222.015,141.062,17.756,Eric Adams,1571,1070,0,0,0,0,1,0,0,0,0,1,0,0,1,0,1,0,1,1,1,0,0
25044,224.276,163.125,56.134,5.017,Eric Adams,1464,1095,0,0,0,0,1,0,0,0,0,1,0,0,1,0,1,0,1,1,1,0,0
25045,331.592,148.187,170.8,12.605,Curtis Sliwa,1586,1049,0,0,0,0,1,1,0,0,0,1,0,0,0,1,0,0,1,1,0,1,1
25046,184.539,96.712,82.285,5.542,Eric Adams,1416,866,0,0,0,0,1,1,0,0,0,1,0,0,1,0,1,0,1,1,1,0,1
25047,146.464,78.557,60.233,7.674,Eric Adams,867,567,0,0,0,0,1,1,0,0,0,1,0,0,0,0,1,0,1,1,1,0,0
25048,5.416,3.523,1.72,0.173,Eric Adams,0,0,0,0,0,0,0,0,0,0,0,0,0,0,0,0,0,0,0,0,1,0,0
25049,24.473,17.107,6.635,0.731,Eric Adams,0,0,0,0,0,0,0,0,0,0,0,0,0,0,0,0,0,0,0,0,1,0,0
26001,112.916,55.89,53.747,3.279,Eric Adams,666,546,0,0,0,1,0,1,0,0,0,1,0,0,0,1,0,0,1,1,1,0,0
26002,57.427,40.195,12.447,4.785,Eric Adams,391,288,0,0,0,1,1,0,0,0,0,0,0,0,0,0,1,0,1,0,1,0,1
26003,63.054,32.403,27.148,3.503,Eric Adams,354,285,0,0,0,1,0,0,0,0,0,1,0,1,0,1,0,0,1,1,1,0,0
26004,159.064,91.475,58.965,8.624,Eric Adams,603,505,0,0,0,1,0,0,0,0,0,1,0,0,0,1,0,0,1,0,1,0,1
26005,14.379,8.162,5.062,1.156,Eric Adams,122,83,0,0,0,0,0,1,0,0,0,0,0,0,0,0,1,0,1,0,1,0,1
26006,297.231,157.023,130.519,9.689,Eric Adams,1446,1066,0,0,0,0,1,1,0,0,0,1,1,0,0,1,0,0,1,1,1,0,1
26007,397.492,215.076,163.751,18.666,Eric Adams,1464,1236,0,0,0,0,0,0,0,0,0,0,0,0,0,1,0,0,1,1,1,0,0
26008,565.072,284.246,257.422,23.404,Eric Adams,1658,1443,0,0,1,0,0,1,1,0,0,0,0,0,0,1,0,0,1,1,1,0,0
26009,151,81,66,4,Eric Adams,866,685,0,0,0,1,1,0,0,0,0,1,0,0,0,1,0,0,1,0,1,0,0
26010,427.194,309.19,114.667,3.337,Eric Adams,1213,1165,0,1,0,0,0,0,1,0,0,0,1,0,0,1,0,0,1,0,1,0,0
26011,527.806,387.81,132.333,7.663,Eric Adams,690,662,0,1,0,0,0,0,1,0,0,0,1,0,0,1,0,0,1,0,1,0,0
26012,499.353,240.415,240.907,18.03,Curtis Sliwa,1738,1502,0,0,1,0,0,1,1,0,0,0,0,0,0,1,0,0,1,1,0,1,0
26013,440.096,193.919,227.636,18.541,Curtis Sliwa,1747,1477,0,0,0,0,0,1,0,0,0,1,0,0,0,1,0,0,1,1,0,1,0
26014,415.762,219.679,179.62,16.462,Eric Adams,1641,1388,0,0,0,1,0,0,0,0,0,1,0,0,0,1,0,0,1,1,1,0,0
26015,434.838,235.612,190.097,9.129,Eric Adams,1797,1497,0,0,0,1,0,0,0,0,0,1,0,0,0,1,0,0,1,1,1,0,0
26016,561.262,270.072,271.486,19.704,Curtis Sliwa,1797,1460,0,0,0,0,1,1,1,0,0,1,1,1,0,1,0,0,1,1,0,1,0
26017,432.626,219.246,200.535,12.845,Eric Adams,1617,1388,0,1,1,0,1,1,1,0,0,1,1,1,0,1,0,0,1,1,1,0,0
26018,240.256,116.043,117.617,6.596,Curtis Sliwa,1412,1083,0,0,0,0,1,1,0,0,0,1,0,0,0,1,0,0,1,1,0,1,0
26019,218.394,108.128,102.466,7.8,Eric Adams,752,624,0,0,0,0,1,1,0,0,0,1,0,0,0,1,0,0,1,1,1,0,0
26020,661.669,327.31,310.332,24.027,Eric Adams,1776,1509,0,0,1,0,1,1,1,0,0,1,0,0,0,1,0,0,1,1,1,0,0
26021,536.445,198.522,314.862,23.061,Curtis Sliwa,1721,1446,0,0,1,0,1,1,1,0,0,1,1,0,0,1,0,0,1,1,0,1,0
26022,622.907,203.437,394.418,25.052,Curtis Sliwa,1719,1495,0,0,1,0,1,1,1,0,0,1,1,1,0,1,0,0,1,1,0,1,1
26023,506.782,221.026,266.519,19.237,Curtis Sliwa,1582,1335,0,0,0,0,1,1,1,0,0,1,0,0,0,1,0,0,1,1,0,1,0
26024,665.489,257.751,380.851,26.887,Curtis Sliwa,1540,1358,0,0,1,0,1,1,1,0,0,1,0,0,0,1,0,0,1,1,0,1,1
26025,357.231,145.427,200.188,11.616,Curtis Sliwa,1085,900,0,0,0,0,1,1,1,0,0,1,0,0,0,1,0,0,1,1,0,1,0
26026,468.855,187.875,264.074,16.907,Curtis Sliwa,1137,1002,0,0,1,0,1,1,1,0,0,0,1,1,0,1,0,0,1,1,0,1,0
26027,88.577,35.305,50.143,3.129,Curtis Sliwa,296,225,0,0,0,0,1,1,1,0,0,1,1,0,0,1,0,0,0,1,0,1,1
26028,315.307,143.844,161.852,9.61,Curtis Sliwa,1575,1230,0,0,0,0,1,1,0,0,0,1,0,0,0,0,1,0,1,1,0,1,1
26029,249.996,93.882,143.214,12.9,Curtis Sliwa,1202,876,0,0,0,0,1,1,1,0,0,1,0,0,0,0,1,0,1,1,0,1,1
26030,32.499,14.847,16.332,1.32,Curtis Sliwa,24,21,0,0,0,0,1,1,0,0,0,1,0,0,0,0,1,0,1,0,0,1,1
26031,402.559,190.722,195.87,15.966,Curtis Sliwa,1640,1324,0,0,0,0,1,1,1,0,0,1,1,0,0,1,0,0,1,1,0,1,1
26032,332.162,159.029,161.413,11.72,Curtis Sliwa,1510,1241,0,0,0,0,1,1,1,0,0,1,1,0,0,0,1,1,1,1,0,1,1
26033,537.383,209.928,310.731,16.724,Curtis Sliwa,1695,1395,0,0,1,0,1,1,1,0,0,1,0,1,0,1,0,0,1,1,0,1,1
26034,591.987,216.514,359.315,16.157,Curtis Sliwa,1723,1436,0,0,1,0,1,1,1,0,0,1,0,1,0,1,0,0,1,1,0,1,1
26035,364.252,164.373,184.572,15.308,Curtis Sliwa,1056,909,0,0,1,0,1,1,1,0,0,1,0,0,0,1,0,0,1,1,0,1,0
26036,444.755,161.492,271.467,11.796,Curtis Sliwa,1447,1225,0,0,1,0,1,1,1,0,0,1,0,1,0,1,0,0,1,1,0,1,1
26037,375.009,140.003,220.006,15,Curtis Sliwa,1210,1005,0,0,0,0,1,1,1,0,0,1,0,1,0,1,0,0,1,1,0,1,0
26038,355.334,214.717,133.283,7.335,Eric Adams,1791,1594,0,1,0,0,1,1,1,0,0,0,1,0,0,1,0,0,1,0,1,0,0
26039,394.841,208.629,174.661,11.55,Eric Adams,1021,860,0,0,0,0,1,1,1,0,0,1,0,1,0,1,0,0,1,1,1,0,0
26040,272.025,147.718,117.885,6.422,Eric Adams,949,795,0,1,0,0,1,1,1,0,0,1,0,1,0,1,0,0,1,1,1,0,0
26041,684.035,385.946,280.814,17.275,Eric Adams,1492,1346,0,1,0,0,1,0,1,0,0,0,1,0,0,1,0,0,1,0,1,0,0
26042,763.805,392.59,357.177,14.038,Eric Adams,1260,1100,0,0,1,0,1,1,1,0,0,1,1,0,0,1,0,0,1,1,1,0,1
26043,269.588,161.192,99.842,8.554,Eric Adams,1454,1286,0,1,0,0,0,1,1,0,0,0,1,0,0,1,0,0,1,0,1,0,1
26044,276.641,141.463,128.259,6.919,Eric Adams,1301,1155,0,1,0,0,1,1,1,0,0,1,1,0,0,1,0,0,1,1,1,0,1
26045,272.819,113.57,154.455,4.794,Curtis Sliwa,1515,1377,0,1,1,0,0,1,1,0,0,0,0,0,0,1,0,0,1,1,0,1,0
26046,641.62,285.572,346.836,9.212,Curtis Sliwa,1047,950,0,0,1,0,0,1,1,0,0,0,0,0,0,1,0,0,1,1,0,1,1
26047,352.409,135.228,203.422,13.759,Curtis Sliwa,1367,1119,0,0,0,0,1,1,1,0,0,1,0,0,0,1,0,0,1,1,0,1,0
26048,521.281,178.722,322.167,20.393,Curtis Sliwa,1270,1084,0,0,1,0,1,1,1,0,0,1,0,0,0,1,0,0,1,1,0,1,0
26049,393.923,132.273,246.69,14.96,Curtis Sliwa,1157,990,0,0,1,0,1,1,1,0,0,0,0,0,0,1,0,0,1,1,0,1,0
26050,604.595,173.826,415.857,14.913,Curtis Sliwa,1677,1414,0,0,1,0,1,1,1,0,0,0,0,0,0,1,0,0,1,1,0,1,0
26051,296.36,101.223,183.183,11.953,Curtis Sliwa,837,657,0,0,0,0,1,1,1,0,0,1,0,0,0,1,0,0,1,1,0,1,1
26052,420.46,147.007,257.627,15.825,Curtis Sliwa,1168,976,0,0,1,0,1,1,1,0,0,1,1,1,0,1,0,0,1,1,0,1,0
26053,348.64,123.776,211.817,13.046,Curtis Sliwa,1476,1190,0,0,1,0,1,1,1,0,0,1,0,0,0,1,0,0,1,1,0,1,1
26054,465.078,196.227,249.199,19.653,Curtis Sliwa,1639,1364,0,0,0,0,1,1,1,0,0,1,0,0,0,0,1,0,1,1,0,1,1
26055,541.307,203.725,311.876,25.706,Curtis Sliwa,1626,1356,0,0,1,0,1,1,1,0,0,1,1,0,0,1,0,0,1,1,0,1,1
26056,508.578,217.422,277.678,13.479,Curtis Sliwa,1541,1262,0,0,1,0,1,1,1,0,0,1,1,0,0,1,0,0,1,1,0,1,0
26057,459.321,204.907,238.952,15.463,Curtis Sliwa,1656,1339,0,0,1,0,1,1,1,0,0,1,0,0,0,1,0,0,1,1,0,1,0
26058,99,39,54,6,Curtis Sliwa,614,457,0,0,0,0,1,1,0,0,0,1,0,0,0,1,0,0,1,1,0,1,0
26059,480.544,179.14,280.166,21.238,Curtis Sliwa,1529,1246,0,0,0,0,1,1,0,0,0,1,0,0,0,1,0,0,1,1,0,1,0
26060,276.877,107.075,158.351,11.45,Curtis Sliwa,1364,1030,0,0,0,0,1,1,0,0,0,1,0,0,0,0,1,0,1,1,0,1,0
26061,400.497,175.809,204.33,20.358,Curtis Sliwa,1671,1320,0,0,1,0,1,1,1,0,0,1,0,0,0,1,0,1,1,1,0,1,0
26063,4.491,1.798,2.534,0.159,Curtis Sliwa,0,0,0,0,0,0,0,0,0,0,0,0,0,0,0,0,0,0,0,0,0,1,0
26064,1.03,0.412,0.581,0.036,Curtis Sliwa,0,0,0,0,0,0,0,0,0,0,0,0,0,0,0,0,0,0,0,0,0,1,0
26065,0,0,0,0,Tie,0,0,0,0,0,0,0,0,0,0,0,0,0,0,0,0,0,0,0,0,0,0,0
27001,159.041,42.127,109.339,7.575,Curtis Sliwa,662,536,0,0,0,0,1,1,1,0,0,1,0,0,0,1,0,0,1,1,0,1,0
27002,248.653,180.027,54.606,14.02,Eric Adams,1708,1380,0,0,0,0,0,0,0,0,1,0,0,0,0,0,1,0,1,0,1,0,0
27003,585.549,396.958,154.604,33.988,Eric Adams,1500,1367,0,0,0,0,1,0,1,0,0,1,1,0,0,1,0,0,1,0,1,0,1
27004,314.561,198.23,101.412,14.918,Eric Adams,1460,1334,0,1,0,0,1,0,1,0,0,0,1,0,0,1,0,0,1,0,1,0,1
27005,540.092,356.683,155.786,27.622,Eric Adams,1629,1483,0,1,0,0,1,0,1,0,0,1,1,0,0,1,0,0,1,0,1,0,1
27006,476.989,308.421,152.07,16.498,Eric Adams,989,890,0,1,0,0,1,0,1,0,0,1,1,0,0,1,0,0,1,0,1,0,0
27007,43.687,12.882,29.685,1.12,Curtis Sliwa,408,345,0,0,0,0,0,1,1,0,0,0,1,0,0,1,0,0,1,1,0,1,0
27008,116.577,61.449,50.854,4.274,Eric Adams,751,579,0,0,0,0,1,1,0,0,0,0,0,0,0,1,0,0,1,1,1,0,1
27009,219.131,114.202,95.601,9.327,Eric Adams,1108,882,0,0,0,0,1,1,1,0,0,0,0,0,0,0,1,1,1,1,1,0,0
27010,139.746,92.895,42.4,4.451,Eric Adams,687,517,0,0,0,0,1,0,0,0,1,0,0,0,0,1,0,0,1,0,1,0,0
27011,121.869,77.786,41.742,2.341,Eric Adams,563,427,0,0,0,1,1,0,0,0,0,0,0,0,0,1,0,0,1,0,1,0,0
27012,277.68,185.892,82.443,9.344,Eric Adams,1700,1282,0,0,0,0,0,0,0,0,0,0,0,0,1,0,1,1,1,0,1,0,0
27013,260.406,151.032,100.851,8.522,Eric Adams,1570,1215,0,0,0,0,1,1,0,0,0,0,0,0,0,0,1,0,1,1,1,0,0
27014,431.944,267.775,147.965,16.204,Eric Adams,1510,1284,0,0,1,0,0,0,0,0,1,0,0,0,0,0,1,0,1,0,1,0,0
27015,413.034,253.745,141.951,17.338,Eric Adams,1700,1394,0,0,1,0,0,0,1,0,0,0,0,0,0,0,1,0,1,0,1,0,0
27016,189.618,139.388,47.236,2.995,Eric Adams,928,760,0,0,0,0,0,0,0,0,1,0,0,0,0,0,1,0,1,0,1,0,0
27017,200.559,144.197,51.444,4.917,Eric Adams,1646,1128,0,0,0,0,1,0,0,0,0,0,0,0,1,0,1,1,1,0,1,0,0
27018,135.438,103.53,29.733,2.175,Eric Adams,878,649,0,0,0,0,0,0,0,1,0,0,0,0,1,0,1,1,1,0,1,0,0
27019,327.676,143.502,169.903,14.271,Curtis Sliwa,1859,1279,0,0,0,0,1,1,1,0,0,1,0,0,0,1,0,0,1,1,0,1,0
27020,597.724,339.614,239.455,18.655,Eric Adams,1181,909,0,1,0,0,1,1,1,0,0,1,1,0,0,1,0,1,0,1,1,0,1
27021,432.843,214.712,207.254,10.876,Eric Adams,1593,1216,0,1,0,0,1,1,0,0,0,1,1,0,0,1,0,1,0,1,1,0,0
27022,247.69,144.216,96.138,7.336,Eric Adams,1644,1284,0,1,0,0,1,0,0,0,0,0,1,0,0,1,0,1,0,1,1,0,1
27023,353.814,161.737,186.205,5.872,Curtis Sliwa,1554,1156,0,1,0,0,1,1,1,0,0,0,1,0,0,1,0,1,1,1,0,1,0
27024,434.359,185.048,242.271,7.04,Curtis Sliwa,1282,992,0,1,0,0,1,1,1,0,0,1,1,0,0,1,0,1,1,1,0,1,1
27025,403.509,219.162,176.027,8.319,Eric Adams,1666,1339,0,1,0,0,0,1,1,0,0,0,0,0,0,1,0,1,1,1,1,0,0
27026,116.253,74.146,39.369,2.738,Eric Adams,490,352,0,0,0,1,0,0,0,0,1,0,0,0,0,0,1,1,0,0,1,0,0
27027,514.957,244.276,262.023,8.658,Curtis Sliwa,1796,1417,0,1,0,0,0,0,1,0,0,0,1,0,0,1,0,1,1,1,0,1,0
27028,201.957,105.922,89.652,6.383,Eric Adams,1484,1235,0,1,0,0,1,1,1,0,0,1,0,0,0,0,1,0,0,1,1,0,1
27029,325.717,180.532,136.81,8.375,Eric Adams,1594,1212,0,1,0,0,0,0,1,0,0,0,0,0,0,0,1,1,1,1,1,0,0
27030,194.034,99.218,87.31,7.506,Eric Adams,889,719,0,1,0,0,1,0,1,0,0,0,0,0,0,0,1,1,1,1,1,0,0
27031,34.313,10.118,23.315,0.88,Curtis Sliwa,130,109,0,1,0,0,0,1,0,0,0,0,0,0,0,1,0,0,1,1,0,1,0
27032,384.162,154.381,220.612,9.169,Curtis Sliwa,1701,1276,0,0,0,0,1,1,0,0,0,0,0,0,0,1,0,0,1,1,0,1,0
27033,251.34,86.05,157.166,8.124,Curtis Sliwa,1723,1212,0,0,0,0,1,1,0,0,1,0,0,0,0,1,0,0,1,1,0,1,0
27034,217.31,87.092,125.355,4.863,Curtis Sliwa,1722,1227,0,0,0,0,1,1,0,0,1,0,0,0,0,0,1,0,0,1,0,1,0
27035,378.549,137.752,229.991,10.806,Curtis Sliwa,1742,1282,0,0,0,0,1,1,1,0,0,0,0,0,0,1,0,0,1,1,0,1,0
27036,178.591,50.802,121.042,6.747,Curtis Sliwa,1703,1249,0,0,0,0,1,1,0,0,1,0,0,0,0,1,0,0,1,1,0,1,0
27037,395.843,140.953,235.975,18.915,Curtis Sliwa,1666,1256,0,0,0,0,1,1,0,0,0,0,0,0,0,1,0,1,0,1,0,1,0
27038,279.732,100.181,171.864,7.688,Curtis Sliwa,1694,1234,0,0,0,0,1,1,0,0,0,0,0,0,0,1,0,1,0,1,0,1,0
27039,385.133,111.613,263.9,9.62,Curtis Sliwa,1458,1182,0,0,1,0,1,1,1,0,0,0,0,0,0,1,0,0,1,1,0,1,0
27040,287.529,176.559,101.204,9.766,Eric Adams,1823,1378,0,0,0,0,1,1,0,0,0,1,0,0,0,0,1,1,0,1,1,0,0
27041,160.638,39.609,120.02,1.008,Curtis Sliwa,568,474,0,0,1,0,1,1,1,0,0,0,0,0,0,1,0,0,1,1,0,1,0
27042,580.994,79.825,495.328,5.841,Curtis Sliwa,1747,1552,0,0,1,0,0,1,1,0,0,0,0,0,0,1,0,0,1,1,0,1,0
27043,543.593,130.318,400.164,13.112,Curtis Sliwa,1507,1271,0,0,1,0,1,1,1,0,0,0,0,0,0,1,0,0,1,1,0,1,0
27044,698.957,140.431,544.836,13.69,Curtis Sliwa,1398,1184,0,0,1,0,1,1,1,0,0,0,0,0,0,1,0,0,1,1,0,1,0
27045,428.084,102.433,317.647,8.004,Curtis Sliwa,1380,1187,0,0,1,0,0,1,1,0,0,0,0,0,0,1,0,0,1,1,0,1,0
27046,143.223,38.078,102.667,2.478,Curtis Sliwa,274,238,0,0,1,0,0,1,1,0,0,0,0,0,0,1,0,0,1,1,0,1,0
27047,145.284,90.236,51.389,3.659,Eric Adams,658,507,0,0,0,0,1,1,0,0,0,0,0,0,0,1,0,0,1,1,1,0,0
27048,407.204,135.094,260.104,12.005,Curtis Sliwa,1497,1206,0,0,1,0,1,1,1,0,1,0,0,0,0,1,0,1,1,1,0,1,0
27049,470.166,147.422,309.034,13.71,Curtis Sliwa,1628,1301,0,0,1,0,1,1,1,0,0,1,0,0,0,1,0,1,1,1,0,1,0
27050,362.125,90.643,258.455,13.027,Curtis Sliwa,1300,1031,0,0,1,0,1,1,1,0,0,0,0,0,0,1,0,0,1,1,0,1,0
27051,385.938,125.188,245.341,15.409,Curtis Sliwa,1158,993,0,0,1,0,1,1,1,0,0,0,0,0,0,1,0,0,1,1,0,1,0
27052,249.831,159.3,71.584,18.947,Eric Adams,0,0,0,0,0,0,0,0,0,0,0,0,0,0,0,0,0,0,0,0,1,0,0
27053,1.649,1.108,0.427,0.113,Eric Adams,0,0,0,0,0,0,0,0,0,0,0,0,0,0,0,0,0,0,0,0,1,0,0
27054,0,0,0,0,Tie,0,0,0,0,0,0,0,0,0,0,0,0,0,0,0,0,0,0,0,0,0,0,0
27055,1.12,0.714,0.321,0.085,Eric Adams,0,0,0,0,0,0,0,0,0,0,0,0,0,0,0,0,0,0,0,0,1,0,0
27056,2.766,1.764,0.793,0.21,Eric Adams,0,0,0,0,0,0,0,0,0,0,0,0,0,0,0,0,0,0,0,0,1,0,0
27057,1.029,0.688,0.315,0.027,Eric Adams,0,0,0,0,0,0,0,0,0,0,0,0,0,0,0,0,0,0,0,0,1,0,0
27058,0,0,0,0,Tie,0,0,0,0,0,0,0,0,0,0,0,0,0,0,0,0,0,0,0,0,0,0,0
27059,4.043,2.134,1.769,0.14,Eric Adams,0,0,0,0,0,0,0,0,0,0,0,0,0,0,0,0,0,0,0,0,1,0,0
27060,0,0,0,0,Tie,0,0,0,0,0,0,0,0,0,0,0,0,0,0,0,0,0,0,0,0,0,0,0
27061,0.435,0.29,0.13,0.014,Eric Adams,0,0,0,0,0,0,0,0,0,0,0,0,0,0,0,0,0,0,0,0,1,0,0
27062,5.995,3.243,2.507,0.245,Eric Adams,0,0,0,0,0,0,0,0,0,0,0,0,0,0,0,0,0,0,0,0,1,0,0
27063,0.319,0.197,0.106,0.017,Eric Adams,0,0,0,0,0,0,0,0,0,0,0,0,0,0,0,0,0,0,0,0,1,0,0
27066,0,0,0,0,Tie,0,0,0,0,0,0,0,0,0,0,0,0,0,0,0,0,0,0,0,0,0,0,0
27067,0,0,0,0,Tie,0,0,0,0,0,0,0,0,0,0,0,0,0,0,0,0,0,0,0,0,0,0,0
27068,37.784,15.085,20.539,2.16,Curtis Sliwa,0,0,0,0,0,0,0,0,0,0,0,0,0,0,0,0,0,0,0,0,0,1,0
28001,254.443,162.596,73.181,18.666,Eric Adams,612,478,0,0,0,1,0,0,0,0,1,0,0,0,0,1,0,1,0,0,1,0,1
28002,131.857,82.659,39.437,9.76,Eric Adams,1559,1399,0,0,0,0,0,0,1,0,0,0,1,0,0,1,0,0,0,0,1,0,1
28003,410.405,254.861,136.906,18.638,Eric Adams,1357,1189,0,0,0,0,0,0,1,0,0,0,1,0,0,1,0,0,0,0,1,0,1
28004,341.953,228.358,90.252,23.343,Eric Adams,1560,1347,0,0,0,0,0,0,1,0,0,0,0,0,0,1,0,1,0,0,1,0,0
28005,121.834,59.859,54.115,7.86,Eric Adams,280,220,0,0,1,0,1,1,1,0,0,1,1,0,0,1,0,0,1,1,1,0,0
28006,165.27,92.316,64.898,8.057,Eric Adams,590,481,0,1,0,0,0,1,1,0,0,0,1,0,0,0,1,1,0,1,1,0,0
28007,446.821,256.694,172.624,17.503,Eric Adams,1551,1283,0,1,0,0,0,0,1,0,0,0,1,0,0,0,1,0,0,1,1,0,0
28008,305.998,186.296,106.554,13.149,Eric Adams,1606,1362,0,0,0,0,0,0,1,0,0,0,0,0,0,0,1,0,1,0,1,0,0
28009,325.104,175.834,128.262,21.009,Eric Adams,1640,1403,0,0,0,0,0,0,1,0,0,0,0,0,0,0,1,0,1,0,1,0,1
28010,313.164,58.354,248.679,6.13,Curtis Sliwa,752,626,0,0,1,0,0,1,1,0,0,0,0,0,0,1,0,0,1,1,0,1,0
28011,351.972,127.99,220.982,3,Curtis Sliwa,1076,884,0,0,0,0,0,1,1,0,1,0,0,0,0,1,0,0,0,1,0,1,1
28012,429.722,76.42,340.96,12.342,Curtis Sliwa,1337,1165,0,0,1,0,0,1,1,0,0,0,0,0,0,1,0,0,1,1,0,1,1
28013,301.497,69.673,222.385,9.44,Curtis Sliwa,860,711,0,0,1,0,0,1,1,0,0,0,0,0,0,1,0,0,1,1,0,1,1
28014,273.624,61.209,204.844,7.571,Curtis Sliwa,1434,1149,0,0,1,0,0,1,1,0,0,0,0,0,0,0,1,0,1,1,0,1,0
28015,307.815,68.864,231.205,7.746,Curtis Sliwa,1448,1170,0,0,1,0,0,1,1,0,0,0,0,0,0,0,1,1,1,1,0,1,1
28016,10.879,5.019,5.071,0.79,Curtis Sliwa,16,13,0,0,0,1,0,1,1,0,0,1,1,0,0,1,0,0,1,0,0,1,0
28017,14.583,3.234,10.646,0.704,Curtis Sliwa,63,55,0,0,1,0,0,1,1,0,0,0,0,0,0,0,1,0,1,1,0,1,0
28018,54.72,29.087,24.149,1.484,Eric Adams,304,236,0,1,0,0,0,0,0,0,0,1,0,0,0,0,1,0,1,1,1,0,0
28019,259.386,107.55,132.856,18.979,Curtis Sliwa,847,688,0,0,1,0,0,1,1,0,1,0,0,0,0,0,1,1,0,1,0,1,0
28020,246.718,97.837,130.544,18.336,Curtis Sliwa,1612,1289,0,0,0,0,0,1,1,0,1,0,0,0,0,0,1,0,0,1,0,1,0
28021,96.282,42.163,48.456,5.664,Curtis Sliwa,663,506,0,0,1,0,0,1,0,0,1,0,0,0,0,0,1,0,0,1,0,1,0
28022,918.215,162.863,729.079,26.273,Curtis Sliwa,1550,1300,0,0,1,0,0,1,1,0,0,0,0,0,0,1,0,0,1,1,0,1,0
28023,609.903,113.414,480.274,16.215,Curtis Sliwa,1118,946,0,0,1,0,0,1,1,0,0,0,0,0,0,1,0,0,1,1,0,1,0
28024,623.569,152.141,461.451,9.976,Curtis Sliwa,1638,1395,0,0,1,0,0,1,1,0,0,0,0,0,0,1,0,0,1,1,0,1,0
28025,523.706,124.08,386.631,12.995,Curtis Sliwa,1782,1557,0,0,1,0,0,1,1,0,0,0,0,0,0,1,0,0,1,1,0,1,0
28026,451.013,152.046,285.528,13.439,Curtis Sliwa,1425,1180,0,0,1,0,1,1,1,0,0,0,0,0,0,0,1,0,1,1,0,1,0
28027,247.805,56.016,184.083,7.706,Curtis Sliwa,868,717,0,0,1,0,0,1,1,0,0,0,0,0,0,1,0,0,1,1,0,1,1
28028,158.9,73.071,74.23,11.599,Curtis Sliwa,714,605,0,0,1,0,1,1,1,0,0,0,0,0,0,1,0,0,0,1,0,1,0
28029,436.966,258.448,162.886,15.632,Eric Adams,1456,1253,0,0,1,0,1,1,1,0,0,1,1,1,0,1,0,0,0,0,1,0,0
28030,722.744,457.589,240.352,24.803,Eric Adams,1748,1559,0,1,0,0,1,0,1,0,0,0,1,1,0,1,0,0,1,0,1,0,1
28031,440,283,131,26,Eric Adams,1550,1359,0,0,0,0,1,0,1,0,0,0,1,0,0,1,0,0,1,0,1,0,1
28032,431.935,314.811,91.355,25.77,Eric Adams,1483,1352,0,1,0,0,0,0,1,0,0,0,1,0,0,1,0,0,1,0,1,0,1
28033,284.355,176.431,96.15,11.773,Eric Adams,979,874,0,0,0,0,1,0,1,0,0,0,1,1,0,0,1,0,1,0,1,0,1
28034,287.666,185.177,92.315,10.173,Eric Adams,1273,1091,0,1,0,0,0,0,1,0,0,0,1,0,0,0,1,0,1,0,1,0,0
28035,684.335,467.055,193.856,23.423,Eric Adams,1899,1690,0,1,0,0,1,0,1,0,0,0,1,0,0,0,1,0,1,0,1,0,1
28036,119.12,82.222,33.121,3.777,Eric Adams,413,374,0,1,0,0,1,0,1,0,0,1,1,0,0,0,1,0,1,0,1,0,1
28037,589.927,372.951,191.645,25.331,Eric Adams,1410,1268,0,1,0,0,1,0,1,0,0,1,1,0,0,0,1,0,1,0,1,0,0
28038,368.713,235.843,115.889,16.98,Eric Adams,1239,1120,0,1,0,0,0,0,1,0,0,0,1,0,0,0,1,0,1,0,1,0,1
28039,433.983,261.202,149.527,23.254,Eric Adams,1538,1338,0,1,0,0,0,0,1,0,0,1,1,0,0,0,1,0,1,0,1,0,1
28040,441.543,276.882,147.351,17.311,Eric Adams,1550,1348,0,1,0,0,1,1,1,0,0,0,1,0,0,1,0,0,1,1,1,0,0
28041,134.063,78.273,49.961,5.829,Eric Adams,660,567,0,0,0,0,1,1,1,0,0,0,1,0,0,1,0,0,1,0,1,0,1
28042,94.262,41.334,49.904,3.024,Curtis Sliwa,318,246,0,0,0,0,1,1,1,0,0,0,1,0,0,0,1,0,1,1,0,1,0
28043,366.655,171.452,177.301,17.903,Curtis Sliwa,1810,1426,0,0,0,0,1,1,1,0,0,1,1,0,0,0,1,0,1,1,0,1,0
28044,244.653,88.162,147.068,9.423,Curtis Sliwa,1709,1222,0,0,0,0,0,1,1,0,0,0,1,0,0,1,0,0,1,1,0,1,1
28045,360.38,209.761,133.945,16.674,Eric Adams,1378,1142,0,0,0,0,1,1,0,0,0,0,1,0,0,0,1,0,0,0,1,0,0
28046,235.43,124.777,97.764,12.889,Eric Adams,1177,967,0,0,0,0,1,1,0,0,1,0,0,0,0,0,1,1,0,1,1,0,1
28047,259.745,155.954,89.441,14.351,Eric Adams,1248,989,0,0,0,0,0,1,1,0,0,0,1,0,0,0,1,0,1,1,1,0,1
28048,265.081,134.061,121.766,9.254,Eric Adams,1174,934,0,0,0,0,1,1,0,0,0,0,1,0,0,0,1,0,0,1,1,0,1
28049,278.786,140.799,127.987,10,Eric Adams,950,780,0,0,0,0,1,1,1,0,0,0,1,0,0,0,1,0,1,1,1,0,1
28050,578.881,374.11,175.66,29.111,Eric Adams,1403,1188,0,1,0,0,1,0,0,0,0,0,1,0,0,0,1,1,0,0,1,0,0
28051,257.222,159.173,83.069,14.98,Eric Adams,1368,1217,0,1,0,0,0,0,1,0,0,0,1,0,0,0,1,1,0,0,1,0,1
28052,291.178,189.169,91.17,10.839,Eric Adams,1033,941,0,1,0,0,1,0,1,0,0,0,1,0,0,1,0,0,1,0,1,0,1
28053,465.96,274.166,176.6,15.194,Eric Adams,1617,1431,0,0,0,0,1,0,1,0,0,1,1,0,0,1,0,0,1,0,1,0,0
28054,425.24,223.778,186.142,15.32,Eric Adams,1568,1322,0,0,0,0,1,1,1,0,0,1,1,0,0,1,0,0,1,0,1,0,0
28055,472.526,238.026,210.342,24.159,Eric Adams,1437,1224,0,0,0,0,1,1,1,0,0,1,1,1,0,1,0,0,1,0,1,0,0
28056,359.783,177.03,164.696,18.057,Eric Adams,1074,940,0,0,1,0,1,1,1,0,0,1,1,1,0,1,0,0,1,0,1,0,0
28057,307.26,180.856,111.114,15.291,Eric Adams,1214,1049,0,0,0,0,1,0,1,0,0,1,1,0,0,1,0,0,1,0,1,0,0
28058,460.249,196.619,244.987,18.643,Curtis Sliwa,1744,1402,0,0,0,0,1,1,1,0,0,1,1,0,0,1,0,0,1,1,0,1,0
28059,277.955,115.584,156.003,6.368,Curtis Sliwa,1275,1023,0,0,0,0,1,1,1,0,0,1,0,0,0,1,0,0,1,1,0,1,0
28060,427.167,195.112,212.58,19.475,Curtis Sliwa,1282,1059,0,0,0,0,1,1,1,0,0,1,0,0,0,1,0,0,1,1,0,1,0
28061,204.787,35.306,163.029,6.452,Curtis Sliwa,1195,1025,0,0,1,0,0,1,1,0,0,0,0,0,0,1,0,0,1,1,0,1,0
28062,432.613,258.381,159.8,14.432,Eric Adams,1658,1446,0,1,0,0,1,1,1,0,0,1,1,0,0,1,0,0,1,0,1,0,0
28063,29.832,15.762,12.917,1.153,Eric Adams,49,41,0,0,0,0,1,1,1,0,0,0,1,1,0,1,0,0,1,0,1,0,0
28064,44.783,24.563,19.228,0.992,Eric Adams,129,114,0,0,0,0,1,1,1,0,0,0,1,1,0,1,0,0,1,1,1,0,0
28065,160.875,58.677,96.822,5.376,Curtis Sliwa,539,473,0,0,1,0,1,1,1,0,0,0,0,0,0,1,0,0,0,1,0,1,0
28066,443.89,119.497,304.124,20.269,Curtis Sliwa,1133,964,0,0,1,0,0,1,1,0,0,0,0,0,0,1,0,0,1,1,0,1,0
28067,68.186,17.164,49.601,1.421,Curtis Sliwa,307,251,0,0,1,0,0,1,1,0,0,0,0,0,0,0,1,0,1,1,0,1,0
28068,252.749,48.934,193.389,10.427,Curtis Sliwa,310,266,0,0,1,0,0,1,1,0,0,0,0,0,0,1,0,0,1,1,0,1,0
28069,77.179,46.096,28.117,2.966,Eric Adams,254,227,0,0,1,0,1,0,1,0,0,1,1,1,0,1,0,0,0,0,1,0,0
28070,22.177,13.057,8.29,0.829,Eric Adams,53,46,0,0,1,0,1,0,1,0,0,0,1,1,0,1,0,0,0,0,1,0,0
28071,177.893,110.332,60.756,6.805,Eric Adams,204,181,0,0,0,0,1,0,1,0,0,0,1,0,0,1,0,0,1,0,1,0,1
28072,333.165,210.303,102.953,19.909,Eric Adams,1020,891,0,0,0,0,0,0,1,0,0,0,1,0,0,0,1,0,0,0,1,0,1
28073,0,0,0,0,Tie,0,0,0,0,0,0,0,0,0,0,0,0,0,0,0,0,0,0,0,0,0,0,0
28074,3.19,1.74,1.305,0.145,Eric Adams,0,0,0,0,0,0,0,0,0,0,0,0,0,0,0,0,0,0,0,0,1,0,0
28075,14.879,10.049,4.225,0.605,Eric Adams,0,0,0,0,0,0,0,0,0,0,0,0,0,0,0,0,0,0,0,0,1,0,0
29001,382.581,352.842,24.904,4.835,Eric Adams,1726,1404,0,0,0,0,0,0,0,1,0,0,0,0,0,1,0,1,0,0,1,0,0
29002,372.61,344.316,26.156,2.138,Eric Adams,1595,1334,0,0,0,0,0,0,0,1,0,0,0,0,0,1,0,0,1,0,1,0,0
29003,347.652,316.862,26.347,4.444,Eric Adams,1578,1276,0,0,0,0,0,0,0,1,0,0,0,0,0,1,0,0,1,0,1,0,0
29004,323.322,288.713,29.951,4.659,Eric Adams,1607,1314,0,0,0,0,0,0,0,1,0,0,0,0,0,1,0,0,1,0,1,0,0
29005,293.137,261.919,28.285,2.933,Eric Adams,1537,1287,0,0,0,0,0,0,0,1,0,0,0,0,0,1,0,0,0,0,1,0,0
29006,364.183,319.499,37.969,6.715,Eric Adams,1657,1305,0,0,0,0,0,0,0,1,0,0,0,0,0,1,0,0,1,0,1,0,1
29007,189.293,172.023,14.713,2.557,Eric Adams,1153,933,0,0,0,0,0,0,0,1,0,0,0,0,0,1,0,0,1,0,1,0,1
29008,269.271,246.602,19.17,3.499,Eric Adams,1095,883,0,0,0,0,0,0,0,1,0,0,0,0,0,1,0,0,1,0,1,0,1
29009,248.243,231.693,15.679,0.871,Eric Adams,888,755,0,0,0,0,0,0,0,1,0,0,0,0,0,1,0,1,1,0,1,0,1
29010,593.57,564.766,21.117,7.687,Eric Adams,1721,1401,0,0,0,0,0,0,0,1,0,0,0,0,0,1,0,0,1,0,1,0,1
29011,545.638,515.369,25.428,4.841,Eric Adams,1630,1329,0,0,0,0,0,0,0,1,0,0,0,0,0,1,0,0,1,0,1,0,1
29012,425.357,400.639,19.156,5.562,Eric Adams,1763,1397,0,0,0,0,0,0,0,1,0,0,0,1,0,1,0,0,1,0,1,0,1
29013,424.491,403.965,16.981,3.545,Eric Adams,1669,1342,0,0,0,0,0,0,0,1,0,0,0,1,0,1,0,0,1,0,1,0,1
29014,464.294,439.614,21.674,3.006,Eric Adams,1662,1312,0,0,0,0,0,0,0,1,0,0,0,0,0,1,0,1,1,0,1,0,0
29015,14.404,13.308,1.096,0,Eric Adams,231,185,0,0,0,0,0,0,0,1,0,0,0,0,0,1,0,1,0,0,1,0,0
29016,78.172,73.021,3.75,1.401,Eric Adams,361,275,0,0,0,0,0,0,0,1,0,0,0,0,0,1,0,1,0,0,1,0,0
29017,223.185,206.216,14.866,2.104,Eric Adams,1171,893,0,0,0,0,0,0,0,1,0,0,0,0,0,1,0,1,0,0,1,0,0
29018,454.019,425.625,23.003,5.39,Eric Adams,1669,1336,0,0,0,0,0,0,0,1,0,0,0,0,0,1,0,1,0,0,1,0,0
29019,473.614,445.45,20.998,7.166,Eric Adams,1650,1306,0,0,0,0,0,0,0,1,0,0,0,1,0,1,0,0,1,0,1,0,0
29020,320.245,300.966,15.867,3.411,Eric Adams,1347,1032,0,0,0,0,0,0,0,1,0,0,0,0,0,1,0,1,0,0,1,0,0
29021,235.176,224.326,7.235,3.615,Eric Adams,1632,1292,0,0,0,0,0,0,0,1,0,0,0,0,0,1,0,1,0,0,1,0,0
29022,381.042,352.337,18.219,10.486,Eric Adams,1458,1144,0,0,0,0,0,0,0,1,0,0,0,1,0,1,0,1,1,0,1,0,0
29023,478.596,446.73,23.377,8.489,Eric Adams,1740,1399,0,0,0,0,0,0,0,1,0,0,0,0,0,1,0,0,1,0,1,0,0
29024,229.597,222.031,4.486,3.08,Eric Adams,156,123,0,0,0,0,0,0,0,1,0,0,0,0,0,1,0,0,1,0,1,0,1
29025,438.883,412.882,21.831,4.169,Eric Adams,1560,1223,0,0,0,0,0,0,0,1,0,0,0,0,0,1,0,1,0,0,1,0,0
29026,54.628,50.927,2.898,0.802,Eric Adams,281,227,0,0,0,0,0,0,0,1,0,0,0,0,0,1,0,1,1,0,1,0,0
29027,390.978,371.096,15.678,4.204,Eric Adams,1629,1276,0,0,0,0,0,0,0,1,0,0,0,0,0,1,0,1,0,0,1,0,0
29028,408.091,386.293,16.903,4.895,Eric Adams,1680,1307,0,0,0,0,0,0,0,1,0,0,0,0,0,1,0,1,0,0,1,0,0
29029,299.929,270.941,25.9,3.088,Eric Adams,1284,981,0,0,0,0,0,0,0,1,0,0,0,0,0,1,0,0,1,0,1,0,0
29030,497.33,456.974,33.76,6.596,Eric Adams,1111,877,0,0,0,0,0,0,0,1,0,0,0,1,0,1,0,0,0,0,1,0,0
29031,222.507,208.55,10.919,3.038,Eric Adams,1055,852,0,0,0,0,0,0,0,1,0,0,0,0,0,1,0,0,1,0,1,0,0
29032,180.386,166.523,11.926,1.937,Eric Adams,819,648,0,0,0,0,0,0,0,1,0,0,0,1,0,1,0,0,0,0,1,0,0
29033,219,205,14,0,Eric Adams,957,713,0,0,0,0,0,0,0,1,0,0,0,0,0,1,0,1,0,0,1,0,0
29034,331.874,306.291,18.232,7.351,Eric Adams,1447,1190,0,0,0,0,0,0,0,1,0,0,0,0,0,1,0,1,1,0,1,0,0
29035,289.405,272.212,9.608,7.585,Eric Adams,1204,939,0,0,0,0,0,0,0,1,0,0,0,0,0,1,0,1,1,0,1,0,0
29036,371.38,343.727,18.315,9.338,Eric Adams,1236,1041,0,0,0,0,0,0,0,1,0,0,0,0,0,1,0,0,0,0,1,0,0
29037,329.251,311.127,16.597,1.526,Eric Adams,1382,1063,0,0,0,0,0,0,0,1,0,0,0,1,0,1,0,0,1,0,1,0,0
29038,328.234,309.327,15.803,3.104,Eric Adams,1188,943,0,0,0,0,0,0,0,1,0,0,0,0,0,1,0,0,1,0,1,0,0
29039,296.036,276.581,14.828,4.628,Eric Adams,1750,1311,0,0,0,1,0,0,0,1,0,0,0,0,0,1,0,1,0,0,1,0,0
29040,248.962,237.842,7.287,3.833,Eric Adams,1730,1244,0,0,0,0,0,0,0,1,0,0,0,0,0,1,0,1,0,0,1,0,0
29041,217,202.343,13.506,1.151,Eric Adams,1735,1260,0,0,0,1,0,0,0,1,0,0,0,0,0,0,1,1,0,0,1,0,0
29042,58.193,53.111,4.605,0.478,Eric Adams,201,153,0,0,0,1,0,0,0,1,0,0,0,0,0,0,1,1,1,1,1,0,0
29043,188.896,161.362,22.88,4.654,Eric Adams,1455,1101,0,0,0,1,0,0,0,0,0,1,0,0,0,0,1,1,1,0,1,0,0
29044,207.542,174.324,28.887,4.331,Eric Adams,1443,1102,0,0,0,1,0,0,0,0,0,1,0,0,0,0,1,1,1,0,1,0,0
29045,327.632,273.422,49.713,4.496,Eric Adams,1768,1334,0,0,0,1,0,0,0,0,0,0,0,0,0,0,1,1,1,0,1,0,0
29046,40.319,34.954,4.327,1.038,Eric Adams,837,626,0,0,0,1,0,0,0,1,0,1,0,0,0,0,1,1,1,0,1,0,0
29047,111.292,90.002,17.424,3.866,Eric Adams,654,509,0,0,0,1,0,0,0,0,0,1,0,0,0,1,0,0,1,0,1,0,0
29048,187.363,138.161,41.058,8.144,Eric Adams,1637,1246,0,0,0,1,0,0,0,0,0,1,0,0,0,1,0,0,1,0,1,0,0
29049,178.28,146.637,23.925,7.718,Eric Adams,442,365,0,0,0,1,0,0,0,0,0,1,0,0,0,0,1,0,1,0,1,0,0
29050,425.359,332.473,80.904,11.983,Eric Adams,1719,1431,0,0,0,1,0,0,0,0,0,0,0,0,0,0,1,0,1,0,1,0,0
29051,252.508,217.837,23.455,11.217,Eric Adams,1760,1452,0,0,0,1,0,0,0,0,0,1,0,0,0,0,1,1,0,0,1,0,0
29052,124.847,101.457,22.061,1.329,Eric Adams,662,555,0,0,0,1,0,0,0,1,0,0,0,0,0,0,1,1,0,0,1,0,0
29053,128.4,105.255,18.962,4.183,Eric Adams,1077,863,0,0,0,1,0,0,0,0,0,1,0,0,0,0,1,0,0,0,1,0,0
29054,161.588,119.241,37.047,5.3,Eric Adams,1377,1071,0,0,0,1,0,0,0,0,0,1,0,0,0,1,0,0,1,1,1,0,0
29055,155.165,111.265,40.021,3.879,Eric Adams,1356,985,0,0,0,1,0,0,0,0,0,1,0,0,0,1,0,0,1,0,1,0,0
29056,171.842,158.417,9.588,3.837,Eric Adams,1398,1092,0,0,0,0,0,0,0,1,0,0,0,0,0,0,1,0,0,0,1,0,0
29057,176.436,159.78,13.163,3.493,Eric Adams,843,612,0,0,0,1,0,0,0,1,0,0,0,0,0,0,1,0,0,0,1,0,0
29058,262.152,206.422,52.185,3.546,Eric Adams,1743,1372,0,0,0,1,0,0,0,0,0,1,0,0,0,0,1,0,1,0,1,0,0
29059,129.474,105.772,21.507,2.194,Eric Adams,881,675,0,0,0,1,0,0,0,0,0,1,0,0,0,1,0,1,1,0,1,0,0
29060,194.067,158.858,32.1,3.109,Eric Adams,1650,1243,0,0,0,1,0,0,0,0,0,1,0,0,0,1,0,1,1,0,1,0,0
29061,77.775,70.58,6.167,1.028,Eric Adams,107,85,0,0,1,0,0,0,0,1,0,0,0,0,0,1,0,1,0,0,1,0,1
29062,4.366,4.024,0.323,0.018,Eric Adams,9,8,0,0,0,0,1,0,0,1,0,0,0,0,0,1,0,0,1,0,1,0,0
29063,171.554,139.152,29.718,2.684,Eric Adams,948,706,0,0,0,1,0,0,0,0,0,1,0,0,0,0,1,1,0,0,1,0,0
29064,16.502,15.247,1.256,0,Eric Adams,135,101,0,0,0,0,0,0,0,1,0,0,0,0,0,1,0,1,1,0,1,0,0
29065,105.416,90.473,11.976,2.967,Eric Adams,977,773,0,0,0,1,0,0,0,0,0,0,0,0,0,0,1,1,1,0,1,0,0
29066,263.131,245.275,11.814,6.043,Eric Adams,1335,1016,0,0,0,0,0,0,0,1,0,0,0,0,0,1,0,0,1,0,1,0,0
30001,324.621,96.154,212.71,15.757,Curtis Sliwa,1230,1026,0,0,1,0,0,1,1,0,0,0,0,0,0,1,0,0,1,0,0,1,0
30002,31.409,17.489,13.563,0.357,Eric Adams,223,184,0,0,0,0,0,0,0,0,0,1,0,0,0,0,1,0,0,1,1,0,1
30003,77,51,16,10,Eric Adams,260,217,0,0,0,1,1,0,1,0,0,0,1,0,0,0,1,0,1,0,1,0,1
30004,240.848,156.975,66.78,17.093,Eric Adams,1215,922,0,0,0,1,1,0,0,0,0,1,0,0,0,0,1,0,1,0,1,0,1
30005,289.12,87.193,192.219,9.708,Curtis Sliwa,1397,1084,0,0,1,0,0,1,1,0,0,0,0,0,0,1,0,0,0,1,0,1,0
30006,243.117,76.505,160.323,6.29,Curtis Sliwa,1158,909,0,0,1,0,0,1,1,0,0,0,0,0,0,0,1,0,1,1,0,1,0
30007,219.335,72.819,137.837,8.679,Curtis Sliwa,766,604,0,0,1,0,1,1,0,0,1,0,0,0,0,0,1,0,1,1,0,1,0
30008,370.047,117.061,236.367,16.619,Curtis Sliwa,1594,1253,0,0,1,0,1,1,0,0,0,0,0,0,0,1,0,0,0,1,0,1,0
30009,184.8,62.915,117.803,4.082,Curtis Sliwa,934,719,0,0,0,0,1,1,0,0,0,1,0,0,0,1,0,0,0,1,0,1,0
30010,424.615,145.715,262.043,16.856,Curtis Sliwa,1508,1261,0,0,1,0,0,1,1,0,0,0,0,0,0,1,0,0,1,1,0,1,0
30011,155.571,71.45,75.107,9.015,Curtis Sliwa,1095,906,0,0,1,0,0,1,0,0,0,0,0,0,0,1,0,0,1,1,0,1,0
30012,209.492,110.27,88.826,10.396,Eric Adams,574,489,0,0,0,1,1,0,1,0,0,1,0,0,0,0,1,0,1,0,1,0,1
30013,378.885,191.059,171.339,16.487,Eric Adams,1653,1459,0,0,1,1,0,0,1,0,0,0,0,0,0,0,1,0,1,1,1,0,1
30014,19.869,11.868,6.534,1.467,Eric Adams,216,181,1,0,0,0,0,0,0,0,1,0,0,0,0,0,1,0,1,0,1,0,1
30015,190.818,124.206,55.247,11.365,Eric Adams,1357,893,0,0,0,1,1,0,0,0,0,1,0,0,0,0,1,0,1,1,1,0,0
30016,288.498,132.867,140.788,14.843,Curtis Sliwa,1769,1314,0,0,0,0,1,1,0,0,0,0,0,0,0,1,0,0,1,1,0,1,1
30017,69.046,28.036,38.131,2.879,Curtis Sliwa,595,431,0,0,0,0,1,1,0,0,0,1,0,0,0,1,0,1,1,1,0,1,1
30018,24.954,10.964,12.869,1.121,Curtis Sliwa,347,278,0,0,0,0,1,0,0,0,0,1,0,0,0,1,0,1,1,0,0,1,1
30019,140.004,101.246,31.058,7.7,Eric Adams,1049,780,0,0,0,1,0,0,0,0,0,0,0,0,0,0,1,0,0,0,1,0,1
30020,207.56,119.381,72.91,15.269,Eric Adams,1017,770,0,0,0,1,0,0,1,0,0,1,0,0,0,0,1,0,1,0,1,0,1
30021,420.614,248.66,143.935,28.018,Eric Adams,1779,1401,0,0,0,0,0,0,0,0,0,1,0,0,0,0,1,0,1,0,1,0,1
30022,256.36,150.801,87.427,18.132,Eric Adams,1783,1435,0,0,0,1,0,1,0,0,0,1,0,0,0,0,1,0,1,0,1,0,1
30023,219.947,125.478,75.949,18.519,Eric Adams,1438,1096,0,0,0,0,0,0,0,0,0,1,0,0,0,0,1,1,0,1,1,0,1
30024,146.385,89.574,45.905,10.906,Eric Adams,1443,1115,0,0,0,1,0,1,0,0,0,1,0,0,0,0,1,0,0,0,1,0,0
30025,246.234,161.892,64.61,19.732,Eric Adams,1712,1299,0,0,0,1,1,1,0,0,0,1,0,0,0,0,1,1,0,1,1,0,1
30026,18.114,8.233,9.386,0.494,Curtis Sliwa,24,14,1,0,0,0,1,0,0,0,0,1,0,0,0,0,1,1,0,0,0,1,0
30027,246.84,97.731,139.034,10.075,Curtis Sliwa,1669,1164,0,0,0,0,1,1,0,0,0,1,0,0,0,0,1,1,0,1,0,1,0
30028,89.031,43.014,43.816,2.201,Curtis Sliwa,549,407,0,0,0,0,1,1,0,0,0,1,0,0,0,0,1,1,0,1,0,1,0
30029,4.66,3.503,0.868,0.289,Eric Adams,44,35,0,0,1,0,0,1,0,0,0,1,0,0,0,0,1,0,0,1,1,0,0
30030,294.609,139.109,144.553,10.947,Curtis Sliwa,1819,1368,0,0,0,0,1,1,0,0,0,1,0,0,0,0,1,0,1,1,0,1,1
30031,273.35,125.857,127.866,19.627,Curtis Sliwa,1441,1088,0,0,0,0,1,1,0,0,0,1,0,0,0,0,1,0,0,1,0,1,1
30032,20.268,8.137,11.687,0.444,Curtis Sliwa,184,132,0,0,0,0,1,1,0,0,0,1,0,0,0,0,1,0,0,1,0,1,0
30033,187.405,95.986,76.341,15.078,Eric Adams,1081,822,0,0,0,0,1,1,0,0,0,1,0,0,0,0,1,0,0,0,1,0,1
30034,197.701,90.181,98.759,8.761,Curtis Sliwa,858,608,0,0,0,0,1,1,0,0,0,1,0,0,0,0,1,0,0,1,0,1,1
30035,294.536,179.493,94.146,20.898,Eric Adams,1570,1184,0,0,0,0,1,1,0,0,0,1,0,0,0,0,1,0,0,0,1,0,1
30036,319.679,178.941,124.099,16.639,Eric Adams,1754,1352,0,0,0,0,1,1,0,0,0,1,0,0,0,0,1,0,0,1,1,0,1
30037,172.159,118.457,50.203,3.498,Eric Adams,1126,890,0,0,0,1,1,0,0,0,0,1,0,0,0,0,1,1,1,1,1,0,0
30038,208.299,112.943,82.821,12.536,Eric Adams,1415,1004,0,0,0,1,1,1,0,0,0,1,0,0,0,0,1,0,1,1,1,0,1
30039,217.668,134.513,71.277,11.878,Eric Adams,1485,1028,0,0,0,1,1,1,0,0,0,1,0,0,0,0,1,0,1,1,1,0,1
30040,177.705,120.261,50.391,7.053,Eric Adams,1190,851,0,0,0,1,1,0,0,0,0,1,0,0,0,0,1,0,1,0,1,0,0
30041,220.251,150.03,54.109,16.112,Eric Adams,1585,1219,0,0,0,1,1,1,0,0,0,1,0,0,0,0,1,1,1,1,1,0,1
30042,242.138,176.608,43.271,22.259,Eric Adams,929,775,0,0,0,1,0,0,0,0,0,1,0,0,0,0,1,0,1,0,1,0,1
30043,168.756,119.289,36.077,13.39,Eric Adams,739,600,0,0,0,1,0,0,0,0,0,1,0,0,0,0,1,0,1,0,1,0,1
30044,207.261,122.151,67.41,17.701,Eric Adams,286,216,0,0,0,1,0,0,0,0,0,1,0,0,0,0,1,0,0,0,1,0,1
30045,303.954,214.33,58.196,31.427,Eric Adams,1349,1117,0,0,0,1,0,0,0,0,0,1,0,0,0,0,1,0,1,0,1,0,1
30046,228.681,147.947,75.225,5.509,Eric Adams,1596,1261,0,0,0,1,0,0,0,0,1,0,0,0,0,0,1,0,1,1,1,0,0
30047,253.643,168.522,71.072,14.049,Eric Adams,970,778,0,0,0,1,1,0,0,0,0,1,0,0,0,0,1,0,1,0,1,0,1
30048,162.655,97.252,49.924,15.479,Eric Adams,830,639,0,0,0,1,1,0,0,0,1,0,0,1,0,0,1,1,0,1,1,0,1
30049,181.034,108.809,62.202,10.023,Eric Adams,1454,1163,0,0,0,1,0,0,0,0,0,1,0,0,0,0,1,0,1,0,1,0,0
30050,208.205,144.425,51.544,12.235,Eric Adams,1549,1165,0,0,0,1,0,0,0,0,1,0,0,0,0,0,1,1,0,1,1,0,0
30051,168.073,104.272,52.293,11.507,Eric Adams,1290,1039,0,0,0,1,0,0,0,0,0,1,0,0,0,0,1,1,0,0,1,0,0
30052,194.619,117.581,69.221,7.817,Eric Adams,753,607,0,0,0,1,1,0,0,0,0,1,0,0,0,0,1,1,0,0,1,0,1
30053,87.898,53.585,29.143,5.17,Eric Adams,918,744,0,0,0,0,0,1,0,0,0,1,0,0,0,1,0,0,1,1,1,0,1
30054,162.201,104.756,44.614,12.831,Eric Adams,745,573,0,0,0,1,0,1,0,0,0,1,0,0,0,0,1,0,0,0,1,0,0
30055,270.806,167.125,88.413,15.269,Eric Adams,1164,910,0,0,0,1,0,0,0,0,0,1,0,0,0,0,1,0,0,1,1,0,1
30056,158.546,79.704,72.381,6.461,Eric Adams,1160,935,0,0,0,0,0,0,1,0,0,1,0,0,0,0,1,0,1,0,1,0,0
30057,51.7,40.094,9.496,2.11,Eric Adams,0,0,0,0,0,0,0,0,0,0,0,0,0,0,0,0,0,0,0,0,1,0,0
30058,4.099,1.114,2.814,0.172,Curtis Sliwa,0,0,0,0,0,0,0,0,0,0,0,0,0,0,0,0,0,0,0,0,0,1,0
30059,3.687,1.28,2.321,0.085,Curtis Sliwa,0,0,0,0,0,0,0,0,0,0,0,0,0,0,0,0,0,0,0,0,0,1,0
31001,359.414,327.811,26.557,5.047,Eric Adams,1602,1218,0,0,0,0,0,0,0,1,0,0,0,0,0,0,1,1,1,0,1,0,1
31002,159.073,137.616,18.894,2.563,Eric Adams,1360,1030,0,0,0,0,0,0,0,1,0,0,0,0,0,0,1,1,1,0,1,0,1
31003,203.305,183.607,15.924,3.773,Eric Adams,1151,860,0,0,0,0,0,0,0,1,0,0,0,0,0,1,0,1,1,0,1,0,0
31004,242.772,207.676,30.167,4.929,Eric Adams,1318,989,0,0,0,0,0,0,0,1,0,0,0,0,0,1,0,1,1,0,1,0,1
31005,183.407,168.159,11.826,3.422,Eric Adams,1566,1136,0,0,0,0,0,0,0,1,0,0,0,0,0,0,1,1,0,0,1,0,0
31006,130.791,112.5,14.575,3.716,Eric Adams,1136,773,0,0,0,0,0,0,0,1,0,0,0,0,0,0,1,1,0,0,1,0,0
31007,113.279,104.849,5.796,2.634,Eric Adams,799,616,0,0,0,0,0,0,0,1,0,0,0,0,0,0,1,1,1,0,1,0,1
31008,314.336,285.336,21,8,Eric Adams,1650,1208,0,0,0,0,0,0,0,1,0,0,0,0,0,0,1,0,0,0,1,0,0
31009,149.365,137.456,9.368,2.54,Eric Adams,774,591,0,0,0,0,0,0,0,1,0,0,0,0,0,0,1,0,0,0,1,0,0
31010,273.253,240.092,27.47,5.692,Eric Adams,1037,781,0,0,0,0,0,0,0,1,0,0,0,0,1,0,0,1,0,0,1,0,0
31011,151.522,133.627,13.186,4.709,Eric Adams,1317,937,0,0,0,0,0,0,0,1,0,0,0,0,1,0,0,1,0,0,1,0,0
31012,325.829,293.012,25.296,7.522,Eric Adams,1201,946,0,0,0,0,0,0,0,1,0,0,0,0,0,0,1,0,1,0,1,0,0
31013,222.506,189.162,26.854,6.49,Eric Adams,501,424,0,0,1,0,0,0,0,1,0,0,0,0,0,1,0,0,0,0,1,0,1
31014,226.486,196.831,24.145,5.51,Eric Adams,1047,897,0,0,0,0,0,0,0,1,0,0,0,0,1,0,0,1,0,0,1,0,1
31015,360.924,305.533,41.801,13.59,Eric Adams,1749,1344,0,0,0,0,0,0,0,1,0,0,0,0,0,0,1,1,0,0,1,0,0
31016,476.304,358.065,102.799,15.441,Eric Adams,1410,1079,0,0,0,0,0,0,0,1,0,0,0,0,0,0,1,1,0,0,1,0,0
31017,16.828,8.909,5.939,1.98,Eric Adams,61,40,0,0,0,0,0,0,1,0,0,0,0,0,0,0,1,1,0,0,1,0,0
31018,81.27,68.467,10.02,2.783,Eric Adams,965,665,0,0,0,0,0,0,0,1,0,0,0,0,0,0,1,1,0,0,1,0,0
31019,12.686,6.712,5.165,0.808,Eric Adams,45,40,1,0,0,0,0,0,1,0,0,0,0,0,0,0,1,1,0,0,1,0,0
31020,307.301,266.519,30.851,9.93,Eric Adams,1675,1310,0,0,0,0,0,0,0,1,0,0,0,0,0,1,0,0,0,0,1,0,0
31021,250.919,134.737,106.243,9.938,Eric Adams,1654,1263,0,0,0,0,0,0,0,0,0,1,0,0,0,1,0,0,0,1,1,0,0
31022,354.079,322.684,24.444,6.951,Eric Adams,1272,990,0,0,0,0,0,0,0,1,0,0,0,0,0,1,0,1,1,0,1,0,1
31023,248.719,224.522,19.655,4.542,Eric Adams,1708,1349,0,0,0,0,0,0,0,1,0,0,0,0,0,1,0,1,1,0,1,0,1
31024,137.689,122.534,12.426,2.728,Eric Adams,562,439,0,0,0,0,0,0,0,1,0,0,0,0,0,1,0,0,1,0,1,0,0
31025,371.491,342.669,24.893,3.929,Eric Adams,1416,1118,0,0,0,0,0,0,0,1,0,0,0,0,0,1,0,1,0,0,1,0,1
31026,343.343,313.162,21.692,8.488,Eric Adams,1450,1149,0,0,0,0,0,0,0,1,0,0,0,1,0,1,0,1,0,0,1,0,1
31027,279.745,267.518,10.793,1.434,Eric Adams,1502,1202,0,0,0,0,0,0,0,1,0,0,0,1,0,1,0,0,0,0,1,0,1
31028,214.757,197.867,16.467,0.423,Eric Adams,1330,1040,0,0,0,0,0,0,0,1,0,0,0,1,0,1,0,1,0,0,1,0,1
31029,296.664,272.192,24.027,0.445,Eric Adams,1105,922,0,0,0,0,0,0,0,1,0,0,0,1,0,1,0,0,0,0,1,0,1
31030,127.807,122.223,4.94,0.644,Eric Adams,666,527,0,0,0,0,0,0,0,1,0,0,0,0,0,1,0,1,0,0,1,0,1
31031,213.062,201.965,9.851,1.246,Eric Adams,946,707,0,0,0,0,0,0,0,1,0,0,0,0,0,1,0,1,0,0,1,0,1
31032,394.88,370.25,20.932,3.698,Eric Adams,1663,1271,0,0,0,0,0,0,0,1,0,0,0,0,0,1,0,1,0,0,1,0,1
31033,97.311,74.636,17.951,4.724,Eric Adams,699,495,0,0,0,1,0,0,0,1,0,1,0,0,0,1,0,0,1,0,1,0,0
31034,245.301,230.588,12.562,2.15,Eric Adams,1411,1079,0,0,0,0,0,0,0,1,0,0,0,0,0,1,0,1,0,0,1,0,0
31035,221.925,206.95,11.804,3.171,Eric Adams,1118,874,0,0,0,0,0,0,0,1,0,0,0,0,0,1,0,1,0,0,1,0,0
31036,285.406,247.382,32.989,5.035,Eric Adams,363,285,0,0,0,0,0,0,0,1,0,0,0,0,0,1,0,1,0,0,1,0,0
31037,294.851,276.152,15.637,3.061,Eric Adams,1511,1150,0,0,0,0,0,0,0,1,0,0,0,0,0,1,0,1,1,0,1,0,1
31038,143.076,125.914,15.039,2.123,Eric Adams,1065,774,0,0,0,0,0,0,0,1,0,0,0,1,0,1,0,1,0,0,1,0,0
31039,6.607,5.615,0.9,0.093,Eric Adams,814,626,0,0,0,0,0,0,0,0,0,0,0,1,0,1,0,1,0,0,1,0,0
31040,262.786,131.539,117.562,13.685,Eric Adams,1692,1308,0,0,0,1,0,0,0,0,0,0,0,0,0,1,0,0,1,0,1,0,0
31041,189.675,160.293,25.691,3.691,Eric Adams,1395,1051,0,0,0,0,0,0,0,1,0,0,0,1,0,1,0,1,0,0,1,0,0
31042,56.832,28.657,25.945,2.231,Eric Adams,532,404,0,0,0,0,0,0,0,0,0,0,0,0,0,1,0,1,0,0,1,0,0
31043,160.725,111.145,44.946,4.634,Eric Adams,1501,1117,0,0,0,0,0,0,0,0,0,0,0,0,0,1,0,0,0,0,1,0,0
31044,162.963,126.17,32.882,3.912,Eric Adams,1262,903,0,0,0,0,0,0,0,0,0,0,0,0,0,1,0,0,1,0,1,0,0
31045,188.98,138.134,46.785,4.061,Eric Adams,1597,1129,0,0,0,0,0,0,0,0,0,1,0,0,0,1,0,1,0,0,1,0,0
31046,131.903,106.195,22.497,3.211,Eric Adams,1263,894,0,0,0,0,0,0,0,0,0,0,0,1,0,1,0,1,0,0,1,0,0
31047,55.99,41.28,14.709,0,Eric Adams,551,408,0,0,0,1,0,0,0,0,0,1,0,0,0,1,0,1,0,0,1,0,0
31048,89.841,65.019,19.585,5.237,Eric Adams,647,488,0,0,0,1,0,0,0,0,0,1,0,0,0,1,0,1,0,0,1,0,0
31049,25.989,15.502,9.575,0.912,Eric Adams,140,111,0,0,0,0,0,0,0,0,0,1,0,0,0,1,0,1,1,0,1,0,0
31050,139.896,89.348,44.568,5.98,Eric Adams,1241,913,0,0,0,0,0,0,0,0,0,1,0,0,0,1,0,0,1,0,1,0,0
31051,144.453,95.257,44.031,5.164,Eric Adams,1161,898,0,0,0,1,0,0,0,0,0,1,0,0,0,1,0,1,0,0,1,0,0
31052,128.988,87.683,34.911,6.394,Eric Adams,1133,828,0,0,0,1,0,0,0,0,0,1,0,0,0,1,0,0,1,0,1,0,0
31053,124.66,87.417,35.491,1.752,Eric Adams,1120,826,0,0,0,0,0,0,0,0,0,0,0,0,0,1,0,0,1,0,1,0,0
31054,179.694,156.876,20.768,2.049,Eric Adams,1611,1094,0,0,0,1,0,0,0,1,0,0,0,0,0,1,0,1,0,0,1,0,0
31055,203.475,168.462,30.309,4.704,Eric Adams,1380,963,0,0,0,0,0,0,0,1,0,0,0,1,0,1,0,1,0,0,1,0,0
31056,144.64,121.328,20.119,3.193,Eric Adams,1327,1015,0,0,0,0,0,0,0,1,0,0,0,0,0,1,0,1,0,0,1,0,0
31057,232.695,130.323,93.695,8.677,Eric Adams,1737,1322,0,0,0,0,0,0,0,0,0,0,0,0,0,1,0,0,1,1,1,0,0
31059,5.803,5.35,0.43,0.024,Eric Adams,0,0,0,0,0,0,0,0,0,0,0,0,0,0,0,0,0,0,0,0,1,0,0
31060,0,0,0,0,Tie,0,0,0,0,0,0,0,0,0,0,0,0,0,0,0,0,0,0,0,0,0,0,0
31061,0,0,0,0,Tie,0,0,0,0,0,0,0,0,0,0,0,0,0,0,0,0,0,0,0,0,0,0,0
31062,54.811,51.712,2.627,0.473,Eric Adams,0,0,0,0,0,0,0,0,0,0,0,0,0,0,0,0,0,0,0,0,1,0,0
31063,0,0,0,0,Tie,0,0,0,0,0,0,0,0,0,0,0,0,0,0,0,0,0,0,0,0,0,0,0
32001,46.714,35.934,9.147,1.633,Eric Adams,181,125,0,0,0,1,0,0,0,0,0,1,0,0,0,0,1,0,0,0,1,0,0
32002,31.628,26.453,3.45,1.725,Eric Adams,324,218,0,0,0,0,0,0,0,0,0,0,0,0,0,0,1,1,1,0,1,0,0
32003,231.941,192.619,31.419,7.902,Eric Adams,1514,1234,0,0,0,1,0,0,0,0,1,0,0,0,0,0,1,0,0,0,1,0,0
32004,104.128,85.554,14.634,3.94,Eric Adams,897,708,0,0,0,1,0,0,0,0,0,0,0,0,0,0,1,1,0,0,1,0,0
32005,141.223,111.701,25.549,3.973,Eric Adams,1291,1074,0,0,0,1,0,0,0,0,0,0,0,0,0,0,1,1,1,0,1,0,0
32006,21.015,16.929,3.357,0.73,Eric Adams,83,55,0,0,0,1,0,0,0,0,0,1,0,0,0,0,1,1,0,0,1,0,0
32007,408.474,352.792,46.876,8.806,Eric Adams,1425,1158,0,0,0,1,0,0,0,1,0,0,0,0,0,0,1,0,1,0,1,0,0
32008,176.629,121.085,50.543,5.002,Eric Adams,1551,1162,0,0,0,1,0,0,0,0,1,0,0,0,0,0,1,0,0,1,1,0,0
32009,144.081,119.869,17.59,6.623,Eric Adams,1321,1023,0,0,0,1,0,0,0,0,1,0,0,0,0,0,1,1,1,0,1,0,0
32010,97.52,80.929,12.95,3.64,Eric Adams,840,653,0,0,0,1,0,0,0,0,0,0,0,0,0,0,1,0,0,0,1,0,0
32011,31.922,28.202,2.64,1.08,Eric Adams,87,76,0,0,0,0,0,0,0,1,0,0,0,0,0,1,0,1,0,0,1,0,0
32012,101.085,86.051,12.955,2.078,Eric Adams,1055,838,0,0,0,0,0,0,0,1,0,0,0,0,0,0,1,1,0,0,1,0,0
32013,15.78,14.741,0.756,0.283,Eric Adams,81,60,0,0,0,0,0,0,0,1,0,0,0,0,0,1,0,1,0,0,1,0,0
32014,0,0,0,0,Tie,126,108,0,0,1,0,0,0,0,1,0,0,0,0,0,0,1,0,1,0,0,0,0
32015,126.921,99.597,22.953,4.371,Eric Adams,1542,1086,0,0,0,1,0,0,0,0,0,0,0,0,0,0,1,1,0,1,1,0,0
32016,97.415,90.433,5.222,1.76,Eric Adams,361,252,0,0,0,0,0,0,0,1,0,0,0,0,0,0,1,0,1,0,1,0,0
32017,177.951,151.454,22.074,4.423,Eric Adams,1459,1025,0,0,0,1,0,0,0,1,0,0,0,1,0,1,0,1,1,0,1,0,0
32018,78.033,68.4,7.857,1.776,Eric Adams,385,282,0,0,0,1,0,0,0,1,0,0,0,0,0,0,1,1,1,0,1,0,0
32019,176.385,148.648,25.269,2.468,Eric Adams,1334,1003,0,0,0,1,0,0,0,1,0,0,0,0,0,0,1,0,0,0,1,0,0
32020,224.261,200.232,21.289,2.74,Eric Adams,1272,895,0,0,0,0,0,0,0,1,0,0,0,0,0,1,0,1,1,0,1,0,0
32021,255.417,235.15,15.492,4.774,Eric Adams,1762,1272,0,0,0,1,0,0,0,1,0,0,0,0,0,0,1,1,0,0,1,0,0
32022,290.102,267.915,19.312,2.875,Eric Adams,1635,1260,0,0,0,0,0,0,0,1,0,0,0,0,0,1,0,1,0,0,1,0,0
32023,212.097,195.645,12.02,4.432,Eric Adams,1306,973,0,0,0,0,0,0,0,1,0,0,0,0,0,1,0,0,0,0,1,0,0
32024,240.87,221.114,14.855,4.901,Eric Adams,1116,862,0,0,0,0,0,0,0,1,0,0,0,0,0,1,0,1,0,0,1,0,0
32025,244.71,221.985,17.051,5.674,Eric Adams,1268,931,0,0,0,0,0,0,0,1,0,0,0,0,0,1,0,1,0,0,1,0,0
32026,270.62,242.121,22.068,6.431,Eric Adams,1660,1213,0,0,0,0,0,0,0,1,0,0,0,0,0,1,0,1,1,0,1,0,0
32027,250.154,231.673,16.464,2.017,Eric Adams,1545,1150,0,0,0,0,0,0,0,1,0,0,0,0,0,1,0,1,0,0,1,0,0
32028,119.364,112.651,6.14,0.573,Eric Adams,1492,1108,0,0,0,0,0,0,0,1,0,0,0,0,0,1,0,1,0,0,1,0,0
32029,161.965,147.237,13.108,1.62,Eric Adams,983,715,0,0,0,0,0,0,0,1,0,0,0,0,0,1,0,1,0,0,1,0,0
32030,200.931,187.781,10.959,2.192,Eric Adams,1160,824,0,0,0,0,0,0,0,1,0,0,0,0,0,1,0,1,0,0,1,0,0
32031,228.157,213.831,11.695,2.631,Eric Adams,1135,834,0,0,0,0,0,0,0,1,0,0,0,0,0,1,0,1,0,0,1,0,0
32032,210.236,198.046,11.565,0.625,Eric Adams,1383,1036,0,0,0,0,0,0,0,1,0,0,0,0,0,0,1,0,1,0,1,0,0
32033,83,78,2,3,Eric Adams,458,355,0,0,0,0,0,0,0,1,0,0,0,0,0,0,1,0,1,0,1,0,0
32034,364.224,331.939,22.141,10.145,Eric Adams,1504,1168,0,0,0,0,0,0,0,1,0,0,0,0,0,1,0,1,0,0,1,0,0
32035,91.423,85.621,4.191,1.611,Eric Adams,581,456,0,0,0,0,0,0,0,1,0,0,0,0,0,0,1,0,1,0,1,0,0
32036,152.712,144.023,6.123,2.566,Eric Adams,983,773,0,0,0,0,0,0,0,1,0,0,0,0,0,1,0,0,1,0,1,0,0
32037,317.452,297.476,13.319,6.657,Eric Adams,1697,1295,0,0,0,1,0,0,0,1,0,0,0,0,0,1,0,0,0,0,1,0,0
32038,262.991,241.606,17.598,3.787,Eric Adams,1409,1067,0,0,0,1,0,0,0,1,0,0,0,0,1,0,1,0,1,0,1,0,0
32039,198.866,183.1,13.164,2.602,Eric Adams,1426,999,0,0,0,0,0,0,0,1,0,0,0,0,1,0,1,0,1,0,1,0,0
32040,211.966,197.816,10.174,3.977,Eric Adams,1311,930,0,0,0,0,0,0,0,1,0,0,0,0,1,0,1,0,1,0,1,0,0
32041,127.435,119.745,6.483,1.208,Eric Adams,771,599,0,0,0,0,0,0,0,1,0,0,0,0,0,1,0,0,1,0,1,0,0
32042,293.219,273.08,14.895,5.244,Eric Adams,1536,1112,0,0,0,1,0,0,0,1,0,0,0,0,0,1,0,0,0,0,1,0,0
32043,216.674,204.986,7.782,3.907,Eric Adams,1753,1290,0,0,0,1,0,0,0,1,0,0,0,0,0,1,0,1,0,0,1,0,0
32044,169.589,166.706,2.37,0.514,Eric Adams,790,618,0,0,0,0,0,0,0,1,0,0,0,0,0,1,0,1,0,0,1,0,0
32045,227.959,204.939,19.12,3.9,Eric Adams,1116,822,0,0,0,1,0,0,0,1,0,0,0,0,0,1,0,1,0,0,1,0,0
32046,229.337,220.807,7.084,1.446,Eric Adams,1003,816,0,0,0,0,0,0,0,1,0,0,0,0,0,1,0,0,1,0,1,0,0
32047,266.664,256.194,7.916,2.554,Eric Adams,1085,876,0,0,0,0,0,0,0,1,0,0,0,0,0,1,0,0,1,0,1,0,0
32048,282.102,268.33,12.418,1.354,Eric Adams,1504,1175,0,0,0,0,0,0,0,1,0,0,0,0,0,1,0,0,1,0,1,0,0
32049,247.898,229.671,14.582,3.646,Eric Adams,863,684,0,0,0,0,0,0,0,1,0,0,0,0,0,1,0,0,1,0,1,0,0
32050,366.688,349.201,12.909,4.578,Eric Adams,1566,1215,0,0,0,0,0,0,0,1,0,0,0,0,0,1,0,1,0,0,1,0,0
32051,316.311,287.798,26.091,2.422,Eric Adams,1493,1150,0,0,0,0,0,0,0,1,0,0,0,0,0,0,1,0,0,0,1,0,0
32052,201.162,184.069,16.798,0.295,Eric Adams,1148,847,0,0,0,0,0,0,0,1,0,0,0,0,0,1,0,1,1,0,1,0,0
32053,471.88,450.736,16.368,4.776,Eric Adams,1546,1294,0,0,0,0,0,0,0,1,0,0,0,0,0,0,1,0,1,0,1,0,0
32054,534.337,510.071,18.12,6.145,Eric Adams,1408,1175,0,0,0,0,0,0,0,1,0,0,0,0,0,0,1,0,1,0,1,0,0
32055,311,289,16,6,Eric Adams,910,763,0,0,0,0,0,0,0,1,0,0,0,0,0,0,1,0,1,0,1,0,0
32056,328,313,13,2,Eric Adams,921,774,0,0,0,0,0,0,0,1,0,0,0,0,0,0,1,0,1,0,1,0,0
32057,177.278,172.802,1.403,3.073,Eric Adams,944,822,0,0,0,0,0,0,0,1,0,0,0,0,0,0,1,0,1,0,1,0,0
32058,534.439,504.445,25.278,4.716,Eric Adams,876,750,0,0,0,0,0,0,0,1,0,0,0,0,0,0,1,0,1,0,1,0,0
32059,299.783,284.192,13.512,2.079,Eric Adams,883,746,0,0,0,0,0,0,0,1,0,0,0,0,0,0,1,0,1,0,1,0,0
32060,254.284,241.754,10.319,2.211,Eric Adams,923,769,0,0,0,0,0,0,0,1,0,0,0,0,0,0,1,0,1,0,1,0,0
32061,341,324,14,3,Eric Adams,895,770,0,0,0,0,0,0,0,1,0,0,0,0,0,0,1,0,1,0,1,0,0
32062,266.129,249.613,11.569,4.947,Eric Adams,1128,909,0,0,0,0,0,0,0,1,0,0,0,0,0,0,1,0,0,0,1,0,0
32063,296.993,280.852,12.121,4.019,Eric Adams,926,714,0,0,0,0,0,0,0,1,0,0,0,0,0,0,1,0,0,0,1,0,0
32064,166.354,157.219,6.637,2.498,Eric Adams,910,753,0,0,0,0,0,0,0,1,0,0,0,0,0,0,1,0,0,0,1,0,0
32065,356.68,338.14,14.005,4.536,Eric Adams,1188,932,0,0,0,0,0,0,0,1,0,0,0,0,0,1,0,0,1,0,1,0,0
32066,64.629,57.584,6.036,1.01,Eric Adams,374,305,0,0,0,0,0,0,0,1,0,0,0,0,0,0,1,0,0,0,1,0,1
32067,243.16,225.497,14.968,2.695,Eric Adams,1249,919,0,0,0,0,0,0,0,1,0,0,0,0,0,1,0,1,1,0,1,0,1
32068,6.619,5.024,1.369,0.226,Eric Adams,0,0,0,0,0,0,0,0,0,0,0,0,0,0,0,0,0,0,0,0,1,0,0
33001,408.947,181.032,212.723,15.192,Curtis Sliwa,1649,1358,0,0,0,1,0,1,0,0,0,1,0,0,0,1,0,0,1,1,0,1,0
33002,433.454,179.265,233.388,20.801,Curtis Sliwa,1763,1500,0,0,0,1,0,1,0,0,0,1,0,0,0,1,0,0,1,1,0,1,0
33003,359.932,174.042,170.156,15.733,Eric Adams,1680,1397,0,0,0,1,0,0,0,0,0,1,0,0,0,1,0,0,1,1,1,0,0
33004,342.275,150.492,177.427,14.356,Curtis Sliwa,1290,1104,0,0,1,1,0,1,0,0,0,0,0,0,0,1,0,0,1,1,0,1,0
33005,314.945,182.57,126.438,5.937,Eric Adams,1418,1147,0,0,0,1,0,0,0,0,0,1,0,0,0,1,0,0,1,1,1,0,0
33006,433.343,202.222,208.336,22.784,Curtis Sliwa,1749,1455,0,0,1,0,0,1,1,0,0,1,0,0,0,1,0,0,1,1,0,1,0
33007,361.635,151.789,190.881,18.965,Curtis Sliwa,1255,1037,0,0,1,1,0,1,0,0,0,0,0,0,0,1,0,0,1,1,0,1,0
33008,354.68,177.847,167.377,9.456,Eric Adams,1708,1435,0,0,0,1,0,0,0,0,0,1,0,1,0,1,0,0,1,1,1,0,0
33009,268.633,142.213,113.974,12.446,Eric Adams,1593,1247,0,0,0,1,0,1,0,0,0,1,0,1,0,1,0,0,1,1,1,0,0
33010,337.791,204.05,119.467,14.274,Eric Adams,1657,1381,0,0,0,1,0,0,0,0,0,1,0,0,0,1,0,0,1,0,1,0,0
33011,153.784,97.395,50.678,5.711,Eric Adams,933,745,0,0,0,1,0,0,0,0,0,1,0,1,0,1,0,0,1,0,1,0,0
33012,232.737,156.857,67.793,8.088,Eric Adams,1265,1015,0,0,0,1,0,0,0,0,0,0,0,0,0,1,0,1,1,0,1,0,0
33013,30,16,12,2,Eric Adams,171,139,0,0,0,1,0,0,0,1,0,0,0,0,0,1,0,1,1,0,1,0,0
33014,257.784,150.826,100.837,6.121,Eric Adams,1524,1160,0,0,0,1,0,0,0,0,0,1,0,0,0,1,0,0,1,1,1,0,0
33015,209.249,147.713,55.294,6.242,Eric Adams,1258,1018,0,0,0,1,0,0,0,0,0,1,0,0,0,1,0,1,0,0,1,0,0
33016,254.088,175.719,74.916,3.453,Eric Adams,1573,1200,0,0,0,1,0,0,0,0,0,1,0,0,0,1,0,0,1,0,1,0,0
33017,286.56,196.464,82.951,7.145,Eric Adams,1746,1363,0,0,0,1,0,0,0,0,0,0,0,0,0,1,0,0,1,0,1,0,0
33018,193.183,142.648,47.936,2.599,Eric Adams,1334,1011,0,0,0,1,0,0,0,0,0,0,0,0,0,1,0,0,1,0,1,0,0
33019,186.479,142.693,41.546,2.24,Eric Adams,1171,896,0,0,0,1,0,0,0,0,0,0,0,0,0,1,0,0,1,0,1,0,0
33020,213.51,163.504,45.414,4.592,Eric Adams,1413,1103,0,0,0,1,0,0,0,0,0,1,0,0,0,1,0,0,1,0,1,0,0
33021,281.269,229.157,47.005,5.107,Eric Adams,1683,1359,0,0,0,1,0,0,0,0,0,0,0,0,0,1,0,1,1,0,1,0,0
33022,100.694,79.894,19.928,0.872,Eric Adams,734,576,0,0,0,1,0,0,0,0,0,0,0,0,0,1,0,0,1,0,1,0,0
33023,274.192,218.102,53.697,2.392,Eric Adams,1786,1420,0,0,0,1,0,0,0,1,0,1,0,0,0,1,0,1,1,0,1,0,0
33024,48.271,38.494,9.001,0.777,Eric Adams,304,240,0,0,0,1,0,0,0,0,0,1,0,0,0,1,0,1,1,0,1,0,0
33025,102.526,82.318,17.943,2.264,Eric Adams,654,508,0,0,0,1,0,0,0,0,0,1,0,0,0,1,0,1,1,0,1,0,0
33026,45.999,41.034,4.394,0.57,Eric Adams,240,192,0,0,0,0,0,0,0,1,0,0,0,0,0,1,0,1,1,0,1,0,0
33027,268.843,238.813,25.991,4.039,Eric Adams,1381,1087,0,0,0,0,0,0,0,1,0,0,0,0,0,1,0,1,1,0,1,0,0
33028,158.825,144.08,11.352,3.393,Eric Adams,646,499,0,0,0,1,0,0,0,1,0,0,0,0,0,1,0,1,1,0,1,0,0
33029,311.125,281.916,24.667,4.543,Eric Adams,1681,1278,0,0,0,0,0,0,0,1,0,0,0,0,0,1,0,1,1,0,1,0,0
33030,365.643,327.526,31.596,6.521,Eric Adams,1591,1265,0,0,0,0,0,0,0,1,0,0,0,1,0,1,0,1,1,0,1,0,0
33031,368.704,341.342,16.212,11.15,Eric Adams,1585,1220,0,0,0,0,0,0,0,1,0,0,0,0,0,1,0,1,1,0,1,0,0
33032,540.308,506.888,24.696,8.724,Eric Adams,1614,1311,0,0,0,0,0,0,0,1,0,0,0,0,0,1,0,1,1,0,1,0,0
33033,261.697,244.16,11.078,6.459,Eric Adams,987,792,0,0,0,0,0,0,0,1,0,0,0,0,0,1,0,0,1,0,1,0,0
33034,385.893,351.811,27.272,6.81,Eric Adams,1487,1211,0,0,0,0,0,0,0,1,0,0,0,0,0,1,0,0,1,0,1,0,0
33035,500.683,467.475,25.917,7.291,Eric Adams,1597,1324,0,0,0,0,0,0,0,1,0,0,0,0,0,1,0,0,1,0,1,0,0
33036,482.51,454.87,19.4,8.24,Eric Adams,1505,1256,0,0,0,0,0,0,0,1,0,0,0,0,0,1,0,0,1,0,1,0,0
33037,426.889,402.687,16.922,7.28,Eric Adams,1523,1248,0,0,0,0,0,0,0,1,0,0,0,1,0,1,0,0,1,0,1,0,1
33038,407.503,385.494,17.33,4.68,Eric Adams,1245,1020,0,0,0,0,0,0,0,1,0,0,0,1,0,1,0,0,1,0,1,0,1
33039,358.571,339.741,14.576,4.255,Eric Adams,1187,953,0,0,0,0,0,0,0,1,0,0,0,1,0,1,0,0,1,0,1,0,0
33040,267.055,253.359,9.977,3.719,Eric Adams,1083,839,0,0,0,0,0,0,0,1,0,0,1,1,0,1,0,1,0,0,1,0,0
33041,292.711,281.079,8.542,3.09,Eric Adams,830,668,0,0,0,0,0,0,0,1,0,0,0,0,0,1,0,0,1,0,1,0,0
33042,338.535,321.436,11.025,6.073,Eric Adams,1494,1173,0,0,0,0,0,0,0,1,0,0,0,0,0,1,0,0,1,0,1,0,0
33043,212.032,202.522,7.477,2.032,Eric Adams,875,678,0,0,0,0,0,0,0,1,0,0,0,0,0,1,0,1,0,0,1,0,0
33044,428.977,405.993,16.686,6.299,Eric Adams,1737,1331,0,0,0,0,0,0,0,1,0,0,0,0,0,1,0,1,0,0,1,0,0
33045,365.948,353.824,7.389,4.735,Eric Adams,1689,1287,0,0,0,0,0,0,0,1,0,0,0,0,0,1,0,1,0,0,1,0,0
33046,437.897,414.672,19.603,3.622,Eric Adams,1656,1212,0,0,0,0,0,0,0,1,0,0,0,0,0,1,0,0,1,0,1,0,0
33047,321.456,301.802,13.945,5.709,Eric Adams,1438,1116,0,0,0,0,0,0,0,1,0,0,0,0,0,1,0,0,1,0,1,0,0
33048,337.603,325.424,9.358,2.821,Eric Adams,1513,1136,0,0,0,0,0,0,0,1,0,0,0,0,0,1,0,0,0,0,1,0,0
33049,173.232,159.914,9.181,4.136,Eric Adams,846,616,0,0,0,0,0,0,0,1,0,0,0,0,0,1,0,0,0,0,1,0,0
33050,352.882,330.695,16.027,6.16,Eric Adams,1750,1314,0,0,0,0,0,0,0,1,0,0,0,0,0,1,0,1,0,0,1,0,0
33051,469.094,430.605,27.883,10.606,Eric Adams,1802,1387,0,0,0,0,0,0,0,1,0,0,0,1,0,1,0,0,0,0,1,0,0
33052,420.888,376.727,35.215,8.946,Eric Adams,1864,1419,0,0,0,1,0,0,0,1,0,0,0,0,0,1,0,0,1,0,1,0,0
33053,308.45,283.299,18.594,6.558,Eric Adams,1474,1118,0,0,0,1,0,0,0,1,0,0,0,0,0,1,0,1,1,0,1,0,0
33054,291.375,264.246,21.258,5.87,Eric Adams,1418,1076,0,0,0,1,0,0,0,1,0,0,0,0,0,1,0,1,1,0,1,0,0
33055,252.609,231.483,19.101,2.026,Eric Adams,1282,964,0,0,0,0,0,0,0,1,0,0,0,0,0,1,0,1,0,0,1,0,0
33056,401.761,376.632,19.364,5.765,Eric Adams,1774,1394,0,0,0,0,0,0,0,1,0,0,0,0,0,1,0,1,0,0,1,0,0
33057,282.613,265.673,12.932,4.008,Eric Adams,1230,942,0,0,0,0,0,0,0,1,0,0,0,0,0,1,0,0,1,0,1,0,0
33058,272.235,249.984,17.836,4.415,Eric Adams,1421,1120,0,0,0,0,0,0,0,1,0,0,0,0,0,1,0,1,0,0,1,0,0
33059,216.01,199.125,13.54,3.345,Eric Adams,810,672,0,0,0,0,0,0,0,1,0,0,0,0,0,1,0,0,1,0,1,0,0
33060,297.465,274.586,17.621,5.258,Eric Adams,1306,1013,0,0,0,0,0,0,0,1,0,0,0,0,0,1,0,0,1,0,1,0,0
33061,278.73,260.622,14.559,3.55,Eric Adams,1419,1121,0,0,0,0,0,0,0,1,0,0,0,0,0,1,0,1,1,0,1,0,0
33062,111.307,100.585,8.98,1.742,Eric Adams,802,601,0,0,0,0,0,0,0,1,0,0,0,0,0,1,0,1,1,0,1,0,0
33063,160.362,143.819,13.719,2.824,Eric Adams,1099,822,0,0,0,1,0,0,0,1,0,0,0,0,0,1,0,1,1,0,1,0,0
33064,314.259,290.977,20.538,2.743,Eric Adams,1484,1113,0,0,0,0,0,0,0,1,0,0,0,0,0,1,0,1,0,1,1,0,0
34001,355.419,153.208,175.386,26.825,Curtis Sliwa,1670,1422,0,0,1,0,0,0,1,0,0,0,1,0,0,0,1,1,0,0,0,1,1
34002,100.504,68.406,25.675,6.423,Eric Adams,593,381,1,0,0,0,0,0,0,0,1,0,0,0,0,0,1,1,0,1,1,0,0
34003,462.988,266.695,162.291,34.002,Eric Adams,1146,935,0,0,0,1,0,0,1,0,0,0,0,0,0,0,1,0,0,0,1,0,1
34004,327.406,205.652,94.15,27.604,Eric Adams,1250,1086,0,0,0,0,0,0,1,0,0,0,1,0,0,0,1,1,0,0,1,0,1
34005,463.456,298.987,132.42,32.05,Eric Adams,1612,1379,0,0,0,0,0,0,1,0,0,0,0,0,0,0,1,1,0,0,1,0,1
34006,67.793,33.306,28.109,6.378,Eric Adams,129,103,0,0,1,0,0,0,1,0,0,1,0,0,1,0,1,0,1,1,1,0,0
34007,309.663,183.839,99.582,26.242,Eric Adams,1437,1215,0,0,1,0,0,0,1,0,0,0,1,1,0,0,1,1,0,0,1,0,0
34008,382.635,223.01,123.296,36.329,Eric Adams,1643,1403,0,0,1,0,0,0,1,0,0,0,1,0,0,0,1,1,0,0,1,0,1
34009,334.105,196.987,111.915,25.203,Eric Adams,1501,1145,0,0,0,0,0,0,1,0,0,0,1,0,0,0,1,1,0,0,1,0,0
34010,232.019,148.41,69.08,14.529,Eric Adams,1781,1228,1,0,0,0,0,0,0,0,1,0,0,0,0,0,1,0,1,1,1,0,0
34011,124.23,88.725,27.32,8.185,Eric Adams,833,672,1,0,0,0,0,0,0,0,1,0,0,0,0,0,1,0,1,1,1,0,1
34012,445.505,274.928,128.215,42.363,Eric Adams,1670,1451,0,0,0,0,0,0,1,0,0,0,1,0,0,0,1,1,0,0,1,0,0
34013,357.995,215.217,104.189,38.589,Eric Adams,1604,1375,0,0,1,0,0,0,1,0,0,0,1,1,0,0,1,1,0,0,1,0,0
34014,539.383,283.216,210.612,45.554,Eric Adams,1817,1551,0,0,1,0,0,0,1,0,0,0,1,0,0,0,1,0,1,0,1,0,0
34015,225.535,94.708,119.292,11.535,Curtis Sliwa,649,552,0,0,0,0,0,1,1,0,0,0,0,0,0,1,0,0,1,1,0,1,0
34016,102.598,39.099,57.326,6.174,Curtis Sliwa,599,498,0,0,1,0,0,1,1,0,0,0,1,0,0,0,1,1,0,1,0,1,0
34017,379.601,207.197,142.153,30.251,Eric Adams,1611,1329,0,0,0,0,0,0,1,0,0,0,1,0,0,0,1,1,1,0,1,0,0
34018,311.351,175.572,103.977,31.802,Eric Adams,1762,1477,0,0,0,0,0,0,1,0,0,0,0,0,0,0,1,0,0,0,1,0,0
34019,284.763,170.437,88.592,25.733,Eric Adams,1613,1344,0,0,1,0,0,0,1,0,0,0,0,0,0,0,1,1,0,0,1,0,0
34020,397.371,232.787,130.12,34.463,Eric Adams,1731,1431,0,0,1,0,0,0,1,0,0,0,1,0,0,0,1,1,0,0,1,0,0
34021,212.813,162.638,43.622,6.553,Eric Adams,1644,1122,1,0,0,0,0,0,0,0,1,0,0,0,1,0,1,0,1,0,1,0,0
34022,126.43,97.321,23.299,5.809,Eric Adams,794,594,0,0,0,0,0,0,0,0,1,0,0,0,1,0,1,0,1,0,1,0,1
34023,118.092,74.115,35.56,8.417,Eric Adams,764,599,0,0,0,0,0,0,1,0,0,0,0,0,0,0,1,1,0,0,1,0,1
34024,320.683,165.814,122.463,32.407,Eric Adams,1520,1270,0,0,0,0,0,0,1,0,0,0,1,0,0,0,1,1,0,0,1,0,0
34025,583.554,331.468,205.416,46.67,Eric Adams,1509,1335,0,0,1,0,0,0,1,0,0,0,0,0,0,1,0,0,1,0,1,0,0
34026,45.24,28.876,14.117,2.246,Eric Adams,362,245,1,0,0,0,0,0,0,0,1,0,0,0,0,0,1,1,1,0,1,0,0
34027,264.066,93.391,156.58,14.095,Curtis Sliwa,1142,928,0,0,0,0,0,1,1,0,0,0,0,0,0,1,0,0,0,1,0,1,0
34028,131.072,92.075,31.983,7.014,Eric Adams,1043,758,1,0,0,1,0,0,0,0,1,0,0,0,0,0,1,0,1,1,1,0,0
34029,130.24,63.233,61.872,5.136,Eric Adams,1035,808,0,0,0,1,0,0,0,0,0,0,0,0,0,0,1,0,1,1,1,0,0
34030,265.222,136.699,118.628,9.895,Eric Adams,1275,947,0,0,0,1,0,0,0,0,1,0,0,0,0,0,1,0,1,1,1,0,0
34031,149.913,88.783,54.797,6.333,Eric Adams,1691,1297,0,0,0,1,0,1,0,0,1,0,0,0,0,0,1,0,0,1,1,0,0
34032,175,101,72,2,Eric Adams,1135,861,0,0,0,1,0,0,0,0,1,0,0,0,0,1,0,1,0,1,1,0,0
34033,109.847,64.323,42.253,3.271,Eric Adams,710,554,1,0,0,1,0,0,0,0,1,0,0,0,0,1,0,0,1,1,1,0,0
34034,171.772,100.561,66.767,4.445,Eric Adams,1290,998,1,0,0,0,0,0,0,0,1,0,0,0,0,1,0,0,1,0,1,0,0
34035,126,77,43,6,Eric Adams,972,719,1,0,0,0,0,0,0,0,1,0,0,0,0,1,0,0,1,1,1,0,0
34036,325.905,211.169,93.8,20.936,Eric Adams,1676,1283,0,0,0,1,1,0,0,0,0,0,0,0,0,1,0,1,0,1,1,0,0
34037,129.576,75.79,48.684,5.102,Eric Adams,747,579,0,0,0,1,0,1,0,0,0,0,0,0,0,1,0,1,0,1,1,0,0
34038,236.703,150.457,65.647,20.598,Eric Adams,618,498,0,0,0,1,0,0,0,0,0,1,0,0,0,0,1,0,1,1,1,0,1
34039,452.803,304.003,113.725,35.074,Eric Adams,1436,1182,0,0,0,0,0,0,0,0,1,0,0,0,0,0,1,1,1,0,1,0,1
34040,140,100,37,3,Eric Adams,1153,871,1,0,0,0,0,0,0,0,1,0,0,0,0,1,0,1,0,0,1,0,0
34041,405.788,282.462,97.352,25.974,Eric Adams,1347,1192,0,0,0,0,0,0,0,0,1,0,0,0,0,0,1,0,1,0,1,0,0
34042,224.378,151.125,59.36,13.892,Eric Adams,997,824,1,0,0,0,0,0,0,0,1,0,0,0,0,0,1,0,1,0,1,0,1
34043,265.25,160.016,89.749,15.485,Eric Adams,1341,991,1,0,0,0,0,0,0,0,1,0,0,0,0,0,1,1,0,1,1,0,1
34044,253.584,150.553,89.525,13.505,Eric Adams,1511,1170,1,0,0,0,0,0,0,0,1,0,0,0,0,0,1,1,1,1,1,0,1
34045,89,58,20,11,Eric Adams,1059,690,1,0,0,0,0,0,0,0,1,0,0,0,0,0,1,1,1,1,1,0,0
34046,459.837,288.399,135.449,35.989,Eric Adams,1519,1294,0,0,0,0,1,0,0,0,0,0,0,0,0,0,1,1,1,0,1,0,1
34047,404.442,253.735,120.481,30.226,Eric Adams,1393,1172,1,0,0,0,0,0,0,0,1,0,0,0,0,1,0,0,1,0,1,0,0
34048,218.44,137.231,60.873,20.336,Eric Adams,1034,825,0,0,0,0,0,0,0,0,1,0,0,0,0,1,0,0,1,0,1,0,1
34049,406.534,292.519,84.129,29.886,Eric Adams,1491,1252,0,0,0,0,0,0,0,0,1,0,0,0,0,0,1,0,1,0,1,0,0
34050,55.481,36.987,14.384,4.11,Eric Adams,251,213,1,0,0,0,0,0,0,0,1,0,0,0,0,0,1,0,1,1,1,0,0
34051,255.073,153.334,83.156,18.583,Eric Adams,1554,1209,1,0,0,0,0,0,0,0,1,0,0,0,0,1,0,0,1,0,1,0,0
34052,281.121,190.324,73.831,16.966,Eric Adams,1806,1364,1,0,0,0,0,0,0,0,1,0,0,0,0,0,1,0,1,1,1,0,0
34053,32.632,21.754,8.46,2.417,Eric Adams,70,49,1,0,1,0,1,0,0,0,0,1,0,0,0,0,1,1,1,0,1,0,0
34054,128.375,83.251,34.486,10.639,Eric Adams,1217,926,1,0,0,0,0,0,0,0,1,0,0,0,0,0,1,1,0,1,1,0,0
34055,64.918,41.21,20.25,3.458,Eric Adams,503,332,0,0,0,0,0,0,0,0,1,0,0,0,0,0,1,1,0,1,1,0,0
34056,181.612,114.795,55.684,11.133,Eric Adams,1635,1109,1,0,0,0,0,0,0,0,1,0,0,0,0,0,1,1,0,1,1,0,0
34057,22.139,14.131,6.908,1.099,Eric Adams,0,0,0,0,0,0,1,0,0,0,1,0,0,0,0,0,1,1,0,0,1,0,0
34058,14.182,7.29,5.565,1.327,Eric Adams,0,0,0,0,0,0,0,0,0,0,0,0,0,0,0,0,0,0,0,0,1,0,0
34059,138.472,48.019,82.078,8.375,Curtis Sliwa,0,0,0,0,0,0,0,0,0,0,0,0,0,0,0,0,0,0,0,0,0,1,0
34060,0,0,0,0,Tie,0,0,0,0,0,0,0,0,0,0,0,0,0,0,0,0,0,0,0,0,0,0,0
35001,238.418,95.469,127.976,14.973,Curtis Sliwa,1266,1019,0,0,1,0,0,1,1,0,0,0,0,0,0,1,0,0,0,1,0,1,0
35002,158.631,96.242,54.562,7.827,Eric Adams,945,702,0,0,0,1,0,0,0,0,1,0,0,0,0,1,0,0,1,1,1,0,0
35003,114.106,64.529,46.429,3.148,Eric Adams,998,727,1,0,0,1,0,0,0,0,1,0,0,0,0,0,1,0,0,1,1,0,0
35004,107.15,84.192,20.184,2.774,Eric Adams,1092,824,0,0,0,1,0,0,0,0,1,0,0,0,0,0,1,0,0,0,1,0,0
35005,208.173,167.061,34.392,6.721,Eric Adams,1165,927,0,0,0,0,0,0,0,1,0,0,0,0,0,1,0,1,1,0,1,0,0
35006,158.55,126.425,28.507,3.618,Eric Adams,1277,967,0,0,0,0,0,0,0,0,1,0,0,0,0,0,1,1,1,0,1,0,0
35007,294.505,247.205,41.409,5.89,Eric Adams,1648,1308,0,0,0,0,0,0,0,0,1,0,0,0,0,0,1,0,1,0,1,0,1
35008,251.465,209.387,36.491,5.587,Eric Adams,1657,1286,0,0,0,0,0,0,0,1,1,0,0,0,0,0,1,0,1,0,1,0,1
35009,313.79,147.383,145.585,20.822,Eric Adams,1393,1122,0,0,0,0,1,1,1,0,0,1,1,0,0,1,0,0,1,1,1,0,1
35010,125.836,95.076,27.264,3.495,Eric Adams,793,567,1,0,0,0,0,0,0,0,1,0,0,0,0,0,1,0,1,0,1,0,0
35011,144.405,115.88,24.067,4.457,Eric Adams,1004,730,1,0,0,0,0,0,0,0,1,0,0,1,0,1,0,0,1,0,1,0,0
35012,227.582,180.024,41.324,6.233,Eric Adams,1672,1138,1,0,0,0,0,0,0,0,1,0,0,0,0,0,1,1,0,0,1,0,0
35013,200.064,143.107,51.141,5.815,Eric Adams,1675,1170,1,0,0,0,0,0,0,0,1,0,0,0,0,0,1,1,0,1,1,0,0
35014,226.271,186.363,31.726,8.181,Eric Adams,1523,1078,1,0,0,0,0,0,0,0,1,0,0,0,0,0,1,0,0,0,1,0,0
35015,171.489,140.069,19.563,11.858,Eric Adams,1486,1043,1,0,0,0,0,0,0,0,1,0,0,0,0,0,1,1,0,0,1,0,0
35016,267.894,216.285,44.627,6.982,Eric Adams,1447,1098,0,0,0,0,0,0,0,0,0,0,0,0,0,0,1,1,1,0,1,0,1
35017,150.732,95.55,51.787,3.395,Eric Adams,1525,1045,1,0,0,0,0,0,0,0,1,0,0,0,0,0,1,1,1,1,1,0,0
35018,104.054,71.759,28.864,3.43,Eric Adams,1136,748,1,0,0,0,0,0,0,0,1,0,0,0,0,0,1,1,0,1,1,0,0
35019,116.09,75.638,33.686,6.766,Eric Adams,965,657,1,0,0,0,0,0,0,0,1,0,0,0,0,0,1,1,1,1,1,0,0
35020,55.341,37.059,15.812,2.471,Eric Adams,588,417,1,0,0,0,0,0,0,0,1,0,0,0,0,0,1,1,0,1,1,0,0
35021,3.893,2.595,1.168,0.13,Eric Adams,470,376,0,0,0,0,0,0,0,0,1,0,0,0,0,0,1,1,1,0,1,0,1
35022,165.718,85.509,72.808,7.401,Eric Adams,1323,955,1,0,0,0,0,0,0,0,1,0,0,0,0,0,1,1,1,1,1,0,1
35023,108.841,69.835,34.451,4.555,Eric Adams,904,693,1,0,0,0,0,0,0,0,1,0,0,0,0,1,0,0,1,1,1,0,0
35024,188.445,139.66,41.879,6.905,Eric Adams,1104,811,1,0,0,0,0,0,0,0,0,0,0,0,0,1,0,0,1,1,1,0,0
35025,263.836,193.933,59.354,10.548,Eric Adams,1153,938,0,0,0,0,1,0,0,0,0,0,0,0,0,1,0,0,1,0,1,0,0
35026,296.945,236.596,51.236,9.114,Eric Adams,1346,1041,0,0,0,0,0,0,0,0,1,0,0,0,1,0,1,0,1,0,1,0,0
35027,58.516,31.311,23.612,3.593,Eric Adams,577,352,0,0,0,0,1,1,0,0,0,1,0,0,0,0,1,1,1,1,1,0,0
35028,29.475,15.556,12.895,1.023,Eric Adams,204,167,0,0,0,0,1,1,0,0,0,1,0,0,0,1,0,0,1,1,1,0,0
35029,170.689,115.436,43.558,11.694,Eric Adams,853,621,0,0,0,0,1,0,0,0,1,0,0,0,0,0,1,1,0,0,1,0,0
35030,192.969,109.904,71.121,11.944,Eric Adams,1429,1107,0,0,0,0,1,0,0,0,0,1,0,0,0,0,1,0,1,0,1,0,0
35031,76.382,35.402,36.759,4.221,Curtis Sliwa,1124,808,0,0,0,0,0,1,1,0,0,0,0,0,0,0,1,0,1,1,0,1,1
35032,259,230,23,6,Eric Adams,1257,953,0,0,0,0,0,0,0,1,1,0,0,0,0,0,0,0,1,0,1,0,0
35033,255,235,16,4,Eric Adams,1265,1014,0,0,0,0,0,0,0,0,0,0,0,0,0,0,0,0,1,0,1,0,0
35034,216,189,24,3,Eric Adams,1330,977,0,0,0,0,0,0,0,1,0,0,0,0,0,0,0,0,1,0,1,0,0
35035,262,227,31,4,Eric Adams,1178,905,0,0,0,0,0,0,0,0,0,0,0,0,0,0,0,0,1,0,1,0,0
35036,287,242,34,11,Eric Adams,1172,947,0,0,0,0,0,0,0,1,0,0,0,0,0,0,0,0,1,0,1,0,0
35037,130.153,87.517,35.904,6.732,Eric Adams,700,578,0,0,0,0,1,1,0,0,0,1,1,0,0,1,0,0,1,0,1,0,1
35038,327.946,192.669,116.339,18.938,Eric Adams,1183,961,0,0,0,0,1,1,0,0,0,0,1,0,0,0,1,0,1,1,1,0,1
35039,225.26,128.427,85.429,11.404,Eric Adams,1565,1198,0,0,0,0,0,1,1,0,0,1,1,0,0,1,0,0,1,1,1,0,1
35040,213.069,105.657,97.285,10.127,Eric Adams,1233,997,0,0,0,0,1,1,1,0,0,0,1,0,0,0,1,0,1,1,1,0,1
35041,313.416,138.13,162.693,12.593,Curtis Sliwa,1438,1155,0,0,0,0,1,1,1,0,0,0,1,0,0,1,0,0,1,1,0,1,1
35042,292.857,131.774,150.061,11.022,Curtis Sliwa,1624,1299,0,0,0,0,1,1,1,0,0,1,1,0,0,0,1,0,1,1,0,1,1
35043,128.811,54.902,66.295,7.614,Curtis Sliwa,716,511,0,0,0,0,1,1,1,0,0,0,0,0,0,0,1,1,1,1,0,1,1
35044,168.836,116.411,51.754,0.671,Eric Adams,687,561,0,0,0,0,0,0,0,0,0,0,0,0,0,0,1,0,1,0,1,0,1
35045,151.766,68.433,73.786,9.547,Curtis Sliwa,1028,753,0,0,0,0,1,1,1,0,0,1,0,0,0,0,1,0,1,1,0,1,1
35046,259.425,144.705,106.456,8.263,Eric Adams,771,637,0,0,0,0,1,0,0,0,0,1,0,0,0,1,0,0,1,1,1,0,1
35047,300.505,250.66,45.255,4.59,Eric Adams,1,1,0,0,0,0,0,1,0,0,0,0,0,0,0,0,0,0,0,0,1,0,0
35048,55.484,29.689,22.388,3.407,Eric Adams,374,230,0,0,0,0,1,0,0,0,0,0,0,0,0,0,1,1,1,1,1,0,0
35049,237.039,94.119,127.363,15.557,Curtis Sliwa,1263,1023,0,0,0,0,0,1,1,0,0,0,0,0,0,1,0,0,0,1,0,1,0
35050,31.299,20.866,9.39,1.043,Eric Adams,0,0,0,0,0,0,0,0,0,0,0,0,0,0,0,0,0,0,0,0,1,0,0
35051,0.028,0.019,0.009,0.001,Eric Adams,0,0,0,0,0,0,0,0,0,0,0,0,0,0,0,0,0,0,0,0,1,0,0
35052,0.425,0.263,0.14,0.023,Eric Adams,0,0,0,0,0,0,0,0,0,0,0,0,0,0,0,0,0,0,0,0,1,0,0
35053,0.742,0.326,0.396,0.02,Curtis Sliwa,0,0,0,0,0,0,0,0,0,0,0,0,0,0,0,0,0,0,0,0,0,1,0
35054,0,0,0,0,Tie,0,0,0,0,0,0,0,0,0,0,0,0,0,0,0,0,0,0,0,0,0,0,0
35056,0,0,0,0,Tie,0,0,0,0,0,0,0,0,0,0,0,0,0,0,0,0,0,0,0,0,0,0,0
35057,0,0,0,0,Tie,0,0,0,0,0,0,0,0,0,0,0,0,0,0,0,0,0,0,0,0,0,0,0
35058,0,0,0,0,Tie,0,0,0,0,0,0,0,0,0,0,0,0,0,0,0,0,0,0,0,0,0,0,0
35060,30.177,20.118,9.053,1.006,Eric Adams,0,0,0,0,0,0,0,0,0,0,0,0,0,0,0,0,0,0,0,0,1,0,0
35061,18.443,12.295,5.533,0.615,Eric Adams,0,0,0,0,0,0,0,0,0,0,0,0,0,0,0,0,0,0,0,0,1,0,0
35062,0,0,0,0,Tie,0,0,0,0,0,0,0,0,0,0,0,0,0,0,0,0,0,0,0,0,0,0,0
35063,2.417,1.624,0.714,0.079,Eric Adams,0,0,0,0,0,0,0,0,0,0,0,0,0,0,0,0,0,0,0,0,1,0,0
35064,0.266,0.122,0.136,0.007,Curtis Sliwa,0,0,0,0,0,0,0,0,0,0,0,0,0,0,0,0,0,0,0,0,0,1,0
35065,3.399,2.266,1.02,0.113,Eric Adams,0,0,0,0,0,0,0,0,0,0,0,0,0,0,0,0,0,0,0,0,1,0,0
36001,332.939,201.781,109.113,22.045,Eric Adams,1774,1362,0,0,0,0,0,0,1,0,0,0,0,0,0,0,1,0,0,1,1,0,1
36002,173.751,117.483,37.718,18.55,Eric Adams,628,538,0,0,0,0,0,0,1,0,0,1,1,1,0,0,1,1,0,0,1,0,0
36003,401.27,230.417,139.428,31.425,Eric Adams,1782,1493,0,0,0,0,0,0,1,0,0,0,1,0,0,0,1,1,0,0,1,0,1
36004,348.776,214.798,104.022,29.956,Eric Adams,1220,1061,0,0,0,0,0,0,1,0,0,0,1,0,0,0,1,1,1,0,1,0,1
36005,694.036,400.259,237.647,56.13,Eric Adams,1856,1578,0,0,0,0,0,0,1,0,0,0,1,0,0,0,1,0,0,0,1,0,1
36006,197.99,169.262,18.983,9.746,Eric Adams,1360,987,0,0,0,0,0,0,0,1,1,0,0,0,1,0,1,1,1,0,1,0,1
36007,357.057,245.675,95.812,15.57,Eric Adams,1883,1504,0,0,0,0,0,0,0,0,0,0,0,0,1,0,1,1,1,0,1,0,1
36008,148.064,75.95,59.78,12.334,Eric Adams,1259,1075,0,0,0,0,0,0,1,0,0,0,1,0,0,0,1,0,0,0,1,0,1
36009,234.007,151.143,62.158,20.705,Eric Adams,1137,922,0,0,0,0,0,0,1,0,0,0,1,0,0,0,1,0,0,0,1,0,1
36010,496.501,311.171,133.337,51.993,Eric Adams,1740,1478,0,0,0,0,0,0,1,0,0,0,1,0,0,0,1,0,0,0,1,0,1
36011,161.608,110.048,41.556,10.004,Eric Adams,811,681,0,0,0,0,0,0,1,0,0,0,1,0,0,0,1,0,0,0,1,0,1
36012,311.012,209.943,72.905,28.164,Eric Adams,1207,1035,0,0,0,0,0,0,1,0,0,0,1,0,0,0,1,0,0,0,1,0,1
36013,299.666,216.73,65.323,17.613,Eric Adams,1592,1331,0,0,0,0,0,0,1,0,0,0,0,0,0,0,1,1,0,0,1,0,1
36014,387.376,261.417,93.865,32.094,Eric Adams,1755,1457,0,0,0,1,0,0,1,0,0,0,1,0,0,0,1,1,0,0,1,0,1
36015,26.558,18.817,5.338,2.402,Eric Adams,583,524,0,0,0,0,0,0,1,0,0,0,1,1,0,0,1,1,0,0,1,0,1
36016,263.188,184.5,48.541,30.146,Eric Adams,1336,1122,0,0,0,0,0,0,1,0,0,0,1,0,0,0,1,1,0,0,1,0,1
36017,376.344,265.289,74.724,36.33,Eric Adams,1595,1386,0,0,1,0,0,0,1,0,0,0,1,0,0,0,1,0,0,0,1,0,1
36018,161.945,108.452,36.745,16.749,Eric Adams,756,665,0,0,0,0,0,0,1,0,0,0,1,0,0,0,1,0,0,0,1,0,1
36019,406.603,293.003,88.597,25.004,Eric Adams,1485,1355,0,0,0,0,0,0,1,0,0,0,1,0,0,0,1,0,0,0,1,0,1
36020,358.171,251.742,74.079,32.35,Eric Adams,1650,1448,0,0,0,0,0,0,1,0,0,0,1,1,0,0,1,1,0,0,1,0,1
36021,369.089,246.991,91.563,30.535,Eric Adams,1569,1358,0,0,0,0,0,0,1,0,0,0,0,0,0,0,1,1,0,0,1,0,0
36022,398.286,273.548,92.375,32.363,Eric Adams,1692,1444,0,0,0,0,0,0,1,0,0,0,0,0,0,0,1,1,0,0,1,0,0
36023,329.174,211.843,82.498,34.833,Eric Adams,1719,1445,0,0,0,0,0,0,1,0,0,0,1,0,0,0,1,1,0,0,1,0,0
36024,280.362,173.412,73.164,33.786,Eric Adams,1458,1162,0,0,0,0,0,0,1,0,0,0,0,0,0,0,1,0,0,0,1,0,0
36025,408.386,281.861,93.049,33.477,Eric Adams,1686,1466,0,0,0,0,0,0,1,0,0,0,1,1,0,0,1,1,0,0,1,0,0
36026,276.304,188.737,64.502,23.065,Eric Adams,1075,903,0,0,0,0,0,0,1,0,0,0,0,0,0,0,1,1,0,0,1,0,0
36027,118.565,76.83,33.198,8.537,Eric Adams,516,444,0,0,0,0,0,0,1,0,0,0,0,0,0,0,1,1,0,0,1,0,0
36028,192.867,121.393,60.089,11.385,Eric Adams,1864,1573,0,0,0,0,0,0,1,0,0,0,1,0,0,0,1,0,0,0,1,0,1
36029,66.322,42.674,18.165,5.483,Eric Adams,326,242,0,0,0,1,0,0,0,0,1,0,1,0,0,0,1,1,0,0,1,0,1
36030,195.329,138.44,37.537,19.352,Eric Adams,962,778,0,0,0,0,0,0,1,0,0,0,1,1,0,0,1,1,0,0,1,0,1
36031,166.832,124.017,26.449,16.366,Eric Adams,970,820,0,0,0,0,0,0,1,0,0,0,1,1,0,0,1,1,0,0,1,0,0
36032,158.656,118.299,26.144,14.212,Eric Adams,1266,1094,0,0,0,1,0,0,1,0,0,0,0,1,0,0,1,1,0,0,1,0,1
36033,53.141,37.068,9.841,6.233,Eric Adams,168,139,0,0,0,1,0,0,0,0,0,1,0,0,0,0,1,1,0,0,1,0,0
36034,98.335,64.632,25.904,7.799,Eric Adams,377,267,0,0,0,0,0,0,0,0,1,0,0,0,0,0,1,1,0,0,1,0,1
36035,71.87,59.847,6.857,5.166,Eric Adams,1491,1345,0,0,0,0,1,0,1,0,0,1,1,1,0,0,1,1,0,0,1,0,0
36036,376.198,304.746,47.197,24.255,Eric Adams,1084,953,0,0,0,0,1,0,1,0,0,1,1,1,0,0,1,1,0,0,1,0,1
36037,121.341,101.474,9.867,9.999,Eric Adams,1051,956,0,0,0,0,1,0,1,0,0,1,1,1,0,0,1,1,0,0,1,0,1
36038,350.124,288.193,51.56,10.371,Eric Adams,1447,1071,0,0,0,0,0,0,0,1,0,0,0,0,1,0,1,1,1,0,1,0,1
36039,273,234,33,6,Eric Adams,1385,1029,0,0,0,0,0,0,0,0,0,0,0,0,1,0,1,1,1,0,1,0,1
36040,279.328,235.154,35.548,8.626,Eric Adams,1470,1119,0,0,0,0,0,0,0,0,0,0,0,0,1,0,1,1,1,0,1,0,1
36041,179.223,129.734,37.077,12.412,Eric Adams,1676,1467,0,0,0,0,1,0,1,0,0,0,1,1,0,0,1,1,0,0,1,0,1
36042,209.91,162.516,30.346,17.048,Eric Adams,1641,1435,0,0,0,0,1,0,1,0,0,1,1,1,0,0,1,1,0,0,1,0,1
36043,144.272,105.101,28.637,10.534,Eric Adams,1135,925,0,0,0,1,0,0,0,0,0,1,0,0,0,0,1,1,0,0,1,0,0
36044,360.026,253.126,73.402,33.498,Eric Adams,1544,1325,0,0,0,0,0,0,1,0,0,0,1,0,0,0,1,1,0,0,1,0,0
36045,206.99,133.613,58.832,14.546,Eric Adams,910,735,0,0,0,0,0,0,1,0,0,0,0,0,0,0,1,1,1,0,1,0,1
36046,285,232,46,7,Eric Adams,1630,1192,0,0,0,0,0,0,0,1,0,0,0,0,0,0,1,1,1,0,1,0,0
36047,296,245,42,9,Eric Adams,1479,1084,0,0,0,0,0,0,0,1,0,0,0,0,1,0,0,1,1,0,1,0,0
36048,178.306,115.161,47.134,16.011,Eric Adams,937,727,0,0,0,1,0,0,0,0,0,0,0,0,0,0,1,1,1,0,1,0,1
36049,195.232,160.3,23.419,11.513,Eric Adams,1086,937,0,0,0,0,0,0,1,0,0,1,1,1,0,0,1,1,0,0,1,0,1
36050,72.979,47.761,17.576,7.642,Eric Adams,206,152,0,0,0,0,1,1,0,0,0,0,1,0,0,1,0,0,1,0,1,0,0
36051,41.093,23.735,14.524,2.834,Eric Adams,930,619,0,0,0,1,0,0,0,0,1,0,0,0,0,0,1,1,0,0,1,0,1
36052,126.111,89.355,25.349,11.407,Eric Adams,467,348,0,0,0,0,0,0,0,0,0,0,1,0,0,1,0,0,1,0,1,0,1
36053,46.331,32.827,9.313,4.191,Eric Adams,467,412,0,0,1,0,0,0,1,0,0,0,1,1,0,0,1,1,0,0,1,0,1
36054,291.231,209.058,66.753,15.42,Eric Adams,1365,1168,0,0,0,0,0,0,1,0,0,0,1,1,0,0,1,1,0,0,1,0,1
36055,281.365,190.257,70.518,20.59,Eric Adams,1617,1343,0,0,0,0,0,0,1,0,0,0,1,0,0,0,1,0,1,0,1,0,1
36056,632.337,421.378,177.418,33.541,Eric Adams,1612,1477,0,0,0,0,0,0,1,0,0,0,1,0,0,1,0,0,1,0,1,0,1
36057,353.575,234.143,94.65,24.783,Eric Adams,1563,1316,0,0,0,0,0,0,1,0,0,0,1,0,0,0,1,1,0,0,1,0,1
36058,227.188,162.67,44.935,19.583,Eric Adams,886,780,0,0,1,0,0,0,1,0,0,0,1,0,0,0,1,0,1,0,1,0,1
36059,276,202,50,24,Eric Adams,1135,985,0,0,0,0,0,0,1,0,0,0,1,0,0,0,1,0,1,0,1,0,1
36060,252.701,168.803,59.648,24.251,Eric Adams,1020,851,0,0,0,0,0,0,1,0,0,0,1,0,0,0,1,1,1,0,1,0,0
36061,291.426,169.439,92.611,29.376,Eric Adams,1052,917,0,0,0,0,0,0,1,0,0,0,1,0,0,0,1,1,1,0,1,0,0
36062,312.592,204.211,71.421,36.959,Eric Adams,1425,1234,0,0,0,0,0,0,1,0,0,0,1,1,0,0,1,1,0,0,1,0,1
36063,375.583,243.581,89.99,42.013,Eric Adams,1724,1502,0,0,0,0,0,0,1,0,0,0,1,1,0,0,1,1,0,0,1,0,0
36064,219.435,130.632,71.429,17.375,Eric Adams,840,699,0,0,0,0,0,0,1,0,0,0,1,0,0,0,1,1,0,0,1,0,0
36065,238.5,149.078,61.497,27.925,Eric Adams,1594,1342,0,0,0,0,0,0,1,0,0,0,1,0,0,0,1,0,0,0,1,0,1
36066,33.805,23.635,6.159,4.011,Eric Adams,231,199,0,0,0,0,0,0,1,0,0,0,1,1,0,0,1,1,0,0,1,0,0
36067,33.715,23.572,6.143,4,Eric Adams,124,100,0,0,1,0,0,0,1,0,0,0,1,1,0,0,1,1,0,0,1,0,0
36070,0,0,0,0,Tie,0,0,0,0,0,0,0,0,0,0,0,0,0,0,0,0,0,0,0,0,0,0,0
37001,263.428,208.322,40.32,14.786,Eric Adams,1639,1491,0,0,0,0,0,0,1,0,0,1,1,1,0,0,1,0,0,0,1,0,1
37002,156.459,127.979,19.334,9.145,Eric Adams,1765,1631,0,0,0,0,1,0,1,0,0,1,1,1,0,0,1,0,0,0,1,0,1
37003,438.237,350.247,55.42,32.571,Eric Adams,1633,1518,0,0,0,0,1,0,1,0,0,0,1,1,0,0,1,0,0,0,1,0,1
37004,425.098,345.871,57.345,21.883,Eric Adams,1061,948,0,0,0,0,0,0,1,0,0,0,1,1,0,0,1,0,0,0,1,0,1
37005,273.051,222.915,37.697,12.439,Eric Adams,1167,1031,0,0,0,0,0,0,1,0,0,0,1,1,0,0,1,0,0,0,1,0,0
37006,272.704,211.796,42.605,18.303,Eric Adams,1738,1581,0,0,1,0,0,0,1,0,0,0,1,1,0,0,1,0,0,0,1,0,0
37007,225.245,188.224,23.128,13.893,Eric Adams,1362,1232,0,0,0,0,1,0,1,0,0,0,1,1,0,0,1,1,0,0,1,0,1
37008,71.911,59.143,6.932,5.836,Eric Adams,1236,1129,0,0,0,0,1,0,1,0,0,1,1,1,0,0,1,0,0,0,1,0,1
37009,191.901,154.779,20.227,16.894,Eric Adams,763,690,0,0,0,0,1,0,1,0,0,0,1,1,0,0,1,0,0,0,1,0,1
37010,129.175,103.337,14.324,11.515,Eric Adams,113,47,0,0,0,0,0,1,0,1,0,0,0,0,1,0,0,0,1,0,1,0,1
37011,49.267,12.503,34.978,1.786,Curtis Sliwa,465,360,0,0,1,0,0,1,1,0,0,0,0,0,0,1,0,0,0,1,0,1,0
37012,255,140,82,33,Eric Adams,1460,1217,0,0,0,0,0,0,1,0,0,0,0,0,0,0,1,1,0,0,1,0,0
37013,28.222,17.937,9.103,1.181,Eric Adams,242,184,0,0,0,1,0,0,0,0,1,0,0,0,0,0,1,1,0,1,1,0,1
37014,333.674,214.155,100.946,18.573,Eric Adams,1524,1258,0,0,0,1,0,0,0,0,0,0,0,0,0,0,1,1,0,0,1,0,1
37015,149.344,80.015,61.206,8.123,Eric Adams,479,373,0,0,0,0,0,0,0,0,1,0,0,0,0,0,1,1,0,1,1,0,1
37016,122.679,64.932,53.058,4.689,Eric Adams,826,663,0,0,0,1,0,0,0,0,0,0,0,0,0,0,1,1,0,1,1,0,1
37017,397.882,242.007,130.268,25.607,Eric Adams,1409,1056,1,0,0,0,0,0,0,0,1,0,0,0,0,0,1,1,0,1,1,0,1
37018,258.068,160.377,79.353,18.339,Eric Adams,1512,1155,1,0,0,0,0,0,0,0,0,0,0,0,0,0,1,1,0,0,1,0,0
37019,257.889,159.654,75.338,22.897,Eric Adams,1416,1205,0,0,0,0,0,0,1,0,0,0,0,0,0,0,1,1,0,0,1,0,1
37020,367.328,228.875,97.014,41.439,Eric Adams,1375,1175,0,0,1,0,0,0,1,0,0,0,1,0,0,0,1,0,0,0,1,0,1
37021,432.949,306.301,105.319,21.329,Eric Adams,1235,1099,0,0,1,0,0,0,1,0,0,0,1,0,0,0,1,0,1,0,1,0,0
37022,440.383,278.428,115.965,45.989,Eric Adams,1467,1299,0,0,1,0,0,0,1,0,0,0,1,0,0,0,1,0,0,0,1,0,0
37023,253.472,174.739,49.955,28.778,Eric Adams,1172,996,0,0,0,0,0,0,0,0,1,0,0,0,0,0,1,1,0,0,1,0,1
37024,450.13,297.968,109.724,42.438,Eric Adams,1736,1448,0,0,0,1,0,0,0,0,0,1,0,0,0,0,1,0,1,0,1,0,1
37025,360.743,250.34,85.192,25.211,Eric Adams,1145,981,0,0,0,0,0,0,1,0,0,0,0,0,0,0,1,1,0,0,1,0,1
37026,316.809,223.659,64.025,29.125,Eric Adams,1198,1042,0,0,0,0,0,0,1,0,0,0,0,0,0,0,1,1,0,0,1,0,1
37027,394.56,265.421,89.139,40.001,Eric Adams,1600,1412,0,0,0,0,0,0,1,0,0,0,1,0,0,0,1,0,0,0,1,0,1
37028,473.088,325.362,103.383,44.343,Eric Adams,1566,1391,0,0,1,0,0,0,1,0,0,1,1,0,0,0,1,0,0,0,1,0,1
37029,374.462,250.836,81.713,41.914,Eric Adams,1199,1075,0,0,0,0,0,0,1,0,0,0,0,0,0,0,1,1,0,0,1,0,1
37030,310.813,196.073,91.079,23.66,Eric Adams,1675,1404,0,0,0,0,0,0,0,0,0,0,0,0,0,0,1,1,0,0,1,0,1
37031,400.317,263.781,107.251,29.285,Eric Adams,1593,1361,0,0,1,0,0,0,0,0,1,0,0,0,0,0,1,1,0,0,1,0,1
37032,112.917,69.207,30.506,13.204,Eric Adams,623,523,0,0,0,0,0,0,0,0,1,0,0,0,0,0,1,1,0,0,1,0,1
37033,229.214,130.883,73.24,25.092,Eric Adams,921,822,0,0,1,0,0,0,1,0,0,0,1,0,0,0,1,0,0,0,1,0,1
37034,63.976,13.905,48.15,1.921,Curtis Sliwa,35,28,0,0,0,0,0,1,1,0,0,0,0,0,0,0,1,0,0,1,0,1,0
37035,589.489,408.496,124.41,56.583,Eric Adams,1516,1359,0,0,1,0,0,0,1,0,0,1,1,0,0,0,1,0,0,0,1,0,1
37036,678.684,378.22,253.749,46.715,Eric Adams,1654,1479,0,0,1,0,0,0,1,0,0,0,0,0,0,0,1,0,1,0,1,0,1
37037,205.796,133.232,55.91,16.654,Eric Adams,705,604,0,0,1,0,0,0,0,0,1,0,1,0,0,0,1,0,0,0,1,0,1
37038,351.858,230.346,90.792,30.721,Eric Adams,5,3,1,0,1,0,0,0,0,1,0,0,0,0,0,0,0,1,0,0,1,0,0
37039,354.991,66.781,280.672,7.537,Curtis Sliwa,1116,964,0,0,1,0,0,1,1,0,0,0,0,0,0,1,0,0,1,1,0,1,0
37040,433.786,81.037,344.102,8.647,Curtis Sliwa,1527,1266,0,0,1,0,0,1,1,0,0,0,0,0,0,0,1,0,1,1,0,1,0
37041,13.265,5.418,6.412,1.436,Curtis Sliwa,92,69,0,0,1,0,0,1,0,0,1,0,0,0,0,0,1,1,0,0,0,1,1
37042,237.513,198.825,19.099,19.589,Eric Adams,1068,940,0,0,0,0,1,0,1,0,0,1,1,1,0,0,1,1,0,0,1,0,1
37043,159.128,67.144,82.946,9.038,Curtis Sliwa,1066,836,0,0,0,0,0,1,1,0,1,0,0,0,0,0,1,1,1,1,0,1,0
37044,237.029,112.131,104.747,20.152,Eric Adams,1281,999,0,0,0,0,0,0,1,0,1,0,0,0,0,0,1,1,0,0,1,0,0
37045,175.07,76.457,85.529,13.084,Curtis Sliwa,885,651,0,0,0,0,0,1,1,0,1,0,0,0,0,0,1,0,0,1,0,1,0
37046,26.884,6.822,19.086,0.975,Curtis Sliwa,172,148,0,0,1,0,0,1,1,0,0,0,0,0,0,1,0,0,1,1,0,1,0
37047,269.377,71.922,189.234,8.222,Curtis Sliwa,1749,1386,0,0,1,0,0,1,1,0,0,0,0,0,0,1,0,0,1,1,0,1,0
37048,369.356,101.255,256.081,12.021,Curtis Sliwa,1755,1369,0,0,0,0,0,1,1,0,0,0,0,0,0,0,1,0,0,1,0,1,0
37049,432.398,117.927,306.997,7.474,Curtis Sliwa,1217,954,0,0,1,0,0,1,1,0,0,0,0,0,0,1,0,1,1,1,0,1,0
37050,357.079,94.7,249.042,13.336,Curtis Sliwa,1605,1285,0,0,0,0,0,1,1,0,1,0,0,0,0,0,1,0,1,1,0,1,0
37051,366.427,85.545,269.465,11.418,Curtis Sliwa,1539,1216,0,0,1,0,0,1,1,0,0,0,0,0,0,1,0,1,0,1,0,1,0
37052,324.721,121.826,178.979,23.915,Curtis Sliwa,1672,1295,0,0,0,0,0,1,1,0,0,0,0,0,0,0,1,1,0,1,0,1,0
37053,305.491,113.296,161.061,31.134,Curtis Sliwa,1699,1320,0,0,0,0,0,1,1,0,0,0,0,0,0,0,1,0,0,1,0,1,0
37054,223.609,110.901,88.957,23.751,Eric Adams,1423,1124,0,0,0,0,0,0,1,0,0,0,0,0,0,0,1,1,0,0,1,0,0
37055,229.151,113.086,92.824,23.24,Eric Adams,1212,937,0,0,0,0,0,0,1,0,0,0,0,0,0,0,1,1,0,0,1,0,0
37056,198.738,124.211,60.195,14.332,Eric Adams,1098,890,0,0,0,0,0,0,0,0,1,0,0,0,0,0,1,1,0,0,1,0,0
37057,263.794,127.47,109.162,27.162,Eric Adams,1408,1152,0,0,0,0,0,0,1,0,0,0,0,0,0,0,1,0,0,0,1,0,0
37058,158.446,70.701,71.332,16.413,Curtis Sliwa,779,640,0,0,0,0,0,0,1,0,1,0,0,0,0,0,1,1,0,0,0,1,0
37059,124.901,74.517,30.663,19.722,Eric Adams,842,669,0,0,0,0,0,0,1,0,0,0,0,0,0,0,1,1,0,0,1,0,0
37060,104.099,63.341,22.582,18.176,Eric Adams,690,527,0,0,0,0,0,0,1,0,0,0,0,0,0,0,1,1,0,0,1,0,0
37061,138,66,52,20,Eric Adams,1150,870,0,0,0,0,0,0,0,0,1,0,0,0,0,0,1,1,0,0,1,0,0
37062,121.396,50.437,57.256,13.702,Curtis Sliwa,723,574,0,0,0,0,0,1,1,0,0,0,0,0,0,0,1,1,0,1,0,1,0
37063,224.487,118.852,74.001,31.633,Eric Adams,1528,1174,0,0,0,0,0,0,1,0,1,0,0,0,0,0,1,1,0,0,1,0,0
37064,275.89,128.978,118.521,28.391,Eric Adams,1634,1362,0,0,0,0,0,0,1,0,0,0,0,0,0,0,1,1,0,0,1,0,0
37065,200.262,117.789,59.805,22.668,Eric Adams,1287,1047,0,0,0,0,0,0,1,0,1,0,0,0,0,0,1,0,0,0,1,0,0
37066,0.007,0.006,0.001,0,Eric Adams,0,0,0,0,0,0,0,0,0,0,0,0,0,0,0,0,0,0,0,0,1,0,0
37067,1.38,0.46,0.46,0.46,Tie,0,0,0,0,0,0,0,0,0,0,0,0,0,0,0,0,0,0,0,0,0,0,0
37068,0.626,0.382,0.208,0.037,Eric Adams,0,0,0,0,0,0,0,0,0,0,0,0,0,0,0,0,0,0,0,0,1,0,0
37069,0.356,0.104,0.239,0.013,Curtis Sliwa,0,0,0,0,0,0,0,0,0,0,0,0,0,0,0,0,0,0,0,0,0,1,0
37071,0,0,0,0,Tie,0,0,0,0,0,0,0,0,0,0,0,0,0,0,0,0,0,0,0,0,0,0,0
38001,211.142,136.255,43.642,31.245,Eric Adams,1423,1131,0,0,0,0,0,0,0,0,1,0,0,0,0,0,1,0,0,0,1,0,0
38002,226.742,142.01,51.398,33.333,Eric Adams,1923,1455,0,0,0,0,0,0,0,0,1,0,0,0,0,0,1,1,0,0,1,0,0
38003,194.712,125.564,40.976,28.172,Eric Adams,1857,1361,0,0,0,0,0,0,0,0,1,0,0,0,0,0,1,1,0,0,1,0,0
38004,151.678,102.319,33.416,15.944,Eric Adams,1727,1352,0,0,0,0,0,0,0,0,1,0,0,0,0,0,1,1,0,0,1,0,0
38005,73.895,41.371,18.966,13.558,Eric Adams,654,480,0,0,0,0,0,0,0,0,0,0,0,0,0,0,1,1,0,0,1,0,0
38006,262.585,134.764,91.252,36.569,Eric Adams,1720,1314,0,0,0,0,0,0,1,0,1,0,0,0,0,0,1,1,0,0,1,0,0
38007,199.716,116.976,58.73,24.01,Eric Adams,1117,861,0,0,0,0,0,0,0,0,1,0,0,0,0,0,1,0,0,0,1,0,0
38008,421.417,161.289,237.237,22.891,Curtis Sliwa,10,6,1,0,0,0,0,1,1,0,0,0,0,0,0,1,0,0,0,1,0,1,1
38009,311.605,128.356,171.275,11.974,Curtis Sliwa,1652,1316,1,0,1,0,0,1,1,0,1,0,0,0,0,1,0,0,0,1,0,1,1
38010,243.3,100.02,132.827,10.453,Curtis Sliwa,1592,1249,1,0,0,0,0,1,1,0,1,0,0,0,0,0,1,1,0,1,0,1,1
38011,137.882,38.938,94.718,4.226,Curtis Sliwa,1244,1037,0,0,1,0,0,1,1,0,0,0,0,0,0,0,1,0,0,1,0,1,0
38012,320.909,109.896,193.528,17.485,Curtis Sliwa,1624,1261,0,0,1,0,0,1,1,0,0,0,0,0,0,0,1,1,1,1,0,1,1
38013,121.866,31.525,81.871,8.469,Curtis Sliwa,514,415,0,0,0,0,0,1,1,0,0,0,0,0,0,1,0,1,0,1,0,1,0
38014,532.142,141.902,366.787,23.453,Curtis Sliwa,1702,1458,0,0,1,0,0,1,1,0,0,0,0,0,0,0,1,0,1,1,0,1,1
38015,483.134,109.251,360.336,13.547,Curtis Sliwa,1534,1309,0,0,1,0,0,1,1,0,0,0,0,1,0,1,0,0,0,1,0,1,1
38016,216.659,57.665,152.268,6.726,Curtis Sliwa,173,146,0,0,1,0,0,1,1,0,0,0,0,0,0,1,0,0,0,1,0,1,1
38017,472,148,305,19,Curtis Sliwa,1510,1286,0,0,0,0,0,1,1,0,0,0,0,0,0,1,0,0,1,1,0,1,1
38018,164,88,73,3,Eric Adams,895,675,1,0,0,0,0,0,0,0,1,0,0,0,0,0,1,0,0,1,1,0,0
38019,197.666,127.806,60.875,8.985,Eric Adams,1484,1091,1,0,0,0,0,0,0,0,1,0,0,0,0,1,0,1,0,1,1,0,0
38020,356.9,186.342,143.46,27.098,Eric Adams,1753,1350,1,0,0,0,0,0,0,0,1,0,0,0,0,0,1,0,0,1,1,0,0
38021,224.404,128.511,85.44,10.453,Eric Adams,1313,994,1,0,0,0,0,0,0,0,0,0,0,0,0,0,1,1,0,1,1,0,0
38022,116.081,66.209,46.301,3.571,Eric Adams,684,534,0,0,0,0,0,1,0,0,0,0,0,0,0,0,1,1,0,0,1,0,1
38023,300.361,163.67,123.111,13.58,Eric Adams,1428,1100,0,0,0,0,0,0,0,0,1,0,0,1,0,1,0,0,1,0,1,0,1
38024,225.826,115.998,101.556,8.272,Eric Adams,1191,956,0,0,0,0,1,1,0,0,1,0,0,1,0,0,1,0,1,1,1,0,0
38025,94,46,44,4,Eric Adams,694,518,0,0,0,0,0,0,0,0,1,0,0,1,0,1,0,1,0,0,1,0,0
38026,265.358,148.068,106.943,10.347,Eric Adams,1600,1175,0,0,0,0,0,0,0,0,1,0,0,0,0,0,1,1,1,1,1,0,0
38027,111.964,59.858,46.703,5.403,Eric Adams,569,411,0,0,0,1,0,1,0,0,1,0,0,0,0,1,0,1,0,1,1,0,0
38028,238.443,156.57,71.26,10.613,Eric Adams,1720,1246,0,0,0,0,0,0,0,0,1,1,0,0,0,0,1,1,0,1,1,0,0
38029,142.217,83.395,54.613,4.209,Eric Adams,1467,1003,1,0,0,0,0,0,0,0,1,0,0,0,0,1,0,1,0,1,1,0,0
38030,134.789,82.814,48.697,3.278,Eric Adams,1319,922,1,0,0,0,0,0,0,0,1,0,0,0,0,1,0,1,0,1,1,0,0
38031,164.328,90.986,66.814,6.529,Eric Adams,1387,951,1,0,0,0,0,0,0,0,1,0,0,0,0,0,1,0,1,0,1,0,0
38032,304.698,172.82,119.716,12.163,Eric Adams,1660,1282,1,0,0,0,0,0,0,0,1,0,0,0,0,1,0,0,1,1,1,0,0
38033,256.402,145.943,96.541,13.917,Eric Adams,1732,1299,1,0,0,0,0,0,0,0,1,0,0,0,0,0,1,1,0,1,1,0,0
38034,247.918,142.885,94.185,10.847,Eric Adams,1591,1206,1,0,0,0,0,0,0,0,1,0,0,0,0,1,0,1,1,1,1,0,0
38035,257.753,148.603,98.132,11.019,Eric Adams,1460,1084,0,0,0,0,0,0,0,0,1,0,0,0,0,1,0,0,1,1,1,0,0
38036,216.662,153.454,51.565,11.643,Eric Adams,1541,1130,0,0,0,1,0,0,0,0,1,1,0,0,0,1,0,1,1,0,1,0,0
38037,211.171,150.969,55.002,5.2,Eric Adams,1698,1245,0,0,0,1,0,0,0,0,0,0,0,0,0,1,0,1,1,1,1,0,0
38038,153.395,94.658,54.801,3.936,Eric Adams,1088,770,0,0,0,1,0,0,0,0,1,0,0,0,0,1,0,1,1,1,1,0,0
38039,175.586,96.045,68.963,10.578,Eric Adams,1162,845,0,0,0,1,0,1,0,0,1,0,0,0,0,0,1,1,0,1,1,0,0
38040,110.573,56.148,48.423,6.002,Eric Adams,701,553,0,0,0,1,0,0,0,0,1,0,0,0,0,0,1,1,0,1,1,0,0
38041,129.561,63.343,61.392,4.825,Eric Adams,916,707,1,0,0,0,0,0,0,0,1,0,0,1,0,1,0,1,1,1,1,0,0
38042,77.483,42.388,21.177,13.917,Eric Adams,461,358,0,0,0,0,0,0,1,0,1,0,0,0,0,0,1,1,0,0,1,0,0
38043,9.619,4.966,4.347,0.306,Eric Adams,32,21,1,0,0,0,0,0,0,0,1,0,0,1,0,0,1,0,1,0,1,0,0
38044,138.771,64.668,59.514,14.588,Eric Adams,735,589,0,0,0,0,0,0,1,0,0,0,0,0,0,0,1,0,0,0,1,0,0
38045,117.256,65.99,45.811,5.454,Eric Adams,653,502,1,0,0,0,0,0,0,0,1,0,0,0,0,0,1,0,1,0,1,0,0
38046,263.66,132.201,112.965,18.495,Eric Adams,1762,1361,1,0,0,0,0,0,0,0,1,0,0,0,0,0,1,1,0,1,1,0,1
38047,400.547,213.973,166.763,19.811,Eric Adams,1638,1293,0,0,0,0,0,0,0,0,0,0,0,0,0,1,0,1,1,1,1,0,1
38048,200.853,112.026,82.239,6.588,Eric Adams,1578,1138,0,0,0,1,0,0,0,0,1,1,0,0,0,1,0,1,0,1,1,0,0
38049,91.378,54.237,33.603,3.537,Eric Adams,463,371,0,0,0,0,0,0,0,0,1,0,0,0,0,0,1,0,1,0,1,0,0
38050,207.337,124.671,77.955,4.71,Eric Adams,1709,1285,0,0,0,1,0,0,0,0,0,1,0,0,0,0,1,0,1,1,1,0,0
38051,187.219,112.007,70.622,4.591,Eric Adams,1807,1279,0,0,0,1,0,0,0,0,0,1,0,0,0,0,1,0,1,0,1,0,0
38052,6.446,2.207,3.863,0.375,Curtis Sliwa,359,281,0,0,0,0,0,1,1,0,0,0,0,0,0,0,1,0,0,1,0,1,0
38053,236.523,72.5,149.997,14.026,Curtis Sliwa,1218,989,0,0,1,0,0,1,1,0,0,0,0,0,0,1,0,1,0,1,0,1,0
38054,146.424,88.805,46.533,11.085,Eric Adams,941,714,0,0,0,0,0,0,0,0,1,0,0,0,0,0,1,1,1,0,1,0,0
38055,1.071,0.535,0.5,0.036,Eric Adams,0,0,0,0,0,0,0,0,0,0,0,0,0,0,0,0,0,0,0,0,1,0,0
39001,451.671,322.61,89.953,39.108,Eric Adams,1605,1413,0,0,0,0,0,0,1,0,1,0,0,0,0,0,1,0,0,0,1,0,0
39002,464.08,336.892,90.253,36.934,Eric Adams,1347,1234,0,0,0,0,0,0,1,0,0,0,1,1,0,1,0,0,1,0,1,0,1
39003,374.497,268.176,78.4,27.92,Eric Adams,1530,1305,0,0,0,0,0,0,0,0,0,0,0,0,0,0,1,0,1,0,1,0,1
39004,318.667,222.281,69.371,27.014,Eric Adams,1593,1335,0,0,0,1,0,0,1,0,0,1,1,0,0,0,1,0,1,0,1,0,1
39005,398,279,89,30,Eric Adams,1206,1061,0,0,0,0,0,0,1,0,1,0,0,0,0,0,1,0,1,0,1,0,0
39006,658.958,488.156,117.953,52.849,Eric Adams,1529,1360,0,0,0,0,0,0,1,0,0,0,0,0,0,0,1,0,1,0,1,0,0
39007,446.3,319.854,92.959,33.486,Eric Adams,1644,1405,0,0,0,0,0,0,0,0,1,0,1,1,0,1,0,0,1,0,1,0,0
39008,477.604,337.077,98.019,42.508,Eric Adams,1316,1163,0,0,0,0,0,0,0,0,1,0,0,0,0,0,1,0,0,0,1,0,0
39009,323.605,229.068,76.035,18.502,Eric Adams,1150,1022,0,0,0,0,0,0,1,0,0,1,0,0,0,0,1,0,1,0,1,0,0
39010,89.554,60.911,18.128,10.514,Eric Adams,564,486,0,0,1,1,0,0,0,0,1,0,0,0,0,0,1,0,0,1,1,0,0
39011,67.919,46.196,13.749,7.974,Eric Adams,140,94,1,0,0,0,1,1,0,0,0,1,0,0,0,0,1,1,1,1,1,0,0
39012,84.728,52.695,27.535,4.499,Eric Adams,954,700,0,0,0,0,1,1,0,0,0,1,0,0,0,0,1,1,1,1,1,0,0
39013,147.712,107.009,28.591,12.111,Eric Adams,619,463,0,0,0,1,1,0,0,0,1,0,0,0,0,0,1,1,1,1,1,0,1
39014,276.242,195.487,60.721,20.034,Eric Adams,1164,885,0,0,0,1,0,0,0,0,1,1,0,0,0,0,1,1,1,1,1,0,0
39015,316.644,202.399,106.584,7.66,Eric Adams,1730,1351,1,0,0,0,1,0,0,0,1,0,0,0,0,0,1,1,1,1,1,0,0
39016,47.716,24.868,19.497,3.351,Eric Adams,182,130,0,0,0,1,0,0,0,0,1,0,0,1,0,0,1,1,0,0,1,0,0
39017,99.358,63.917,28.425,7.017,Eric Adams,687,536,1,0,0,0,0,0,0,0,1,0,0,0,0,0,1,1,1,0,1,0,0
39018,215.795,145.212,66.285,4.298,Eric Adams,1635,1205,0,0,0,1,1,1,0,0,0,1,0,0,0,0,1,0,1,1,1,0,0
39019,209.489,141.674,53.374,14.44,Eric Adams,1822,1388,0,0,0,1,1,0,0,0,1,1,0,0,0,0,1,1,0,1,1,0,0
39020,51.772,34.178,15.49,2.105,Eric Adams,378,296,1,0,0,0,0,0,0,0,0,1,0,0,0,0,1,1,0,0,1,0,0
39021,106.63,71.771,29.063,5.796,Eric Adams,891,683,0,0,0,1,0,0,0,0,1,0,0,0,0,0,1,1,1,1,1,0,0
39022,180.06,118.957,53.692,7.411,Eric Adams,1240,887,0,0,0,1,1,1,0,0,0,1,0,0,0,0,1,1,1,1,1,0,0
39023,142.301,91.438,45.714,5.15,Eric Adams,1134,870,0,0,0,0,1,0,0,0,1,0,0,0,0,0,1,1,1,1,1,0,0
39024,101.946,69.583,26.708,5.655,Eric Adams,1053,779,1,0,0,0,0,0,0,0,1,0,0,0,0,0,1,1,0,1,1,0,0
39025,98.499,72.663,22.606,3.229,Eric Adams,946,621,0,0,0,0,1,0,0,0,1,0,0,0,0,0,1,1,0,1,1,0,0
39026,190.566,119.972,60.131,10.463,Eric Adams,1511,1005,0,0,0,0,1,0,0,0,1,1,0,0,0,0,1,1,1,1,1,0,0
39027,72.025,42.884,24.425,4.716,Eric Adams,556,371,1,0,0,0,0,0,0,0,1,0,0,0,0,0,1,1,0,1,1,0,0
39028,615.112,164.064,433.04,18.008,Curtis Sliwa,1506,1305,0,0,1,0,1,1,1,0,0,0,0,0,0,1,0,0,1,1,0,1,0
39029,76.434,39.386,32.069,4.979,Eric Adams,825,550,1,0,0,1,0,0,0,0,1,0,0,1,0,0,1,0,1,1,1,0,0
39030,155.748,103.843,41.548,10.357,Eric Adams,1484,1036,1,0,0,0,0,0,0,0,1,0,0,0,0,0,1,1,0,1,1,0,0
39031,134.633,81.282,45.714,7.637,Eric Adams,1342,902,1,0,0,0,0,0,0,0,1,0,0,0,0,0,1,1,0,1,1,0,0
39032,197.368,104.997,81.045,11.326,Eric Adams,1762,1221,1,0,0,0,0,0,0,0,1,0,0,0,0,0,1,1,0,1,1,0,0
39033,164.223,77.251,71.841,15.132,Eric Adams,1420,945,1,0,0,0,0,0,0,0,1,0,0,0,1,0,1,1,1,1,1,0,1
39034,160.162,88.523,64.07,7.569,Eric Adams,1522,1069,1,0,0,0,0,0,0,0,1,0,0,0,0,0,1,1,1,1,1,0,1
39035,188.589,104.276,73.291,11.021,Eric Adams,1496,1079,1,0,0,0,1,0,0,0,1,0,0,0,0,0,1,1,1,1,1,0,0
39036,186.096,105.684,66.684,13.727,Eric Adams,1145,757,1,0,0,0,1,0,0,0,1,0,0,0,0,0,1,1,0,1,1,0,0
39037,186.273,127.494,47.229,11.55,Eric Adams,579,457,0,0,0,0,1,0,0,0,1,0,0,0,0,0,1,0,1,0,1,0,1
39038,101.812,57.631,41.295,2.886,Eric Adams,712,487,0,0,0,0,1,1,0,0,0,1,0,0,0,0,1,1,0,1,1,0,0
39039,154.917,91.605,54.407,8.904,Eric Adams,1382,925,0,0,0,0,1,1,0,0,0,1,0,0,0,0,1,1,0,1,1,0,0
39040,23.548,13.866,8.51,1.172,Eric Adams,178,137,0,0,0,1,1,1,0,0,0,1,1,0,0,1,0,0,1,1,1,0,1
39041,347.245,188.207,142.439,16.599,Eric Adams,1380,1121,0,0,0,0,1,1,0,0,0,0,0,0,0,0,1,0,1,1,1,0,1
39042,180.579,91.852,82.161,6.566,Eric Adams,866,684,0,0,0,0,1,1,0,0,0,1,0,0,0,0,1,0,1,1,1,0,0
39043,172.486,74.565,93.118,4.803,Curtis Sliwa,715,582,0,0,0,0,1,1,1,0,0,1,0,0,0,1,0,0,1,1,0,1,0
39044,216,105,104,7,Eric Adams,1062,853,0,0,0,0,0,1,1,0,1,0,0,0,0,0,1,0,1,1,1,0,0
39045,261.198,92.999,153.139,15.06,Curtis Sliwa,1112,863,0,0,0,0,1,1,1,0,0,1,0,0,0,1,0,1,0,1,0,1,0
39046,443.157,113.466,310.93,18.761,Curtis Sliwa,1692,1350,0,0,1,0,1,1,1,0,0,0,0,0,0,0,1,0,1,1,0,1,0
39047,321.743,83.838,228.611,9.294,Curtis Sliwa,778,674,0,0,1,0,1,1,1,0,0,0,0,0,0,1,0,0,1,1,0,1,0
39048,89.528,60.893,18.123,10.511,Eric Adams,594,478,0,0,0,0,0,0,0,0,0,0,0,0,0,0,1,0,1,0,1,0,0
39049,129.765,83.066,37.664,9.035,Eric Adams,1060,736,1,0,0,0,0,0,0,0,1,0,0,0,0,0,1,1,0,1,1,0,0
39050,46.233,26.419,16.145,3.669,Eric Adams,388,272,0,0,0,0,1,0,0,0,1,1,0,0,0,0,1,1,1,1,1,0,0
39051,323.658,69.008,245.047,9.603,Curtis Sliwa,1065,915,0,0,1,0,0,1,1,0,0,0,0,0,0,0,1,0,1,1,0,1,0
39052,77.968,50.39,19.657,7.921,Eric Adams,461,365,0,0,0,1,0,0,0,0,1,0,0,0,0,0,1,0,1,1,1,0,1
40001,263.185,117.886,128.792,16.507,Curtis Sliwa,1693,1115,0,0,0,0,1,1,0,0,0,1,0,0,0,1,0,0,1,1,0,1,0
40002,183.613,90.287,84.461,8.865,Eric Adams,977,608,0,0,0,0,1,1,0,0,0,1,0,0,0,0,1,0,1,1,1,0,0
40003,137.597,65.14,64.382,8.075,Eric Adams,968,634,0,0,0,0,1,1,0,0,0,1,0,0,0,0,1,1,1,1,1,0,0
40004,160.265,73.579,79.218,7.467,Curtis Sliwa,1483,1001,0,0,0,0,1,1,0,0,0,1,0,0,0,0,1,0,1,1,0,1,0
40005,214.412,99.016,104.423,10.974,Curtis Sliwa,1139,747,0,0,0,0,1,1,0,0,0,1,0,0,0,0,1,0,1,1,0,1,0
40006,188.529,90.193,91.665,6.67,Curtis Sliwa,719,497,0,0,0,0,1,1,0,0,0,1,0,0,0,0,1,1,1,1,0,1,0
40007,246.506,148.702,85.965,11.839,Eric Adams,1475,1047,0,0,0,0,1,1,0,0,0,1,0,0,0,0,1,0,0,1,1,0,0
40008,324.249,153.862,151.56,18.827,Eric Adams,1764,1228,0,0,0,0,1,1,0,0,0,1,0,0,0,0,1,0,0,1,1,0,0
40009,234.239,130.047,92.156,12.037,Eric Adams,1595,1130,0,0,0,0,1,1,0,0,0,1,0,0,1,0,1,1,1,1,1,0,0
40010,168,84,75,9,Eric Adams,1008,720,0,0,0,0,1,1,0,0,0,1,0,0,0,0,1,0,1,1,1,0,0
40011,223.001,162.001,55,6,Eric Adams,1148,862,0,0,0,1,1,0,0,0,0,1,0,0,0,0,1,0,1,1,1,0,0
40012,349.353,185.929,144.763,18.661,Eric Adams,1306,991,0,0,0,0,1,1,0,0,0,1,0,0,0,0,1,0,1,1,1,0,0
40013,140.575,93.554,40.903,6.118,Eric Adams,694,495,0,0,0,1,1,0,0,0,0,1,0,0,0,0,1,0,1,1,1,0,0
40014,71.719,41.898,26.459,3.361,Eric Adams,704,510,0,0,0,0,1,0,0,0,0,1,0,0,0,0,1,1,1,0,1,0,0
40015,159.486,98.191,52.964,8.331,Eric Adams,965,736,0,0,0,0,1,1,0,0,0,1,0,0,0,0,1,1,1,1,1,0,1
40016,152.401,99.833,44.804,7.763,Eric Adams,1492,987,0,0,0,0,1,1,0,0,0,1,0,0,1,0,1,0,1,1,1,0,0
40017,172.845,113.191,52.098,7.556,Eric Adams,914,525,0,0,0,0,1,1,0,0,0,1,0,0,0,0,1,0,1,1,1,0,0
40018,284.727,150.96,121.577,12.19,Eric Adams,1406,902,0,0,0,0,1,1,0,0,0,1,0,0,1,0,1,0,1,1,1,0,0
40019,250.484,136.436,101.909,12.14,Eric Adams,1269,876,0,0,0,0,1,0,0,0,0,1,0,0,0,0,1,0,1,1,1,0,0
40020,366.419,215.118,134.272,17.03,Eric Adams,1593,1146,0,0,0,0,1,1,0,0,0,1,0,0,1,0,1,1,1,1,1,0,0
40021,230.787,135.558,87.701,7.529,Eric Adams,1646,1125,0,0,0,0,1,1,0,0,0,1,0,0,0,0,1,0,0,1,1,0,0
40022,90.202,46.48,40.088,3.634,Eric Adams,649,470,0,0,0,0,1,1,1,0,0,1,0,0,0,0,1,0,1,1,1,0,0
40023,196.704,119.297,72.481,4.926,Eric Adams,1770,1278,0,0,0,0,1,1,0,0,0,1,0,0,1,0,1,0,1,1,1,0,0
40024,224.682,138.527,80.522,5.632,Eric Adams,1021,773,0,0,0,0,1,1,0,0,0,1,0,0,0,0,1,0,1,1,1,0,0
40025,28.541,10.768,16.217,1.557,Curtis Sliwa,336,242,0,0,0,0,1,1,0,0,0,1,0,0,0,1,0,0,1,0,0,1,0
40026,446.206,278.37,145.858,21.979,Eric Adams,1775,1256,0,0,0,0,1,0,0,0,0,0,0,0,1,0,1,0,1,0,1,0,0
40027,369.518,175.913,175.604,18.001,Eric Adams,1687,1290,0,0,0,0,1,1,0,0,0,1,0,0,1,0,1,0,1,1,1,0,0
40028,525.132,225.347,270.056,29.729,Curtis Sliwa,1748,1417,0,0,0,0,1,1,0,0,0,1,0,0,0,1,0,0,1,1,0,1,0
40029,194.164,120.868,65.964,7.332,Eric Adams,1616,1184,0,0,0,0,1,1,0,0,0,1,0,0,0,0,1,0,1,1,1,0,0
40030,226.238,136.313,80.442,9.483,Eric Adams,1459,1016,0,0,0,0,1,1,0,0,0,1,0,0,0,0,1,0,1,0,1,0,0
40031,299.315,149.799,137.141,12.374,Eric Adams,1016,773,0,0,0,0,1,1,0,0,0,1,0,0,0,1,0,0,1,1,1,0,0
40032,215.535,94.818,110.737,9.98,Curtis Sliwa,758,565,0,0,0,0,1,1,0,0,0,1,0,0,0,1,0,0,1,1,0,1,0
40033,196.842,99.831,86.334,10.677,Eric Adams,1327,943,0,0,0,0,1,1,0,0,0,1,0,0,0,0,1,0,1,1,1,0,0
40034,193.788,88.8,99.077,5.912,Curtis Sliwa,837,628,0,0,0,0,1,1,0,0,0,1,0,0,0,0,1,0,1,1,0,1,0
40035,131.931,49.774,74.961,7.196,Curtis Sliwa,532,366,0,0,0,0,1,1,0,0,0,1,0,0,0,1,0,0,1,1,0,1,0
40036,21,8,11,2,Curtis Sliwa,120,84,0,0,0,0,1,1,1,0,0,1,0,0,0,0,1,0,1,1,0,1,0
40037,408.719,110.606,285.475,12.638,Curtis Sliwa,1556,1237,0,0,1,0,1,1,1,0,0,1,0,0,0,1,0,0,1,1,0,1,1
40038,244.425,75.625,162.189,6.611,Curtis Sliwa,1079,867,0,0,1,0,1,1,1,0,0,1,0,0,0,1,0,1,1,1,0,1,0
40039,222.509,77.1,137.969,7.44,Curtis Sliwa,677,547,0,0,0,0,1,1,0,0,0,1,0,0,0,1,0,0,1,1,0,1,1
40040,346.512,97.859,242.541,6.112,Curtis Sliwa,1139,891,0,0,1,0,1,1,1,0,0,1,0,0,0,1,0,0,1,1,0,1,0
40041,447.67,114.384,319.243,14.043,Curtis Sliwa,1274,1045,0,0,1,0,1,1,1,0,0,1,0,0,0,1,0,0,1,1,0,1,0
40042,7.608,3.58,3.86,0.168,Curtis Sliwa,46,36,0,0,0,1,0,0,0,0,0,1,0,0,0,0,1,0,1,0,0,1,0
40043,316.933,130.64,171.436,14.857,Curtis Sliwa,1118,892,0,0,0,0,1,1,0,0,0,1,1,0,0,1,0,0,1,1,0,1,0
40044,103,48,54,1,Curtis Sliwa,519,388,0,0,0,0,1,1,1,0,0,1,0,0,0,0,1,0,1,1,0,1,1
40045,246.124,77.968,159.119,9.036,Curtis Sliwa,975,784,0,0,1,0,1,1,0,0,0,1,0,0,0,0,1,0,1,1,0,1,0
40046,186.434,59.291,119.475,7.667,Curtis Sliwa,454,394,0,0,1,0,1,1,0,0,0,0,1,0,0,1,0,0,1,1,0,1,0
40047,588.506,125.185,445.903,17.418,Curtis Sliwa,1601,1311,0,0,1,0,1,1,1,0,0,0,0,0,0,1,0,0,1,1,0,1,0
40048,0.006,0.004,0.002,0,Eric Adams,0,0,0,0,0,0,0,0,0,0,0,0,0,0,0,0,0,0,0,1,1,0,0
41001,326.114,304.175,18.739,3.199,Eric Adams,1511,1178,0,0,0,0,0,0,0,1,0,0,0,0,0,1,0,0,1,0,1,0,0
41002,423.742,391.553,28.068,4.122,Eric Adams,1278,1004,0,0,0,0,0,0,0,1,0,0,0,0,0,1,0,0,1,0,1,0,0
41003,256.46,239.295,17.149,0.017,Eric Adams,977,739,0,0,0,0,0,0,0,1,0,0,0,0,0,0,1,0,1,0,1,0,0
41004,404.716,367.396,22.092,15.228,Eric Adams,1393,1177,0,0,0,0,0,0,0,1,0,0,0,0,0,1,0,0,1,0,1,0,0
41005,280.8,259.064,15.122,6.615,Eric Adams,1233,901,0,0,0,0,0,0,0,1,0,0,0,0,0,0,1,0,1,0,1,0,0
41006,241.218,221.854,13.066,6.298,Eric Adams,1292,947,0,0,0,0,0,0,0,1,0,0,0,0,0,1,0,0,1,0,1,0,0
41007,344.991,312.918,28.809,3.264,Eric Adams,1329,1029,0,0,0,0,0,0,0,1,0,0,0,0,0,1,0,1,1,0,1,0,0
41008,306.689,285.115,17.546,4.028,Eric Adams,1243,929,0,0,0,0,0,0,0,1,0,0,0,0,0,1,0,1,1,0,1,0,0
41009,418.037,394.902,18.827,4.308,Eric Adams,1469,1099,0,0,0,0,0,0,0,1,0,0,0,0,0,1,0,0,1,0,1,0,0
41010,226.3,207.51,15.522,3.268,Eric Adams,898,724,0,0,0,0,0,0,0,1,0,0,1,1,0,1,0,0,1,0,1,0,0
41011,326.964,306.852,16.14,3.972,Eric Adams,1174,948,0,0,0,0,0,0,0,1,0,0,0,0,0,1,0,0,1,0,1,0,0
41012,198.563,137.413,48.165,12.986,Eric Adams,1069,797,0,1,0,0,0,0,0,1,0,0,0,0,0,0,1,1,1,1,1,0,0
41013,201.369,167.18,29.07,5.119,Eric Adams,1006,758,0,0,0,0,0,0,0,1,0,0,0,0,0,0,1,0,1,0,1,0,0
41014,332,165,156,11,Eric Adams,1185,983,0,1,0,0,0,0,1,0,0,0,1,1,0,1,0,1,0,1,1,0,0
41015,116,71,42,3,Eric Adams,465,355,0,1,0,0,0,0,0,1,0,0,0,0,0,0,1,0,1,1,1,0,0
41016,206,143,58,5,Eric Adams,995,730,0,1,0,0,0,0,0,1,0,0,0,0,0,0,1,0,1,0,1,0,0
41017,206.191,188.258,13.95,3.983,Eric Adams,1133,854,0,0,0,1,0,0,0,1,0,0,0,0,0,0,1,0,1,0,1,0,0
41018,240.488,212.692,20.134,7.661,Eric Adams,977,766,0,0,0,0,0,0,0,1,0,0,1,1,0,1,0,0,1,0,1,0,0
41019,319.07,254.538,54.749,9.783,Eric Adams,1225,955,0,0,0,0,0,0,0,1,0,0,0,0,0,1,0,0,1,0,1,0,0
41020,269.929,132.625,127.271,10.033,Eric Adams,1011,812,0,1,0,0,0,1,1,0,0,0,1,0,0,1,0,0,1,1,1,0,0
41021,110.75,50.88,56.486,3.384,Curtis Sliwa,868,701,0,1,0,0,0,1,1,0,0,0,0,0,0,0,1,0,1,1,0,1,0
41022,182.768,88.617,83.591,10.56,Eric Adams,824,623,0,1,0,0,0,1,1,0,0,0,0,0,0,0,1,0,1,1,1,0,0
41023,316.622,129.046,182.185,5.392,Curtis Sliwa,1232,996,0,1,0,0,0,1,1,0,0,0,1,0,0,1,0,0,1,1,0,1,0
41024,342.848,150.013,179.617,13.218,Curtis Sliwa,1528,1152,0,1,0,0,0,1,1,0,0,0,1,0,0,0,1,0,0,1,0,1,0
41025,331.05,142.304,180.134,8.612,Curtis Sliwa,1497,1117,0,1,0,0,0,1,1,0,0,0,1,0,0,0,1,0,0,1,0,1,0
41026,335.773,135.403,179.595,20.776,Curtis Sliwa,1682,1272,0,1,0,0,0,1,1,0,0,0,0,0,0,0,1,0,1,1,0,1,0
41027,345.928,153.777,184.812,7.339,Curtis Sliwa,1618,1231,0,1,0,0,0,1,1,0,0,0,0,0,0,0,1,0,1,1,0,1,0
41028,300.527,105.164,187.002,8.361,Curtis Sliwa,1072,854,0,1,0,0,1,1,1,0,0,0,0,0,0,1,0,0,1,1,0,1,0
41029,302.353,121.507,172.306,8.54,Curtis Sliwa,1111,888,0,1,0,0,0,1,1,0,0,0,0,0,0,0,1,0,1,1,0,1,0
41030,326.655,118.459,200.686,7.511,Curtis Sliwa,1085,902,0,1,0,0,0,1,1,0,0,0,0,0,0,0,1,1,1,1,0,1,0
41031,210,91,115,4,Curtis Sliwa,808,639,0,1,0,0,0,1,1,0,0,0,0,0,0,0,1,0,1,1,0,1,0
41032,361.289,213.646,135.569,12.073,Eric Adams,1263,1044,0,1,0,0,0,0,0,0,0,0,0,0,0,1,0,0,1,0,1,0,0
41033,398.71,162.353,222.43,13.927,Curtis Sliwa,1470,1204,0,1,0,0,0,0,1,0,0,0,0,0,0,1,0,0,1,1,0,1,0
41034,567.929,197.462,336.251,34.217,Curtis Sliwa,1635,1330,0,1,1,0,0,1,1,0,0,0,0,0,0,1,0,0,1,1,0,1,0
41035,277.544,107.519,158.524,11.501,Curtis Sliwa,1193,1017,0,1,0,0,0,1,1,0,0,0,1,0,0,1,0,0,1,1,0,1,0
41036,251,76,153,22,Curtis Sliwa,660,536,0,1,1,0,0,1,1,0,0,0,1,1,0,1,0,0,0,1,0,1,0
41037,289.785,107.802,167.044,14.939,Curtis Sliwa,817,640,0,0,1,0,1,1,1,0,0,0,0,0,0,1,0,0,1,1,0,1,1
41038,108.26,49.854,54.795,3.611,Curtis Sliwa,398,303,0,1,0,1,0,1,1,0,0,0,0,0,0,0,1,0,1,1,0,1,0
41039,143.48,50.96,88.067,4.453,Curtis Sliwa,654,550,0,1,0,0,0,1,1,0,0,0,0,0,0,1,0,0,1,1,0,1,0
41040,266.78,91.977,167.714,7.089,Curtis Sliwa,1251,920,0,1,0,0,1,1,1,0,0,1,0,0,0,0,1,0,1,1,0,1,0
41041,406.087,133.724,256.954,15.409,Curtis Sliwa,1643,1254,0,1,0,0,0,1,1,0,0,0,0,0,0,0,1,0,1,1,0,1,0
41042,272.133,96.166,167.726,8.241,Curtis Sliwa,1421,1040,0,0,0,0,1,1,1,0,0,1,0,0,0,0,1,0,1,1,0,1,0
41043,307.462,103.843,193.371,10.248,Curtis Sliwa,1326,936,0,0,0,0,1,1,1,0,0,1,0,0,0,1,0,0,1,1,0,1,0
41044,236.081,92.709,130.235,13.137,Curtis Sliwa,1171,813,0,0,0,0,1,1,1,0,0,1,0,1,0,1,0,0,1,1,0,1,0
41045,419.43,167.512,235.223,16.696,Curtis Sliwa,1291,1021,0,0,1,0,1,1,1,0,0,0,0,0,0,0,1,0,1,1,0,1,0
41046,234.005,64.26,156.741,13.003,Curtis Sliwa,1126,772,0,0,1,0,1,1,1,0,0,1,0,0,0,0,1,0,1,1,0,1,0
41047,250.565,95.228,144.036,11.301,Curtis Sliwa,1251,825,0,0,0,0,1,1,0,0,0,1,0,0,0,1,0,0,1,1,0,1,0
41048,434.564,186.176,226.479,21.909,Curtis Sliwa,1014,813,0,1,1,0,1,1,1,0,0,0,0,0,0,1,0,0,1,1,0,1,1
41049,210.969,162.952,43.468,4.549,Eric Adams,1430,898,0,0,0,0,0,0,0,1,0,0,0,0,1,0,0,1,1,0,1,0,0
41050,277.953,159.211,108.27,10.472,Eric Adams,1104,778,0,0,0,0,0,0,0,1,0,0,0,0,1,0,0,1,1,0,1,0,0
41051,117,96,20,1,Eric Adams,770,514,0,0,0,0,0,0,0,1,0,0,0,0,1,0,0,1,1,0,1,0,0
41052,508.809,168.918,314.832,25.059,Curtis Sliwa,1693,1396,0,1,1,0,0,1,1,0,0,0,0,0,0,1,0,0,1,1,0,1,1
41053,120.931,60.78,50.846,9.305,Eric Adams,654,461,0,0,0,1,1,1,1,0,0,0,0,0,0,1,0,0,1,1,1,0,0
41054,295.931,111.308,176.05,8.572,Curtis Sliwa,1000,825,0,1,0,0,0,1,1,0,0,0,0,0,0,0,1,0,1,1,0,1,0
41055,298.021,95.22,193.943,8.858,Curtis Sliwa,1315,971,0,0,0,0,1,1,1,0,0,0,0,0,0,1,0,0,1,1,0,1,0
41056,297.249,94.824,190.362,12.064,Curtis Sliwa,1703,1253,0,0,0,0,1,1,1,0,0,1,0,0,0,0,1,0,1,1,0,1,0
41057,224.884,72.199,141.484,11.2,Curtis Sliwa,1132,836,0,0,0,0,1,1,1,0,0,1,0,0,0,0,1,0,1,1,0,1,0
41058,358.637,125.029,218.59,15.018,Curtis Sliwa,1554,1160,0,1,0,0,1,1,1,0,0,0,0,0,0,1,0,0,1,1,0,1,0
41059,176.296,58.031,113.858,4.407,Curtis Sliwa,578,468,0,1,0,0,0,1,1,0,0,0,0,0,0,1,0,0,1,1,0,1,0
41060,165.971,59.78,99.31,6.881,Curtis Sliwa,714,586,0,1,0,0,0,1,1,0,0,0,0,0,0,1,0,0,1,1,0,1,0
41061,361.189,113.672,237.333,10.184,Curtis Sliwa,1310,987,0,1,0,0,1,1,1,0,0,0,0,0,0,1,0,0,1,1,0,1,0
41062,112.456,50.481,59.476,2.499,Curtis Sliwa,526,414,0,1,0,0,0,1,1,0,0,1,1,0,0,1,0,0,1,0,0,1,0
41063,289.533,82.023,196.804,10.706,Curtis Sliwa,1367,1096,0,1,0,0,0,1,1,0,0,0,1,0,0,1,0,0,1,1,0,1,0
41064,397.625,108.267,276.254,13.104,Curtis Sliwa,1358,1053,0,1,0,0,0,1,1,0,0,0,1,0,0,1,0,0,1,1,0,1,0
41065,156.696,50.709,99.574,6.413,Curtis Sliwa,1094,843,0,1,0,1,0,1,1,0,0,0,0,0,0,0,1,0,1,1,0,1,0
41066,189.383,62.43,122.867,4.086,Curtis Sliwa,991,766,0,0,0,0,0,1,1,0,0,0,0,0,0,0,1,0,1,1,0,1,1
41067,209,46.354,150.765,11.881,Curtis Sliwa,937,726,0,1,0,0,0,1,1,0,0,0,0,0,0,0,1,0,1,1,0,1,1
41068,46.018,21.174,23.31,1.534,Curtis Sliwa,350,288,0,0,0,0,0,1,1,0,0,0,0,0,0,0,1,0,1,1,0,1,0
41069,113,32,76,5,Curtis Sliwa,395,284,0,1,0,0,1,1,0,0,0,1,0,0,0,1,0,0,1,1,0,1,0
41070,0.453,0.453,0,0,Eric Adams,1,1,0,0,0,0,0,1,1,0,0,0,0,0,0,0,1,0,1,1,1,0,0
41071,0.547,0.547,0,0,Eric Adams,0,0,0,0,0,0,0,0,0,0,0,0,0,0,0,0,0,0,0,1,1,0,0
42001,20,17,3,0,Eric Adams,100,73,0,0,0,1,0,0,1,1,0,0,1,1,0,1,0,0,1,0,1,0,0
42002,195.298,167.418,13.06,14.819,Eric Adams,1186,953,0,0,0,0,0,0,0,1,0,0,0,0,0,0,1,1,0,0,1,0,1
42003,208.975,183.948,6.624,18.403,Eric Adams,1419,1193,0,0,0,0,0,0,1,1,0,0,1,0,0,0,1,0,0,0,1,0,1
42004,324.551,272.888,20.121,31.543,Eric Adams,1381,1110,0,0,0,0,0,0,0,1,0,0,1,0,0,0,1,0,0,0,1,0,1
42005,321.393,288.967,12.97,19.456,Eric Adams,1408,1126,0,0,0,0,0,0,0,0,0,0,1,0,0,0,1,0,0,0,1,0,0
42006,387.16,341.714,21.854,23.592,Eric Adams,1577,1302,0,0,0,0,0,0,0,0,0,0,0,0,0,0,1,1,0,0,1,0,0
42007,473.302,425.559,17.705,30.038,Eric Adams,1745,1367,0,0,0,0,0,0,0,1,0,0,0,0,0,0,0,1,0,0,1,0,0
42008,155.418,137.361,7.739,10.318,Eric Adams,931,718,0,0,0,0,0,0,0,1,0,0,0,0,0,0,0,1,0,0,1,0,0
42009,159.613,143.681,7.678,8.254,Eric Adams,1566,1239,0,0,0,0,0,0,0,1,0,0,0,0,0,0,1,1,1,0,1,0,0
42010,417.257,382.14,14.768,20.348,Eric Adams,1571,1270,0,0,0,0,0,0,0,1,0,0,0,0,0,0,1,1,0,0,1,0,0
42011,360.138,313.312,16.416,30.41,Eric Adams,1467,1222,0,0,0,0,0,0,0,1,0,0,0,0,0,0,1,1,0,0,1,0,0
42012,238.673,209.562,11.31,17.801,Eric Adams,1545,1226,0,0,0,0,0,0,0,1,0,0,0,0,0,0,1,1,0,0,1,0,0
42013,312,273,16,23,Eric Adams,1707,1370,0,0,0,0,0,0,0,1,0,0,0,0,0,0,1,1,0,0,1,0,0
42014,367.326,318.092,25.482,23.752,Eric Adams,1423,1090,0,0,0,0,0,0,0,1,0,0,0,0,0,0,0,1,0,0,1,0,0
42015,314.076,288.652,13.56,11.864,Eric Adams,1544,1257,0,0,0,0,0,0,0,1,0,0,0,0,0,0,1,1,0,0,1,0,0
42016,268.042,243.285,12.951,11.807,Eric Adams,1446,1124,0,0,0,0,0,0,0,1,0,0,0,0,0,0,1,1,1,0,1,0,0
42017,215.188,203.988,4.727,6.474,Eric Adams,1597,1175,0,0,0,0,0,0,0,1,0,0,0,0,0,0,1,0,0,0,1,0,0
42018,260,229.849,11.907,18.245,Eric Adams,1171,901,0,0,0,0,0,0,0,1,0,0,0,0,0,0,1,0,0,0,1,0,0
42019,564.428,499.662,27.442,37.323,Eric Adams,1610,1282,0,0,0,0,0,0,0,1,0,0,0,0,0,0,1,1,0,0,1,0,0
42020,297.652,272.845,4.558,20.248,Eric Adams,1455,1155,0,0,0,0,0,0,0,1,0,0,0,0,0,0,1,1,0,0,1,0,0
42021,268.089,233.784,12.825,21.48,Eric Adams,1477,1147,0,0,0,0,0,0,0,1,0,0,0,0,0,0,1,0,0,0,1,0,0
42022,305.696,270.325,15.98,19.39,Eric Adams,1342,1093,0,0,0,0,0,0,0,0,0,0,0,0,0,0,1,0,0,0,1,0,0
42023,442.63,396.118,24.517,21.995,Eric Adams,1564,1229,0,0,0,0,0,0,0,1,0,0,0,0,0,0,1,0,1,0,1,0,0
42024,376.532,334.219,15.115,27.197,Eric Adams,1481,1164,0,0,0,0,0,0,0,1,0,0,0,0,0,0,1,0,0,0,1,0,0
42025,258.61,236.995,10.769,10.846,Eric Adams,1448,1105,0,0,0,0,0,0,0,1,0,0,0,0,0,0,1,1,0,0,1,0,0
42026,337.346,294.291,23.718,19.337,Eric Adams,1134,943,0,1,0,0,0,0,0,1,0,0,0,0,0,0,1,0,0,0,1,0,0
42027,194.896,169.579,12.159,13.158,Eric Adams,429,351,0,0,0,1,0,0,1,0,0,1,1,0,0,0,1,0,1,0,1,0,0
42028,224.515,202.662,10.013,11.84,Eric Adams,1575,1282,0,0,0,0,0,0,0,1,0,0,1,0,0,0,1,0,1,0,1,0,0
42029,234.062,204.54,15.016,14.506,Eric Adams,1585,1222,0,0,0,0,0,0,0,1,0,0,0,0,0,0,1,1,0,0,1,0,0
42030,213.8,180.652,16.077,17.071,Eric Adams,1009,738,0,0,0,0,0,0,0,1,0,0,0,0,0,0,1,1,0,0,1,0,0
42031,277.134,255.382,8.926,12.826,Eric Adams,1235,907,0,0,0,0,0,0,0,1,0,0,0,0,0,0,1,1,0,0,1,0,0
42032,255.428,238.63,7.033,9.765,Eric Adams,992,805,0,0,0,0,0,0,0,1,0,0,0,0,0,0,1,1,1,0,1,0,0
42033,232.027,213.066,9.314,9.647,Eric Adams,1212,888,0,0,0,0,0,0,0,1,0,0,0,0,0,0,1,1,1,0,1,0,0
42034,149.801,137.386,9.104,3.311,Eric Adams,895,676,0,0,0,0,0,0,0,1,0,0,0,0,0,0,1,1,1,0,1,0,0
42035,266.67,247.188,11.914,7.568,Eric Adams,1249,962,0,0,0,0,0,0,0,1,0,0,0,0,0,1,0,0,1,0,1,0,0
42036,298.445,281.627,7.907,8.911,Eric Adams,1420,1097,0,0,0,0,0,0,0,1,0,0,0,0,0,0,1,1,0,0,1,0,0
42037,273.331,258.08,8.14,7.11,Eric Adams,1579,1226,0,0,0,0,0,0,0,1,0,0,0,0,0,0,1,1,0,0,1,0,0
42038,265.376,242.706,16.892,5.779,Eric Adams,1515,1153,0,0,0,0,0,0,0,1,0,0,0,0,0,0,1,1,0,0,1,0,0
42039,283.084,269.834,8.555,4.694,Eric Adams,1491,1122,0,0,0,0,0,0,0,1,0,0,0,0,0,0,1,0,1,0,1,0,0
42040,214.703,200.691,7.129,6.883,Eric Adams,1242,944,0,0,0,0,0,0,0,1,0,0,0,0,0,0,1,0,1,0,1,0,0
42041,371.758,315.004,36.499,20.256,Eric Adams,1439,1195,0,1,0,0,0,0,0,0,0,0,0,0,0,0,1,0,1,0,1,0,0
42042,334.633,300.331,17.717,16.585,Eric Adams,1079,880,0,0,0,0,0,0,0,1,0,0,0,0,0,0,1,1,0,0,1,0,0
42043,305.482,280.402,12.228,12.852,Eric Adams,1678,1250,0,0,0,0,0,0,0,1,0,0,0,0,0,0,1,1,0,0,1,0,0
42044,250.133,228.941,13.155,8.038,Eric Adams,1151,874,0,0,0,0,0,0,0,1,0,0,0,0,0,0,1,1,0,0,1,0,0
42045,251,217,20,14,Eric Adams,944,748,0,0,0,0,0,0,0,1,0,0,0,0,0,0,1,1,0,0,1,0,0
42046,233.478,211.469,16.243,5.766,Eric Adams,1032,805,0,0,0,0,0,0,0,1,0,0,0,0,0,0,1,0,1,0,1,0,0
42047,306.482,273.352,25.435,7.696,Eric Adams,1361,1104,0,0,0,0,0,0,0,1,0,0,0,0,0,0,1,0,0,0,1,0,0
42048,207.031,178.598,13.716,14.717,Eric Adams,1059,863,0,0,0,1,0,0,1,0,0,0,1,0,0,0,1,0,1,1,1,0,0
42049,368.181,251.78,92.741,23.66,Eric Adams,1474,1253,0,1,0,0,0,0,1,0,0,0,0,0,0,1,0,1,1,0,1,0,0
42050,229.061,202.337,10.963,15.761,Eric Adams,1515,1164,0,0,0,0,0,0,0,1,0,0,0,0,0,0,1,1,0,0,1,0,0
42051,122.883,109.205,10.549,3.129,Eric Adams,1071,810,0,0,0,0,0,0,0,1,0,0,0,0,0,0,1,1,0,0,1,0,0
42052,411.299,285.496,112.004,13.8,Eric Adams,1447,1080,0,1,0,0,0,1,1,0,0,0,0,0,0,0,1,1,1,1,1,0,0
42053,452.688,335.307,103.927,13.454,Eric Adams,1498,1173,0,1,0,0,0,0,0,1,0,0,0,0,0,0,1,1,0,1,1,0,0
42054,409.416,218.808,183.747,6.862,Eric Adams,1451,1136,0,1,0,0,0,0,1,0,0,0,1,0,0,1,0,1,1,1,1,0,0
42055,280.405,182.779,89.337,8.288,Eric Adams,1251,973,0,1,0,0,0,0,1,1,0,0,0,0,0,0,1,1,1,1,1,0,0
42056,227,116,98,13,Eric Adams,1073,845,0,1,0,0,0,0,1,0,0,0,1,0,0,0,1,0,1,1,1,0,0
42057,504.876,242.827,248.708,13.342,Curtis Sliwa,1536,1158,0,1,0,0,0,0,1,0,0,0,1,0,0,1,0,1,1,1,0,1,0
42058,399.978,221.285,170.709,7.985,Eric Adams,1495,1202,0,1,0,0,0,0,1,0,0,0,1,0,0,0,1,1,1,1,1,0,0
42059,201.404,169.273,17.241,14.89,Eric Adams,0,0,0,0,0,0,0,0,0,0,0,0,0,0,0,0,0,0,0,1,1,0,0
43001,315.202,275.881,5.332,33.989,Eric Adams,1259,1059,0,0,0,0,0,0,0,1,0,0,0,0,0,0,1,1,0,0,1,0,0
43002,307.064,264.554,4.002,38.508,Eric Adams,1372,1151,0,0,0,0,0,0,1,1,0,0,1,0,0,0,1,1,0,0,1,0,0
43003,314.735,278.565,5.667,30.503,Eric Adams,1278,1037,0,0,0,0,0,0,0,1,0,0,0,0,0,0,1,1,0,0,1,0,0
43004,378,332,20,26,Eric Adams,1563,1217,0,0,0,0,0,0,0,1,0,0,1,0,0,0,1,0,1,0,1,0,0
43005,328.879,280.46,12.947,35.473,Eric Adams,1066,849,0,0,0,0,0,0,0,1,0,0,0,0,0,0,1,0,1,0,1,0,0
43006,286.074,251.567,16.003,18.504,Eric Adams,1324,1010,0,0,0,0,0,0,0,1,0,0,0,0,1,0,1,0,1,0,1,0,0
43007,273.401,251.411,14.884,7.107,Eric Adams,1707,1191,0,0,0,0,0,0,0,1,0,0,0,0,1,0,1,0,1,0,1,0,0
43008,247,217,7,23,Eric Adams,1031,818,0,0,0,0,0,0,0,1,0,0,0,0,0,0,1,0,1,0,1,0,0
43009,166,154,4,8,Eric Adams,850,630,0,0,0,0,0,0,0,1,0,0,0,0,0,0,1,1,0,0,1,0,0
43010,278,233,8,37,Eric Adams,1464,1215,0,0,0,0,0,0,0,1,0,0,1,0,0,0,1,0,0,0,1,0,1
43011,255.331,229.04,9.213,17.077,Eric Adams,1129,929,0,0,0,0,0,0,0,1,0,0,1,0,0,0,1,0,0,0,1,0,1
43012,271.713,233.943,22.671,15.099,Eric Adams,960,734,0,0,0,0,0,0,0,1,0,0,0,0,0,0,1,0,1,0,1,0,1
43013,352.349,295.42,42.611,14.318,Eric Adams,1400,1130,0,1,0,0,0,0,0,1,0,0,0,0,0,0,1,0,1,0,1,0,1
43014,310.228,269.096,23.443,17.689,Eric Adams,1051,831,0,0,0,0,0,0,0,1,0,0,0,0,0,0,1,0,1,0,1,0,1
43015,246.926,204.539,33.069,9.318,Eric Adams,1179,925,0,1,0,0,0,0,0,1,0,0,0,0,0,0,1,0,1,0,1,0,1
43016,272.455,240.964,18.994,12.497,Eric Adams,1507,1150,0,0,0,0,0,0,0,1,0,0,0,0,0,0,1,1,0,0,1,0,1
43017,215,189,11,15,Eric Adams,1091,830,0,0,0,0,0,0,0,1,0,0,0,0,0,0,1,1,0,0,1,0,1
43018,248.315,208.685,13.506,26.125,Eric Adams,1437,1182,0,0,0,0,0,0,0,1,0,0,0,0,0,0,1,1,0,0,1,0,1
43019,407.582,351.265,31.66,24.658,Eric Adams,1424,1162,0,1,0,0,0,0,1,1,0,0,1,0,0,0,1,0,1,0,1,0,1
43020,411.187,298.105,83.857,29.224,Eric Adams,1522,1201,0,1,0,0,0,0,1,0,0,0,0,0,0,0,1,1,0,1,1,0,1
43021,260.172,171.324,83.881,4.967,Eric Adams,1346,938,0,1,0,0,0,0,1,0,0,0,0,0,0,0,1,1,0,1,1,0,1
43022,258.828,177.676,68.119,13.032,Eric Adams,1710,1281,0,1,0,0,0,0,1,1,0,0,0,0,0,0,1,1,0,1,1,0,1
43023,310.625,265.684,32.569,12.372,Eric Adams,1418,1086,0,0,0,0,0,0,0,1,0,0,0,0,0,0,1,0,1,0,1,0,1
43024,209.519,134.213,61.692,13.614,Eric Adams,1238,917,0,1,0,0,0,0,0,1,0,0,0,0,0,0,1,0,1,1,1,0,0
43025,242.855,193.103,36.738,13.014,Eric Adams,1232,885,0,1,0,0,0,0,0,1,0,0,0,0,0,0,1,0,1,0,1,0,0
43026,147,74,69,4,Eric Adams,1005,717,0,1,0,0,0,0,0,1,0,0,0,0,0,0,1,1,0,1,1,0,0
43027,304.211,190.307,96.414,17.491,Eric Adams,1566,1218,0,1,0,0,0,0,1,0,0,0,0,0,0,0,1,1,0,1,1,0,0
43028,146,62,83,1,Curtis Sliwa,944,658,0,1,0,0,0,0,1,0,0,0,0,0,0,0,1,1,0,1,0,1,0
43029,358.517,276.776,57.073,24.668,Eric Adams,1451,1146,0,1,0,0,0,0,0,1,0,0,0,0,0,0,1,1,0,0,1,0,0
43030,367.398,293.169,47.903,26.326,Eric Adams,1678,1338,0,1,0,0,0,0,0,0,0,0,0,0,0,0,1,1,0,0,1,0,0
43031,452.01,396.211,18.432,37.366,Eric Adams,1447,1213,0,0,0,0,0,0,0,1,0,0,1,0,0,0,1,0,1,0,1,0,1
43032,364.452,313.935,14.886,35.63,Eric Adams,1268,1011,0,0,0,0,0,0,0,1,0,0,1,0,0,0,1,0,1,0,1,0,0
43033,406.831,339.092,29.074,38.665,Eric Adams,1580,1290,0,0,0,0,0,0,0,1,0,0,0,0,0,0,1,1,0,0,1,0,0
43034,427.051,361.284,45.089,20.678,Eric Adams,1346,1099,0,1,0,0,0,0,1,1,0,0,0,0,0,0,1,1,0,0,1,0,0
43035,390.825,336.376,32.504,21.945,Eric Adams,1480,1194,0,1,0,0,0,0,1,1,0,0,0,0,0,0,1,1,1,0,1,0,0
43036,366.241,324.701,9.154,32.385,Eric Adams,1351,1100,0,0,0,0,0,0,1,0,0,0,1,0,0,0,1,0,0,0,1,0,0
43037,346.344,302.458,10.787,33.099,Eric Adams,1602,1339,0,0,0,0,0,0,0,1,0,0,0,0,0,0,1,0,0,0,1,0,1
43038,402.831,364.821,13.125,24.885,Eric Adams,1423,1181,0,0,0,0,0,0,0,1,0,0,1,0,0,0,1,0,0,0,1,0,0
43039,410.549,372.953,12.494,25.101,Eric Adams,1108,931,0,0,0,0,0,0,0,1,0,0,0,0,0,0,1,0,0,0,1,0,0
43040,307.848,276.3,10.6,20.948,Eric Adams,1409,1164,0,0,0,0,0,0,0,1,0,0,0,0,0,0,1,1,1,0,1,0,0
43041,368.445,328.947,20.733,18.764,Eric Adams,1468,1209,0,0,0,0,0,0,0,1,0,0,0,0,0,0,1,1,1,0,1,0,0
43042,348.244,312.631,10.11,25.503,Eric Adams,1328,1098,0,0,0,0,0,0,0,1,0,0,0,0,0,0,1,0,0,0,1,0,0
43043,257.818,197.559,51.542,8.717,Eric Adams,1534,1252,0,1,0,0,0,0,0,1,0,0,0,0,0,0,1,1,0,1,1,0,0
43044,321.811,283.364,30.389,8.058,Eric Adams,1454,1080,0,1,0,0,0,0,0,1,0,0,0,0,0,0,1,1,0,0,1,0,0
43045,355.362,302.904,41.155,11.303,Eric Adams,1604,1205,0,1,0,0,0,0,0,1,0,0,0,0,1,0,1,0,1,0,1,0,0
43046,326.23,272.31,43.983,9.937,Eric Adams,1390,1093,0,1,0,0,0,0,0,1,0,0,0,0,0,0,1,0,1,0,1,0,0
43047,402.501,374.456,22.078,5.966,Eric Adams,1386,1064,0,0,0,0,0,0,0,1,0,0,0,0,0,0,1,0,1,0,1,0,0
43048,70.914,66.606,2.32,1.988,Eric Adams,222,175,0,0,0,0,0,0,0,1,0,0,0,0,0,0,1,0,1,0,1,0,0
43049,190.243,173.068,15.22,1.955,Eric Adams,1513,854,0,0,0,0,0,0,0,1,0,0,0,0,1,0,1,0,1,0,1,0,0
43050,190.183,151.442,33.458,5.283,Eric Adams,1001,751,0,0,0,0,0,0,0,1,0,0,0,0,1,0,1,0,1,0,1,0,0
43051,159.532,127.402,27.609,4.521,Eric Adams,844,672,0,1,0,0,0,0,0,1,0,0,0,0,0,0,1,0,1,0,1,0,0
43052,362.093,334.798,21.592,5.703,Eric Adams,1328,991,0,0,0,0,0,0,0,1,0,0,0,0,0,0,1,0,1,0,1,0,0
43053,353.042,299.09,11.342,42.609,Eric Adams,1512,1246,0,0,0,0,0,0,1,1,0,0,0,0,0,0,1,0,0,0,1,0,1
43054,402.098,355.797,10.921,35.379,Eric Adams,1601,1281,0,0,0,0,0,0,0,1,0,0,1,0,0,0,1,0,0,0,1,0,0
43055,246.86,219.124,6.665,21.072,Eric Adams,1195,956,0,0,0,0,0,0,0,1,0,0,1,0,0,0,1,0,0,0,1,0,0
43056,334.441,298.457,13.733,22.251,Eric Adams,1623,1330,0,0,0,0,0,0,0,0,0,0,0,0,0,0,1,1,1,0,1,0,0
43057,334.142,302.117,10.915,21.109,Eric Adams,1670,1369,0,0,0,0,0,0,0,1,0,0,0,0,0,0,1,1,0,0,1,0,0
43058,528.827,474.624,19.228,34.975,Eric Adams,1329,1119,0,0,0,0,0,0,0,1,0,0,0,0,0,0,1,1,0,0,1,0,0
43059,349.218,295.531,9.499,44.187,Eric Adams,1674,1342,0,0,0,0,0,0,0,1,0,0,0,0,0,0,1,1,0,0,1,0,1
43060,259.789,228.112,7.718,23.959,Eric Adams,1353,1099,0,0,0,0,0,0,0,0,0,0,0,0,0,0,1,1,1,0,1,0,0
43061,299.329,262.676,14.609,22.044,Eric Adams,1297,1067,0,0,0,0,0,0,0,1,0,0,0,0,0,0,1,1,1,0,1,0,0
43062,82.804,73.707,3.965,5.132,Eric Adams,955,755,0,0,0,0,0,0,0,1,0,0,0,0,0,0,1,1,0,0,1,0,0
43063,254,236,5,13,Eric Adams,1231,992,0,0,0,0,0,0,0,1,0,0,0,0,0,0,1,1,0,0,1,0,0
43064,349,317,19,13,Eric Adams,1680,1373,0,0,0,0,0,0,0,1,0,0,0,0,0,0,1,1,0,0,1,0,0
43065,326,291,13,22,Eric Adams,1264,1038,0,0,0,0,0,0,0,1,0,0,0,0,0,0,1,1,0,0,1,0,0
43066,337,304,12,21,Eric Adams,1328,1109,0,0,0,0,0,0,0,1,0,0,0,0,0,0,1,1,0,0,1,0,0
43067,332.671,303.324,11.391,17.956,Eric Adams,1732,1378,0,0,0,0,0,0,0,1,0,0,0,0,0,0,1,1,0,0,1,0,0
43068,95.227,89.551,1.892,3.784,Eric Adams,651,483,0,0,0,0,0,0,0,1,0,0,0,0,0,0,1,1,1,0,1,0,0
44001,168.022,146.019,9.001,13.002,Eric Adams,1418,1308,0,0,0,0,0,0,1,0,0,0,1,1,0,0,1,1,0,0,1,0,1
44002,419,320,76,23,Eric Adams,1445,1190,0,1,0,1,0,0,1,0,0,0,0,0,0,0,1,0,1,0,1,0,1
44003,109.173,91.478,6.677,11.017,Eric Adams,313,286,0,0,0,0,0,0,1,0,0,0,1,1,0,0,1,0,0,0,1,0,0
44004,254,214,9,31,Eric Adams,1013,901,0,0,0,0,0,0,1,0,0,0,1,1,0,0,1,1,0,0,1,0,0
44005,95.53,83.807,3.741,7.982,Eric Adams,390,355,0,0,0,0,0,0,1,0,0,0,1,1,0,0,1,0,0,0,1,0,1
44006,229.744,199.475,10.42,19.848,Eric Adams,1131,1006,0,0,0,0,0,0,1,0,0,0,1,1,0,0,1,0,1,0,1,0,1
44007,430.145,377.235,16.228,36.683,Eric Adams,1443,1267,0,1,0,0,0,0,1,0,0,0,1,1,0,0,1,0,0,0,1,0,1
44008,396.856,343.469,15.041,38.346,Eric Adams,1300,1103,0,0,0,0,0,0,1,0,0,0,1,1,0,0,1,0,0,0,1,0,1
44009,394.874,359.39,16.486,18.998,Eric Adams,1365,1192,0,0,0,0,0,0,1,0,0,0,1,1,0,0,1,0,0,0,1,0,0
44010,246.806,212.178,5.666,28.962,Eric Adams,744,686,0,0,0,0,0,0,1,0,0,0,1,1,0,0,1,0,0,0,1,0,1
44011,561.407,492.732,18.203,50.472,Eric Adams,1927,1723,0,0,0,0,0,0,1,0,0,0,1,1,0,0,1,0,1,0,1,0,1
44012,317,278,3,36,Eric Adams,1038,902,0,0,0,0,0,0,1,0,0,0,1,1,0,0,1,0,0,0,1,0,0
44013,169.644,157.565,4.02,8.059,Eric Adams,469,435,0,1,0,0,0,0,1,0,0,0,1,1,0,0,1,0,0,0,1,0,1
44014,371,326,9,36,Eric Adams,1124,972,0,0,0,0,0,0,1,0,0,0,1,1,0,0,1,0,1,0,1,0,0
44015,441.143,394.745,11.741,34.657,Eric Adams,826,713,0,0,0,0,0,0,1,0,0,0,1,1,0,0,1,0,1,0,1,0,1
44016,388.191,353.168,7.006,28.018,Eric Adams,963,873,0,1,0,0,0,0,1,0,0,0,1,1,0,0,1,0,1,0,1,0,1
44017,612.834,538.86,34.656,39.317,Eric Adams,1573,1410,0,1,0,0,0,0,1,0,0,0,1,1,0,1,0,0,0,0,1,0,0
44018,429.166,351.14,38.344,39.683,Eric Adams,1313,1152,0,0,1,0,0,0,1,0,0,0,1,1,0,0,1,1,0,0,1,0,1
44019,357.101,311.528,20.498,25.075,Eric Adams,871,737,0,1,0,0,0,0,1,0,0,0,1,1,0,0,1,1,0,0,1,0,1
44020,195.673,172.126,11.232,12.316,Eric Adams,714,608,0,0,0,0,0,0,1,0,0,0,1,1,0,0,1,1,0,0,1,0,1
44021,336,272,36,28,Eric Adams,1164,1032,0,0,0,0,0,0,1,0,0,0,1,1,0,0,1,1,0,0,1,0,1
44022,327.053,279.868,19.592,27.592,Eric Adams,1023,899,0,0,0,0,0,0,1,0,0,0,1,1,0,0,1,1,0,0,1,0,0
44023,566.852,507.839,27.507,31.507,Eric Adams,1352,1237,0,1,0,0,0,0,1,0,0,0,1,1,0,1,0,0,0,0,1,0,0
44024,529.915,446.991,53.962,28.962,Eric Adams,1203,1119,0,1,0,0,0,0,1,0,0,0,1,1,0,1,0,0,0,0,1,0,1
44025,490.695,422.895,39.58,28.22,Eric Adams,1366,1253,0,1,1,0,0,0,1,0,0,0,1,1,0,1,0,0,0,0,1,0,1
44026,454.501,389.707,37.627,27.166,Eric Adams,1047,979,0,1,1,0,0,0,1,0,0,0,1,1,0,0,1,0,1,0,1,0,1
44027,555.251,474.633,39.08,41.539,Eric Adams,1257,1168,0,1,0,0,0,0,1,0,0,0,1,1,0,0,1,0,1,0,1,0,1
44028,505.17,426.781,34.839,43.549,Eric Adams,1291,1157,0,1,0,0,0,0,1,0,0,0,1,1,0,1,0,0,1,0,1,0,0
44029,481.301,406.971,29.332,44.997,Eric Adams,1494,1323,0,1,0,0,0,0,1,0,0,0,1,1,0,1,0,0,1,0,1,0,0
44030,462.564,382.421,43.089,37.054,Eric Adams,1189,1124,0,1,1,0,0,0,1,0,0,0,1,1,0,0,1,0,0,0,1,0,1
44031,685.834,591.214,49.637,44.982,Eric Adams,1608,1397,0,0,1,0,0,0,1,0,0,0,1,1,0,0,1,0,0,0,1,0,1
44032,529.429,432.406,50.654,46.368,Eric Adams,1558,1350,0,0,0,0,0,0,1,0,0,0,1,1,0,0,1,0,0,0,1,0,0
44033,635.426,504.465,86.334,44.627,Eric Adams,1672,1430,0,0,1,0,0,0,1,0,0,0,1,1,0,0,1,0,0,0,1,0,1
44034,341.448,271.482,42.166,27.8,Eric Adams,914,761,0,0,1,0,0,0,1,0,0,0,1,1,0,0,1,0,0,0,1,0,0
44035,318.391,246.919,44.459,27.013,Eric Adams,1073,864,0,0,1,0,0,0,1,0,0,0,1,1,0,0,1,0,0,0,1,0,1
44036,668.014,491.432,109.132,67.449,Eric Adams,1606,1414,0,0,1,0,0,0,1,0,0,0,1,1,0,0,1,0,0,0,1,0,1
44037,631.619,476.661,97.744,57.214,Eric Adams,1458,1288,0,0,1,0,0,0,1,0,0,0,1,1,0,0,1,0,0,0,1,0,1
44038,635.646,484.976,107.215,43.455,Eric Adams,1446,1334,0,1,1,0,0,0,1,0,0,0,1,0,0,1,0,0,1,0,1,0,1
44039,428.425,331.712,57.858,38.854,Eric Adams,1262,1142,0,1,1,0,0,0,1,0,0,0,1,1,0,0,1,0,1,0,1,0,1
44040,364.012,257.009,73.002,34.001,Eric Adams,925,857,0,0,1,0,0,0,1,0,0,0,1,1,0,1,0,0,0,0,1,0,1
44041,406.182,309.377,56.885,39.92,Eric Adams,1055,921,0,1,1,0,0,0,1,0,0,0,1,1,0,1,0,0,0,0,1,0,1
44042,195.678,108.939,76.11,10.63,Eric Adams,874,646,0,1,0,1,1,0,0,0,0,0,0,0,0,0,1,0,0,1,1,0,0
44043,341.151,251.276,65.044,24.831,Eric Adams,1187,993,0,0,0,1,1,0,1,0,0,1,1,0,0,0,1,0,0,0,1,0,1
44044,212.408,152.911,43.353,16.144,Eric Adams,831,672,0,0,0,1,0,0,1,0,0,0,0,0,0,0,1,1,0,0,1,0,0
44045,477.819,375.623,73.115,29.08,Eric Adams,1101,1026,0,0,1,0,0,0,1,0,0,0,1,1,0,1,0,0,1,0,1,0,1
44046,503.541,389.062,73.867,40.611,Eric Adams,1312,1163,0,0,0,0,0,0,1,0,0,0,1,1,0,0,1,0,0,0,1,0,1
44047,266.824,187.211,58.318,21.296,Eric Adams,1082,830,0,0,0,1,1,0,1,0,0,1,0,0,0,0,1,1,1,0,1,0,1
44048,363.54,240.564,105.205,17.771,Eric Adams,1428,1073,0,1,0,1,0,0,0,0,0,0,0,0,0,0,1,1,1,1,1,0,0
44049,150.33,66.887,76.317,7.126,Curtis Sliwa,646,487,0,1,0,0,0,0,1,0,0,0,0,0,0,0,1,1,0,1,0,1,0
44050,134.111,68.353,59.701,6.057,Eric Adams,574,425,0,1,0,0,0,1,1,0,0,0,0,0,0,0,1,1,0,1,1,0,0
44051,119.088,55.064,59.378,4.645,Curtis Sliwa,681,548,0,1,0,0,0,1,1,0,0,0,0,0,0,0,1,1,0,1,0,1,0
44052,54.387,26.752,26.458,1.176,Eric Adams,229,173,0,1,0,1,0,0,1,0,0,0,0,0,0,0,1,1,0,1,1,0,0
44053,226.009,112.799,103.329,9.881,Eric Adams,1327,1020,0,1,0,1,0,1,1,0,0,0,0,0,0,0,1,1,1,1,1,0,1
44054,307.437,260.423,27.651,19.362,Eric Adams,1119,1025,0,0,0,0,0,0,1,0,0,0,1,1,0,0,1,0,1,0,1,0,1
44055,115.902,85.709,20.453,9.74,Eric Adams,414,357,0,0,0,0,0,0,1,1,0,0,1,1,0,1,0,0,1,0,1,0,0
44056,432.324,323.075,69.803,39.446,Eric Adams,1284,1107,0,1,0,1,0,0,1,0,0,0,0,0,0,0,1,0,0,0,1,0,1
44057,289.605,186.449,85.213,17.943,Eric Adams,1421,1052,0,1,0,1,0,0,1,0,0,1,0,0,0,0,1,0,1,1,1,0,1
44058,293.988,224.742,55.246,14,Eric Adams,1042,869,0,1,0,1,0,0,1,0,0,0,1,0,0,0,1,0,1,0,1,0,0
44059,375.16,246.425,83.098,45.637,Eric Adams,1666,1249,0,1,0,1,0,0,1,0,0,1,0,0,0,0,1,0,1,0,1,0,1
44060,106.42,93.361,4.168,8.891,Eric Adams,390,367,0,1,0,0,0,0,1,0,0,0,1,1,0,0,1,0,0,0,1,0,0
44061,250.562,200.808,29.06,20.694,Eric Adams,1040,843,0,0,0,1,0,0,1,0,0,0,0,0,0,0,1,0,0,0,1,0,1
44062,449,387,33,29,Eric Adams,1216,1044,0,1,0,0,0,0,1,0,0,0,1,1,0,1,0,0,1,0,1,0,0
44063,400.195,306.961,56.576,36.658,Eric Adams,1752,1335,0,0,0,1,0,0,1,0,0,0,1,0,0,1,0,0,1,0,1,0,0
44064,373.891,265.426,78.383,30.081,Eric Adams,1725,1365,0,1,0,1,0,0,1,0,0,0,0,0,0,0,1,0,1,0,1,0,0
44065,413.684,358.186,25.232,30.265,Eric Adams,943,812,0,1,0,0,0,0,1,0,0,0,0,0,0,0,1,0,1,0,1,0,0
44066,422.603,304.893,80.946,36.765,Eric Adams,1829,1458,0,1,0,1,0,0,1,0,0,0,0,0,0,0,1,1,1,0,1,0,1
44067,225.193,189.001,26.541,9.651,Eric Adams,889,677,0,1,0,1,0,0,1,0,0,0,1,1,0,1,0,0,1,0,1,0,0
44068,245.34,199.445,29.131,16.765,Eric Adams,773,644,0,0,0,0,0,0,1,0,0,1,1,0,0,0,1,0,0,0,1,0,0
44069,311.081,180.18,112.794,18.107,Eric Adams,1596,1250,0,1,0,1,0,1,1,0,0,1,1,0,0,0,1,0,1,1,1,0,1
44070,129.534,104.365,16.029,9.14,Eric Adams,1006,786,0,0,0,1,0,0,0,0,0,0,1,0,0,0,1,0,0,0,1,0,0
44071,293.646,195.093,81.35,17.203,Eric Adams,1176,928,0,0,0,1,0,0,1,0,0,0,0,0,0,0,1,0,1,0,1,0,1
44072,281.399,178.917,81.697,20.785,Eric Adams,1410,1129,0,0,0,1,0,1,1,0,0,1,0,0,0,0,1,0,1,0,1,0,1
44073,120.918,103.549,6.347,11.023,Eric Adams,324,291,0,1,0,0,0,0,1,0,0,0,1,1,0,0,1,0,1,0,1,0,1
44074,285.108,237.028,27.739,20.34,Eric Adams,1151,1003,0,0,0,0,0,0,1,0,0,0,1,1,0,1,0,0,1,0,1,0,1
44075,137.25,105.508,25.343,6.399,Eric Adams,834,652,0,0,0,1,0,0,0,0,0,1,0,0,0,0,1,1,0,1,1,0,0
44076,103.255,70.593,25.287,7.375,Eric Adams,811,639,0,0,0,1,1,0,0,0,0,0,1,0,0,0,1,0,0,0,1,0,0
44077,122,107,4,11,Eric Adams,261,238,0,0,0,0,0,0,1,0,0,0,1,1,0,0,1,0,1,0,1,0,0
44078,181.135,126.863,35.33,18.942,Eric Adams,820,686,0,0,0,1,0,0,1,0,0,0,1,0,0,0,1,0,0,0,1,0,1
44079,155.582,135.084,7.057,13.441,Eric Adams,1192,1143,0,0,0,0,0,0,1,0,0,0,1,1,0,0,1,0,0,0,1,0,0
44080,252.34,210.579,22.285,19.476,Eric Adams,927,777,0,0,0,0,0,0,1,0,0,0,1,1,0,1,0,0,1,0,1,0,0
44081,361.31,322.027,13.071,26.213,Eric Adams,937,824,0,1,0,0,0,0,1,0,0,0,1,1,0,0,1,0,1,0,1,0,1
44082,87.073,76.049,5.901,5.123,Eric Adams,1,1,0,0,0,0,0,0,0,0,0,0,0,0,0,0,0,0,0,0,1,0,0
44083,0,0,0,0,Tie,0,0,0,0,0,0,0,0,0,0,0,0,0,0,0,0,0,0,0,0,0,0,0
44084,119.876,99.071,11.827,8.978,Eric Adams,0,0,0,0,0,0,0,0,0,0,0,0,0,0,0,0,0,0,0,0,1,0,0
45001,336.921,152.743,170.575,13.603,Curtis Sliwa,1283,1010,0,1,0,0,0,1,1,0,0,0,1,0,0,0,1,1,1,1,0,1,0
45002,414.894,183.761,215.921,15.212,Curtis Sliwa,1590,1214,0,1,0,0,0,1,1,0,0,0,0,0,0,0,1,0,1,1,0,1,0
45003,368.366,163.094,184.497,20.774,Curtis Sliwa,1571,1205,0,1,0,0,0,1,1,0,0,0,1,0,0,0,1,0,1,1,0,1,0
45004,275.804,119.429,145.688,10.687,Curtis Sliwa,1480,1113,0,1,0,0,0,1,1,0,0,0,1,0,0,0,1,0,1,1,0,1,0
45005,290.737,106.134,170.497,14.105,Curtis Sliwa,1372,1032,0,1,0,0,0,1,1,0,0,1,0,0,0,0,1,0,1,1,0,1,0
45006,316.916,121.945,178.668,16.302,Curtis Sliwa,1439,1086,0,1,0,0,1,1,1,0,0,0,1,0,0,0,1,0,1,1,0,1,0
45007,294.133,119.372,164.102,10.659,Curtis Sliwa,1391,1090,0,1,0,0,0,1,1,0,0,0,0,0,0,0,1,0,1,1,0,1,1
45008,234.777,97.989,125.723,11.065,Curtis Sliwa,1286,972,0,1,0,0,0,1,1,0,0,0,0,0,0,1,0,1,1,1,0,1,1
45009,276.907,116.826,151.735,8.346,Curtis Sliwa,1407,1083,0,1,0,0,0,1,1,0,0,0,0,0,0,0,1,0,1,1,0,1,1
45010,199.25,82.135,107.383,9.733,Curtis Sliwa,1154,890,0,1,0,0,0,1,1,0,0,0,0,0,0,1,0,1,1,1,0,1,1
45011,183.12,65.711,112.206,5.203,Curtis Sliwa,1051,828,0,1,0,0,0,1,1,0,0,0,0,0,0,0,1,1,0,1,0,1,1
45012,53.636,20.716,28.829,4.091,Curtis Sliwa,280,182,0,1,0,0,1,1,1,0,0,1,0,0,0,0,1,1,1,1,0,1,0
45013,178.925,70.604,99.629,8.693,Curtis Sliwa,666,550,0,1,1,0,0,1,1,0,0,0,0,0,0,1,0,1,1,1,0,1,1
45014,196.865,67.825,120.845,8.195,Curtis Sliwa,1075,818,0,1,0,0,0,1,1,0,0,0,0,0,0,0,1,1,1,1,0,1,1
45015,203.098,84.977,115.473,2.648,Curtis Sliwa,1058,849,0,1,0,0,0,1,1,0,0,0,0,0,0,0,1,1,0,1,0,1,1
45016,406.043,159.975,232.8,13.267,Curtis Sliwa,1692,1378,0,1,0,0,0,1,1,0,0,0,0,0,0,0,1,0,1,1,0,1,1
45017,254,93,153,8,Curtis Sliwa,1241,934,0,1,0,0,0,1,1,0,0,0,0,0,0,0,1,0,1,1,0,1,0
45018,49.768,21.83,27.576,0.362,Curtis Sliwa,188,129,0,0,0,0,0,1,1,0,0,0,0,0,0,0,1,0,1,1,0,1,0
45019,107.869,36.48,63.578,7.811,Curtis Sliwa,512,374,0,0,0,0,1,1,1,0,0,1,0,0,0,0,1,0,1,1,0,1,0
45020,588.963,168.291,402.277,18.395,Curtis Sliwa,1304,1093,0,1,0,0,0,1,1,0,0,0,1,1,0,1,0,0,1,1,0,1,1
45021,74.569,40.758,30.923,2.888,Eric Adams,366,257,0,0,0,0,1,1,0,0,1,0,0,0,0,0,1,1,0,1,1,0,0
45022,273.403,69.846,195.622,7.935,Curtis Sliwa,1100,852,0,0,1,0,1,1,1,0,0,1,0,0,0,0,1,1,0,1,0,1,0
45023,155.3,116.738,34.055,4.507,Eric Adams,1215,804,0,0,0,0,1,0,0,0,0,0,0,0,1,0,1,0,1,0,1,0,0
45024,216.268,122.705,84.875,8.688,Eric Adams,1357,878,0,0,0,0,1,0,0,0,0,0,0,0,1,0,1,0,1,0,1,0,0
45025,175.453,66.501,106.321,2.631,Curtis Sliwa,788,575,0,1,0,0,0,1,1,0,0,0,0,0,0,0,1,1,1,1,0,1,1
45026,176,40,132,4,Curtis Sliwa,687,548,0,1,0,0,0,1,1,0,0,0,0,0,0,0,1,0,1,1,0,1,0
45027,223,75,144,4,Curtis Sliwa,1206,849,0,0,0,1,1,1,1,0,0,0,0,0,0,0,1,0,1,1,0,1,0
45028,248.902,87.533,156.47,4.899,Curtis Sliwa,1332,1078,0,1,0,0,0,1,1,0,0,0,1,1,0,1,0,0,1,1,0,1,1
45029,157,41,107,9,Curtis Sliwa,1095,817,0,1,0,0,0,1,1,0,0,0,0,0,0,0,1,1,1,1,0,1,1
45030,229.13,97.651,127.442,4.037,Curtis Sliwa,1198,873,0,1,0,0,1,1,1,0,0,1,0,0,0,0,1,0,1,1,0,1,0
45031,175.87,73.349,96.558,5.963,Curtis Sliwa,1301,854,0,0,0,0,1,1,0,0,0,1,0,0,0,0,1,1,1,1,0,1,0
45032,223,69.625,148.103,5.273,Curtis Sliwa,1124,851,0,1,0,0,0,1,1,0,0,0,0,0,0,0,1,0,0,1,0,1,0
45033,211,62,142,7,Curtis Sliwa,1123,873,0,1,0,0,0,1,1,0,0,0,0,0,0,0,1,1,0,1,0,1,1
45034,312.584,88.21,215.958,8.416,Curtis Sliwa,1281,1018,0,0,0,0,0,1,1,0,0,0,0,0,0,0,1,0,0,1,0,1,1
45035,203.123,42.651,157.032,3.441,Curtis Sliwa,935,693,0,1,0,0,0,1,1,0,0,0,1,0,1,0,1,0,1,1,0,1,1
45036,340.224,111.023,215.031,14.171,Curtis Sliwa,1579,1204,0,0,0,0,1,1,1,0,0,0,1,0,0,0,1,0,1,1,0,1,1
45037,309.939,128.08,172.181,9.678,Curtis Sliwa,1470,1058,0,0,0,0,1,1,1,0,0,1,1,0,0,0,1,1,1,1,0,1,0
45038,162,55,95,12,Curtis Sliwa,850,599,0,0,0,0,1,1,1,0,0,1,0,0,0,0,1,0,1,1,0,1,0
45039,30.281,6.088,21.177,3.015,Curtis Sliwa,153,124,0,0,0,0,1,1,1,0,0,1,0,0,0,1,0,0,1,1,0,1,0
45040,306.716,81.281,211.36,14.075,Curtis Sliwa,1217,956,0,0,0,0,1,1,1,0,0,0,1,0,0,0,1,0,1,1,0,1,0
45041,359.643,107.323,234.625,17.695,Curtis Sliwa,1747,1378,0,1,0,0,0,1,1,0,0,0,0,0,0,0,1,0,1,1,0,1,1
45042,299.571,114.371,178.145,7.055,Curtis Sliwa,1468,1097,0,0,0,0,0,1,1,0,0,0,1,0,0,0,1,0,1,1,0,1,1
45043,400.467,110.642,280.348,9.478,Curtis Sliwa,1493,1157,0,0,0,0,0,1,1,0,0,1,0,0,0,1,0,0,1,1,0,1,1
45044,404.964,127.544,258.236,19.183,Curtis Sliwa,1677,1314,0,1,0,0,0,1,1,0,0,0,1,0,0,0,1,0,1,1,0,1,0
45045,323.005,96.766,215.736,10.503,Curtis Sliwa,1497,1192,0,1,0,0,0,1,1,0,0,0,1,0,0,0,1,0,1,1,0,1,0
45046,205.76,98.489,97.22,10.052,Eric Adams,1118,855,0,0,0,1,0,1,1,0,0,1,0,0,0,0,1,0,1,1,1,0,0
45047,379.021,117.159,247.629,14.233,Curtis Sliwa,1451,1115,0,1,0,0,0,1,1,0,0,0,1,0,0,1,0,0,1,1,0,1,0
45048,241.288,82.812,152.697,5.779,Curtis Sliwa,1076,869,0,1,0,0,0,1,1,0,0,0,0,0,0,0,1,0,1,1,0,1,1
45049,216.309,32.854,178.99,4.465,Curtis Sliwa,1426,1188,0,1,0,0,0,1,1,0,0,0,1,0,0,0,1,0,1,1,0,1,1
45050,185.877,59.349,122.968,3.559,Curtis Sliwa,1318,941,0,0,0,1,0,1,1,0,0,0,1,0,1,0,1,0,1,1,0,1,0
45051,502.935,87.596,400.493,14.846,Curtis Sliwa,1494,1190,0,1,0,0,0,1,1,0,0,0,1,0,0,0,1,0,1,1,0,1,1
45052,168.359,46.474,115.747,6.138,Curtis Sliwa,1005,745,0,1,0,0,0,1,1,0,0,0,1,0,1,0,1,0,1,1,0,1,0
45053,106.137,46.182,54.284,5.671,Curtis Sliwa,687,491,0,0,0,0,1,1,0,0,0,1,0,0,0,1,0,0,0,1,0,1,0
45054,24.95,6.318,17.775,0.857,Curtis Sliwa,163,125,0,0,1,0,1,1,1,0,0,1,0,0,0,1,0,0,0,1,0,1,0
45055,17.681,4.477,12.597,0.607,Curtis Sliwa,90,61,0,0,0,0,1,1,0,0,1,0,0,0,0,0,1,1,0,1,0,1,0
46001,292.048,155.74,120.531,15.777,Eric Adams,1018,852,0,0,1,0,0,1,1,0,0,0,1,0,0,0,1,0,1,1,1,0,0
46002,348.951,177.26,144.469,27.223,Eric Adams,998,828,0,0,1,0,0,0,1,0,0,0,1,0,0,0,1,1,1,0,1,0,0
46003,394.935,247.572,122.439,24.924,Eric Adams,1306,1090,0,0,1,0,0,0,1,0,0,0,1,0,0,0,1,0,0,0,1,0,0
46004,486.811,292.526,170.484,23.8,Eric Adams,1191,974,0,0,1,0,1,0,1,0,0,0,1,0,0,0,1,0,0,0,1,0,1
46005,429.883,196.605,211.365,21.913,Curtis Sliwa,1600,1233,0,0,0,0,1,1,1,0,0,0,1,0,0,0,1,1,0,1,0,1,1
46006,535.787,226.613,281.905,27.268,Curtis Sliwa,1251,1066,0,0,1,0,0,1,1,0,0,0,1,1,0,1,0,0,1,1,0,1,0
46007,482.699,232.699,219.565,30.436,Eric Adams,1385,1129,0,0,1,0,0,1,1,0,0,0,1,0,0,0,1,1,1,1,1,0,0
46008,277.057,135.389,123.75,17.918,Eric Adams,1147,924,0,0,1,0,1,1,1,0,0,0,1,0,0,0,1,0,1,0,1,0,0
46009,457.621,225.765,203.289,28.567,Eric Adams,1450,1168,0,0,1,0,0,1,1,0,0,0,1,0,0,0,1,1,0,0,1,0,0
46010,426.567,218.841,184.033,23.694,Eric Adams,1529,1189,0,0,1,0,0,1,1,0,0,0,0,0,0,0,1,0,1,0,1,0,0
46011,389.875,184.754,176.343,28.779,Eric Adams,1068,817,0,0,0,0,0,1,1,0,0,0,0,0,0,0,1,0,1,1,1,0,0
46012,559.491,291.517,248.46,19.514,Eric Adams,1370,1246,0,0,1,0,0,1,1,0,0,0,1,0,0,0,1,0,1,1,1,0,1
46013,630.671,324.154,276.023,30.494,Eric Adams,1355,1234,0,0,1,0,0,1,1,0,0,0,1,0,0,0,1,0,1,1,1,0,0
46014,535.838,296.329,218.517,20.992,Eric Adams,1514,1275,0,0,1,0,0,1,1,0,0,0,1,0,0,0,1,0,1,1,1,0,0
46015,432.874,202.155,200.884,29.835,Eric Adams,1334,1085,0,0,1,0,0,1,1,0,0,0,0,0,0,0,1,1,1,1,1,0,0
46016,459.564,242.458,187.519,29.587,Eric Adams,1450,1196,0,0,0,1,0,1,1,0,0,0,0,0,0,0,1,1,1,0,1,0,0
46017,190.72,95.979,84.108,10.633,Eric Adams,1331,1022,0,0,0,0,1,1,1,0,0,0,0,0,0,0,1,0,1,1,1,0,0
46018,253.494,118.65,118.699,16.145,Curtis Sliwa,1391,1088,0,0,0,0,1,1,1,0,0,0,0,0,0,0,1,0,0,1,0,1,0
46019,583.282,285.521,274.622,23.138,Eric Adams,1404,1198,0,0,1,0,0,1,1,0,0,0,1,0,0,1,0,0,1,1,1,0,0
46020,479.135,220.734,227.93,30.471,Curtis Sliwa,1446,1275,0,0,1,0,0,1,1,0,0,0,0,0,0,1,0,0,1,1,0,1,0
46021,53.567,23.491,28.261,1.814,Curtis Sliwa,253,225,0,0,1,0,0,1,1,0,0,0,0,1,0,0,1,1,0,0,0,1,1
46022,409.33,178.455,214.714,16.162,Curtis Sliwa,1368,1076,0,0,1,0,1,1,1,0,0,0,0,0,0,1,0,0,1,1,0,1,1
46023,450.127,114.516,317.031,18.58,Curtis Sliwa,1216,974,0,0,1,0,0,1,1,0,0,0,0,1,0,1,0,0,1,1,0,1,1
46024,463.677,81.3,362.295,20.081,Curtis Sliwa,1176,963,0,0,1,0,1,1,1,0,0,0,1,0,0,1,0,0,1,1,0,1,0
46025,341.469,78.19,248.264,15.015,Curtis Sliwa,1012,846,0,0,1,0,1,1,1,0,0,0,1,0,0,1,0,0,1,1,0,1,0
46026,446.288,120.1,304.057,22.13,Curtis Sliwa,1455,1161,0,0,1,0,1,1,1,0,0,0,1,0,0,1,0,0,1,1,0,1,1
46027,404.391,189.623,188.61,26.158,Eric Adams,1335,1135,0,0,1,0,0,1,1,0,0,0,1,0,0,0,1,1,1,1,1,0,0
46028,298.175,62.668,220.944,14.563,Curtis Sliwa,1139,883,0,0,1,0,1,1,1,0,0,1,0,0,0,1,0,0,1,1,0,1,1
46029,80.46,43.65,30.946,5.863,Eric Adams,256,204,0,0,1,0,1,0,0,0,0,0,0,0,0,0,1,0,1,1,1,0,1
46030,33.107,12.197,20.91,0,Curtis Sliwa,317,236,0,0,0,0,1,1,1,0,0,0,0,0,0,0,1,0,1,1,0,1,1
46031,109.548,37.525,67.181,4.842,Curtis Sliwa,763,590,0,0,0,0,1,1,1,0,0,1,0,0,0,0,1,0,1,1,0,1,1
46032,55.656,22.769,31.201,1.687,Curtis Sliwa,433,326,0,0,0,0,1,1,1,0,0,1,0,0,0,1,0,1,1,1,0,1,0
46033,32.715,8.842,22.399,1.474,Curtis Sliwa,189,140,0,0,0,0,1,1,1,0,0,1,0,0,0,1,0,0,1,1,0,1,0
46034,339.062,116.084,216.895,6.083,Curtis Sliwa,998,751,0,0,1,0,1,1,0,0,0,1,0,0,0,1,0,0,1,1,0,1,1
46035,250.685,54.196,181.595,14.895,Curtis Sliwa,503,407,0,1,0,0,0,1,1,0,0,1,0,0,0,1,0,0,1,1,0,1,1
46036,209.315,59.804,144.405,5.105,Curtis Sliwa,784,676,0,1,0,0,0,1,1,0,0,0,0,0,0,1,0,0,1,1,0,1,1
46037,44.809,9.053,33.489,2.268,Curtis Sliwa,1,1,0,0,1,0,0,0,0,0,0,1,0,0,0,0,1,0,1,0,0,1,0
46038,207.094,71.862,129.486,5.745,Curtis Sliwa,1103,877,0,0,0,0,1,1,1,0,0,1,0,0,0,1,0,0,1,1,0,1,1
46039,260.883,106.25,146.041,8.592,Curtis Sliwa,1417,1030,0,1,0,0,0,1,1,0,0,0,0,0,0,1,0,0,1,1,0,1,1
46040,337.871,119.821,206.25,11.8,Curtis Sliwa,1521,1167,0,1,0,0,0,1,1,0,0,0,0,0,0,1,0,0,1,1,0,1,0
46041,259.588,191.134,62.669,5.784,Eric Adams,1090,771,0,0,0,0,1,0,0,0,0,0,0,0,1,0,1,1,1,0,1,0,0
46042,134.756,103.657,26.312,4.787,Eric Adams,1155,814,0,0,0,0,0,0,0,1,0,0,0,0,1,0,1,1,1,0,1,0,0
46043,174.432,127.983,38.856,7.593,Eric Adams,1197,762,0,0,0,0,1,0,0,1,0,0,0,0,1,0,1,1,1,0,1,0,0
46044,198.076,129.09,64.3,4.686,Eric Adams,886,639,0,0,0,0,0,0,1,0,0,0,0,0,1,0,1,1,1,1,1,0,1
46045,127.924,72.91,51.7,3.314,Eric Adams,885,632,0,0,0,0,0,0,1,0,0,0,0,0,1,0,1,1,1,1,1,0,0
46046,171.718,129.675,36.013,6.031,Eric Adams,1071,725,0,0,0,0,0,0,0,0,0,0,0,0,1,0,0,0,1,0,1,0,1
46047,340.91,250.103,84.238,6.569,Eric Adams,1216,868,0,0,0,0,1,0,0,0,0,0,0,0,1,0,1,1,1,0,1,0,0
46048,92.426,66.988,23.565,1.872,Eric Adams,1127,781,0,0,0,0,0,0,0,1,1,0,0,0,1,0,1,1,1,0,1,0,0
46049,236.332,120.796,109.192,6.344,Eric Adams,550,446,0,0,0,0,0,1,1,0,0,0,0,0,1,0,1,0,1,1,1,0,1
46050,225.429,183.705,38.5,3.224,Eric Adams,1015,782,0,0,0,0,1,0,0,1,0,0,0,0,0,0,1,1,0,0,1,0,0
46051,110.881,86.631,20.621,3.628,Eric Adams,968,626,0,0,0,0,0,0,0,1,0,0,0,0,0,0,1,1,0,0,1,0,0
46052,175.69,132.663,38.879,4.148,Eric Adams,985,686,0,0,0,0,1,0,0,0,0,0,0,0,0,0,1,1,0,0,1,0,0
46053,66.922,41.698,19.033,6.191,Eric Adams,1514,1139,0,0,0,0,0,1,0,0,0,0,0,0,0,0,1,1,0,0,1,0,0
46054,211.683,38.162,160.286,13.234,Curtis Sliwa,882,719,0,1,0,0,0,1,1,0,0,0,0,0,0,0,1,0,1,1,0,1,0
46055,238.633,31.603,197.562,9.469,Curtis Sliwa,1364,1086,0,1,0,0,0,1,1,0,0,0,0,0,0,0,1,0,1,1,0,1,0
46056,343.927,87.496,242.97,13.461,Curtis Sliwa,1539,1269,0,1,0,0,0,1,1,0,0,0,1,0,0,0,1,0,1,1,0,1,1
46057,365.65,61.157,293.11,11.382,Curtis Sliwa,815,691,0,1,0,0,0,1,1,0,0,0,1,0,0,0,1,0,1,1,0,1,0
46058,319.877,63.71,246.001,10.166,Curtis Sliwa,777,668,0,1,0,0,0,1,1,0,0,0,1,0,0,0,1,0,1,1,0,1,0
46059,278,51,224,3,Curtis Sliwa,746,651,0,1,0,0,0,1,1,0,0,0,1,0,0,0,1,0,1,1,0,1,0
46060,295.481,70.509,220.817,4.155,Curtis Sliwa,671,577,0,1,0,0,0,1,1,0,0,0,1,0,0,0,1,0,1,1,0,1,0
46061,430.813,103.209,314.076,13.528,Curtis Sliwa,1666,1362,0,1,0,0,0,1,1,0,0,0,1,0,0,0,1,0,1,1,0,1,1
46062,254.839,83.101,163.987,7.752,Curtis Sliwa,845,670,0,1,0,0,0,1,1,0,0,0,1,0,0,0,1,0,1,1,0,1,0
46063,448.12,103.286,327.838,16.995,Curtis Sliwa,686,609,0,1,0,0,0,1,1,0,0,0,1,0,0,0,1,0,1,1,0,1,1
46064,262,57,198,7,Curtis Sliwa,730,610,0,1,0,0,0,1,1,0,0,0,1,0,1,0,1,0,1,1,0,1,1
46065,46.887,9.972,35.431,1.485,Curtis Sliwa,734,609,0,1,0,0,0,1,1,0,0,0,1,0,1,0,1,0,1,1,0,1,1
46066,165.058,45.21,115.236,4.612,Curtis Sliwa,1194,917,0,1,0,0,0,1,1,0,0,0,1,0,1,0,1,0,1,1,0,1,1
46067,192.3,46.379,138.912,7.01,Curtis Sliwa,1228,853,0,1,0,0,0,1,1,0,0,0,0,0,1,0,1,0,1,1,0,1,1
46068,201.77,60.143,133.587,8.04,Curtis Sliwa,1520,1034,0,0,0,1,0,1,1,0,0,0,0,0,1,0,1,0,1,1,0,1,0
46069,291.323,84.952,193.683,12.688,Curtis Sliwa,1071,665,0,0,0,1,0,1,1,0,0,1,0,0,0,0,1,0,0,1,0,1,1
46070,223.967,89.654,125.971,8.342,Curtis Sliwa,1223,859,0,0,0,1,0,1,1,0,0,0,0,0,0,0,1,0,1,1,0,1,1
46071,171.957,86.908,79.209,5.84,Eric Adams,1508,1100,0,0,0,1,0,1,1,0,0,0,0,0,0,0,1,0,1,1,1,0,1
46072,1,0,1,0,Curtis Sliwa,5,1,0,0,0,0,0,1,1,0,0,1,0,0,0,1,0,0,1,1,0,1,0
46073,229,55,168,6,Curtis Sliwa,719,611,0,1,0,0,0,1,1,0,0,0,1,0,1,0,1,0,1,1,0,1,0
46077,96.557,47.74,42.884,5.934,Eric Adams,0,0,0,0,0,0,0,0,0,0,0,0,0,0,0,0,0,0,0,0,1,0,0
47001,170.442,40.679,122.553,7.209,Curtis Sliwa,585,477,0,0,1,0,1,1,1,0,0,1,0,0,0,1,0,0,1,1,0,1,0
47002,340.65,102.551,217.762,20.337,Curtis Sliwa,1659,1162,0,0,0,0,1,1,1,0,0,1,0,1,0,0,1,0,1,1,0,1,0
47003,190.085,50.083,130.677,9.325,Curtis Sliwa,657,511,0,0,1,0,1,1,1,0,0,1,0,0,0,1,0,0,1,1,0,1,0
47004,238.662,86.829,140.469,11.364,Curtis Sliwa,1118,834,0,0,0,0,1,1,1,0,0,1,0,0,0,0,1,0,1,1,0,1,0
47005,361.772,114.097,235.684,11.992,Curtis Sliwa,1347,1003,0,0,1,0,1,1,1,0,0,1,0,0,0,0,1,1,1,1,0,1,0
47006,102.691,38.374,59.453,4.864,Curtis Sliwa,621,463,0,0,0,0,1,1,1,0,0,1,0,0,0,0,1,0,1,1,0,1,0
47007,249,71,169,9,Curtis Sliwa,1015,802,0,0,1,0,1,1,1,0,0,1,0,0,0,0,1,0,0,1,0,1,1
47008,127.244,45.573,74.618,7.053,Curtis Sliwa,609,453,0,0,0,1,1,1,1,0,0,1,0,0,0,0,1,0,1,1,0,1,0
47009,186.058,56.544,120.788,8.726,Curtis Sliwa,1221,872,0,0,0,0,1,1,0,0,0,1,0,0,1,0,1,0,1,1,0,1,0
47010,150.799,69.65,73.317,7.832,Curtis Sliwa,1132,850,0,0,0,1,0,1,1,0,0,0,0,0,1,0,1,0,1,1,0,1,1
47011,244.186,82.106,154.375,7.706,Curtis Sliwa,1141,874,0,0,0,1,1,1,1,0,0,1,0,0,0,0,1,0,1,1,0,1,1
47012,300.043,111.667,175.439,12.937,Curtis Sliwa,1512,1120,0,0,0,0,1,1,1,0,0,1,0,0,0,0,1,0,1,1,0,1,0
47013,185.261,73.974,105.507,5.78,Curtis Sliwa,980,719,0,0,0,0,1,1,1,0,0,1,0,0,0,0,1,0,1,1,0,1,0
47014,331.157,120.943,194.215,15.999,Curtis Sliwa,1741,1266,0,0,0,0,1,1,1,0,0,1,0,0,0,0,1,0,1,1,0,1,0
47015,111.575,34.351,74.553,2.671,Curtis Sliwa,619,441,0,0,0,0,1,1,1,0,0,1,0,0,0,0,1,1,1,1,0,1,0
47016,137.556,44.596,82.911,10.05,Curtis Sliwa,617,484,0,0,0,0,1,1,1,0,0,1,0,0,0,0,1,0,0,1,0,1,1
47017,42,14,28,0,Curtis Sliwa,190,136,0,0,0,0,1,1,1,0,0,1,0,0,0,0,1,0,1,1,0,1,0
47018,91.724,28.747,58.329,4.648,Curtis Sliwa,314,249,0,0,0,0,1,1,0,0,0,1,0,0,0,0,1,0,1,1,0,1,0
47019,168.15,57.883,98.602,11.665,Curtis Sliwa,940,633,0,0,0,0,1,1,1,0,0,1,0,0,0,0,1,0,1,1,0,1,0
47020,270.209,82.627,172.415,15.167,Curtis Sliwa,1528,1089,0,0,0,0,1,1,0,0,0,1,0,0,0,0,1,0,0,1,0,1,0
47021,201,79,108,14,Curtis Sliwa,1164,816,0,0,0,0,1,1,1,0,0,1,0,0,0,0,1,0,1,1,0,1,0
47022,177,47,120,10,Curtis Sliwa,984,715,0,0,0,0,1,1,1,0,0,1,0,0,0,0,1,0,1,1,0,1,0
47023,263.14,97.887,149.243,16.011,Curtis Sliwa,1703,1197,0,0,0,0,1,1,1,0,0,1,0,0,0,0,1,1,0,1,0,1,0
47024,151.966,60.347,81.59,10.029,Curtis Sliwa,1251,880,0,0,0,0,1,1,1,0,0,1,0,0,0,0,1,0,1,1,0,1,0
47025,187.506,54.52,116.031,16.954,Curtis Sliwa,1276,900,0,0,0,0,1,1,1,0,0,0,0,0,0,0,1,1,1,1,0,1,0
47026,312.406,106.27,190.196,15.941,Curtis Sliwa,1545,1081,0,0,0,0,1,1,1,0,0,1,0,0,0,0,1,0,0,1,0,1,0
47027,324.387,92.196,217.949,14.242,Curtis Sliwa,1601,1171,0,0,0,0,1,1,1,0,0,1,0,0,0,0,1,1,0,1,0,1,0
47028,104,39,61,4,Curtis Sliwa,598,423,0,0,1,0,1,1,1,0,0,1,0,0,0,1,0,1,0,1,0,1,0
47029,191.362,81.355,106.633,3.374,Curtis Sliwa,1287,886,0,0,0,0,1,1,1,0,0,1,0,0,0,0,1,0,1,1,0,1,0
47030,170.364,44.683,118.874,6.806,Curtis Sliwa,708,505,0,0,1,0,1,1,0,0,0,1,0,0,0,1,0,0,1,1,0,1,0
47031,57.591,16.284,38.527,2.78,Curtis Sliwa,308,234,0,0,0,0,1,1,1,0,0,1,0,0,0,0,1,1,1,1,0,1,0
47032,151.246,46.716,97.309,7.22,Curtis Sliwa,904,648,0,0,0,0,1,1,1,0,0,0,0,0,1,0,1,0,1,1,0,1,0
47033,297.619,80.64,203.071,13.907,Curtis Sliwa,1581,1188,0,1,0,0,1,1,1,0,0,0,0,0,0,0,1,0,1,1,0,1,0
47034,279.419,106.756,157.612,15.051,Curtis Sliwa,1674,1254,0,0,0,0,1,1,1,0,0,1,0,0,0,0,1,0,1,1,0,1,0
47035,214.223,63.434,144.509,6.279,Curtis Sliwa,1281,886,0,0,0,0,1,1,1,0,0,1,0,0,0,0,1,0,1,1,0,1,0
47036,179.655,63.901,108.527,7.227,Curtis Sliwa,1073,768,0,0,0,0,1,1,1,0,0,1,0,0,0,0,1,0,1,1,0,1,0
47037,188.788,70.422,109.806,8.56,Curtis Sliwa,1067,761,0,0,0,0,1,1,1,0,0,1,0,0,0,0,1,1,1,1,0,1,0
47038,208.458,66.533,129.561,12.364,Curtis Sliwa,1065,787,0,0,0,0,1,1,1,0,0,1,0,0,0,0,1,1,1,1,0,1,0
47039,119.867,38.893,74.451,6.523,Curtis Sliwa,979,737,0,0,0,0,1,1,0,0,0,1,0,0,0,0,1,0,1,1,0,1,0
47040,78.285,21.158,53.601,3.526,Curtis Sliwa,380,284,0,0,0,0,1,1,1,0,0,1,0,0,0,1,0,0,1,1,0,1,0
47041,88.693,36.284,49.722,2.688,Curtis Sliwa,445,333,0,0,0,0,1,1,1,0,0,1,0,0,0,1,0,1,1,1,0,1,0
47042,194,148,38,8,Eric Adams,1361,929,0,0,0,0,1,0,0,1,0,0,0,0,1,0,1,0,1,0,1,0,0
47043,238.886,76.885,148.426,13.575,Curtis Sliwa,1497,1096,0,0,0,0,1,1,0,0,0,1,0,0,0,0,1,0,1,1,0,1,0
47044,243.993,85.016,148.379,10.599,Curtis Sliwa,1690,1200,0,0,0,0,1,1,0,0,0,1,0,0,0,0,1,1,1,1,0,1,0
47045,332.209,102.567,213.083,16.559,Curtis Sliwa,1651,1228,0,0,0,0,1,1,0,0,0,1,0,0,0,0,1,1,0,1,0,1,0
47046,200.644,65.157,124.331,11.156,Curtis Sliwa,1210,859,0,0,0,0,1,1,1,0,0,1,0,0,0,0,1,1,1,1,0,1,0
47047,211.624,82.446,119.933,9.245,Curtis Sliwa,1463,1053,0,0,0,0,1,1,1,0,0,1,0,0,0,0,1,1,1,1,0,1,0
47048,80.57,34.586,43.588,2.396,Curtis Sliwa,429,298,0,0,0,0,1,1,1,0,0,1,0,0,0,0,1,0,1,1,0,1,0
47049,263.609,84.703,164.568,14.338,Curtis Sliwa,1559,1092,0,0,0,0,1,1,0,0,0,1,0,0,0,0,1,1,1,1,0,1,0
47050,425.921,118.82,284.876,22.225,Curtis Sliwa,1595,1218,0,0,1,0,1,1,1,0,0,1,0,0,0,1,0,0,1,1,0,1,0
47051,100.559,30.497,65.398,4.664,Curtis Sliwa,183,138,0,0,0,0,1,1,0,0,0,1,0,0,0,0,1,0,1,1,0,1,0
47052,104.805,27.382,74.591,2.833,Curtis Sliwa,807,550,0,0,0,0,1,1,1,0,0,1,0,0,0,0,1,0,1,1,0,1,0
47053,132.339,44.66,79.191,8.489,Curtis Sliwa,979,694,0,0,0,0,1,1,1,0,0,1,0,0,0,0,1,0,1,1,0,1,0
47054,197.571,66.905,120.787,9.879,Curtis Sliwa,1179,833,0,0,0,0,1,1,1,0,0,1,0,0,0,1,0,0,1,1,0,1,0
47055,53.651,21.948,30.077,1.626,Curtis Sliwa,146,109,0,0,0,0,1,1,0,0,0,1,0,0,0,1,0,1,1,1,0,1,0
47056,36,16,18,2,Curtis Sliwa,141,99,0,0,1,0,1,1,1,0,0,1,0,0,0,0,1,0,0,1,0,1,0
47057,4.814,1.808,2.989,0.016,Curtis Sliwa,0,0,0,0,0,0,0,0,0,0,0,0,0,0,0,0,0,0,0,1,0,1,0
48001,102,16,82,4,Curtis Sliwa,554,345,0,1,0,0,1,1,0,0,0,1,0,0,0,0,1,1,0,1,0,1,0
48002,175.259,59.255,107.345,8.66,Curtis Sliwa,1118,838,0,1,0,0,0,1,1,0,0,0,0,0,0,0,1,1,0,1,0,1,0
48003,174.568,65.04,103.064,6.464,Curtis Sliwa,1240,899,0,1,0,0,0,1,1,0,0,0,0,0,0,0,1,1,1,1,0,1,0
48004,249.473,85.29,159.877,4.306,Curtis Sliwa,1495,1161,0,1,0,0,0,1,1,0,0,0,0,0,0,0,1,1,0,1,0,1,0
48005,152.51,67.147,77.615,7.748,Curtis Sliwa,831,696,0,1,0,0,0,0,1,0,0,0,0,0,0,0,1,1,0,1,0,1,0
48006,270.941,102.271,153.919,14.751,Curtis Sliwa,1798,1398,0,1,0,0,0,0,1,0,0,0,0,0,0,0,1,1,0,1,0,1,0
48007,233.633,91.651,127.984,13.998,Curtis Sliwa,1487,1235,0,1,0,0,0,0,1,0,0,0,0,0,1,0,1,1,0,1,0,1,0
48008,241.456,108.839,121.561,11.056,Curtis Sliwa,1376,1125,0,1,0,0,0,0,1,0,0,0,0,0,0,0,1,1,0,1,0,1,0
48009,146.823,49.409,92.182,5.232,Curtis Sliwa,1033,862,0,1,0,0,0,0,1,0,0,0,0,0,0,0,1,1,0,1,0,1,0
48010,180.56,81.761,89.983,8.817,Curtis Sliwa,1392,1109,0,1,0,0,0,0,1,0,0,0,0,0,0,0,1,1,0,1,0,1,0
48011,124.818,49.207,67.81,7.801,Curtis Sliwa,630,497,0,1,0,0,0,0,1,0,0,0,0,0,0,0,1,1,0,1,0,1,0
48012,127,50,74,3,Curtis Sliwa,780,600,0,1,0,0,0,0,1,0,0,0,0,0,0,0,1,1,0,1,0,1,0
48013,281.45,115.302,154.092,12.057,Curtis Sliwa,1387,1069,0,1,0,0,0,0,1,0,0,0,0,0,0,0,1,1,1,1,0,1,0
48014,106.345,50.163,50.832,5.351,Curtis Sliwa,681,545,0,1,0,1,0,1,1,0,0,0,0,0,0,0,1,1,1,1,0,1,1
48015,388.51,159.059,217.926,11.526,Curtis Sliwa,1526,1243,0,1,0,0,0,1,1,0,0,0,0,0,0,0,1,0,1,1,0,1,1
48016,314.144,143.779,160.242,10.123,Curtis Sliwa,1661,1287,0,1,0,1,0,1,1,0,0,0,0,0,0,0,1,0,1,1,0,1,1
48017,14.92,7.159,7.28,0.481,Curtis Sliwa,40,33,0,1,0,1,1,0,1,0,0,0,0,0,0,1,0,1,1,0,0,1,0
48018,83.182,32.793,45.19,5.199,Curtis Sliwa,548,451,0,1,0,1,0,0,1,0,0,1,0,0,0,0,1,1,0,1,0,1,0
48019,306.802,128.932,168.459,9.411,Curtis Sliwa,1137,926,0,1,0,1,0,1,1,0,0,0,0,0,0,0,1,0,1,1,0,1,1
48020,255.025,126.624,119.371,9.03,Eric Adams,1115,868,0,1,0,1,0,1,1,0,0,0,1,0,0,0,1,0,1,1,1,0,0
48021,68,35,32,1,Eric Adams,498,369,0,1,0,1,0,1,0,0,0,0,0,0,0,0,1,1,1,1,1,0,0
48022,61.436,34.464,25.474,1.498,Eric Adams,246,187,0,1,0,0,0,1,1,0,0,0,0,0,0,0,1,1,1,1,1,0,0
48023,370.74,182.502,169.317,18.921,Eric Adams,1603,1224,0,1,0,1,1,0,1,0,0,1,0,0,0,0,1,1,1,1,1,0,0
48024,230,131,93,6,Eric Adams,1114,835,0,1,0,1,0,0,1,0,0,0,0,0,0,0,1,1,1,1,1,0,0
48025,430.468,200.226,211.849,18.393,Curtis Sliwa,1420,1099,0,1,0,0,0,0,1,0,0,0,1,0,0,0,1,0,1,1,0,1,0
48026,335.885,123.806,203.449,8.63,Curtis Sliwa,1431,1118,0,1,0,0,0,1,1,0,0,0,0,0,0,0,1,1,1,1,0,1,1
48027,210.068,102.652,96.417,11,Eric Adams,1117,810,0,1,0,0,0,0,1,0,0,0,0,0,0,0,1,1,1,1,1,0,0
48028,232.353,111.519,109.188,11.646,Eric Adams,1183,865,0,1,0,1,0,1,1,0,0,0,0,0,0,0,1,1,1,1,1,0,0
48029,264.208,125.197,131.265,7.745,Curtis Sliwa,1186,943,0,1,0,0,0,1,1,0,0,0,1,0,0,0,1,0,1,1,0,1,1
48030,296.239,136.643,152.139,7.457,Curtis Sliwa,972,828,0,1,0,0,0,1,1,0,0,0,0,0,0,0,1,1,1,1,0,1,1
48031,53,20,31,2,Curtis Sliwa,171,140,0,1,0,0,0,0,1,0,0,0,1,0,0,0,1,1,1,1,0,1,0
48032,209,109,99,1,Eric Adams,946,722,0,1,0,0,0,1,1,0,0,0,0,0,0,0,1,1,0,1,1,0,1
48033,265.841,106.091,145.957,13.792,Curtis Sliwa,1223,973,0,1,0,0,0,1,1,0,0,0,0,0,0,0,1,1,0,1,0,1,1
48034,130.379,59.078,63.176,8.125,Curtis Sliwa,824,637,0,1,0,0,0,0,1,0,0,0,0,0,0,0,1,1,1,1,0,1,0
48035,386.754,180.846,190.908,15,Curtis Sliwa,1153,935,0,1,0,0,0,1,1,0,0,0,1,0,0,1,0,0,1,1,0,1,1
48036,213.382,65.893,135.243,12.246,Curtis Sliwa,999,748,0,1,0,0,1,1,1,0,0,1,0,0,0,1,0,0,1,1,0,1,0
48037,134.485,43.571,88.241,2.673,Curtis Sliwa,754,633,0,1,0,0,0,1,1,0,0,0,0,0,1,0,1,0,1,1,0,1,0
48038,289.526,113.031,171.649,4.846,Curtis Sliwa,1475,1214,0,1,0,0,0,1,1,0,0,0,1,0,0,1,0,1,0,1,0,1,1
48039,314.355,94.992,210.919,8.444,Curtis Sliwa,1442,1146,0,1,0,0,0,1,1,0,0,0,0,0,0,0,1,0,0,1,0,1,0
48040,280.761,109.29,162.469,9.002,Curtis Sliwa,1675,1336,0,1,0,0,0,1,1,0,0,0,0,0,0,0,1,1,0,1,0,1,0
48041,323.457,134.231,177.525,11.701,Curtis Sliwa,1487,1183,0,1,0,0,0,1,1,0,0,0,0,0,0,0,1,1,1,1,0,1,0
48042,264.475,104.686,147.948,11.841,Curtis Sliwa,1365,1044,0,1,0,0,0,0,1,0,0,0,0,0,0,0,1,1,1,1,0,1,0
48043,201.463,77.172,117.194,7.096,Curtis Sliwa,1112,885,0,1,0,0,0,1,1,0,0,0,0,0,0,0,1,0,0,1,0,1,0
48044,181.755,73.406,101.13,7.219,Curtis Sliwa,998,781,0,1,0,0,0,1,1,0,0,0,0,0,0,1,0,1,1,1,0,1,0
48045,240.476,79.178,155.326,5.972,Curtis Sliwa,1454,1161,0,1,0,0,0,1,1,0,0,0,0,0,0,0,1,1,0,1,0,1,0
48046,192.095,59.959,125.132,7.004,Curtis Sliwa,1397,1072,0,1,0,0,0,1,1,0,0,0,0,0,0,0,1,1,0,1,0,1,0
48047,241.314,84.72,148.051,8.543,Curtis Sliwa,1430,1159,0,1,0,0,0,1,1,0,0,0,0,0,0,0,1,1,0,1,0,1,0
48048,240.383,107.563,120.318,12.502,Curtis Sliwa,1650,1325,0,1,0,0,0,0,1,0,0,0,0,0,1,0,1,1,0,1,0,1,0
48049,225.505,74.14,140.983,10.382,Curtis Sliwa,1353,1041,0,1,0,0,0,1,1,0,0,0,0,0,0,0,1,1,1,1,0,1,0
48050,146.65,50.699,88.374,7.577,Curtis Sliwa,989,762,0,1,0,0,0,0,1,0,0,0,0,0,0,0,1,1,0,1,0,1,0
48051,145.689,58.134,80.089,7.466,Curtis Sliwa,1158,845,0,1,0,0,0,0,1,0,0,0,0,0,1,0,1,1,0,1,0,1,0
48052,119.045,43.702,72.136,3.208,Curtis Sliwa,798,633,0,1,0,0,0,0,1,0,0,0,0,0,0,0,1,1,1,1,0,1,0
48053,19.199,8.068,10.542,0.589,Curtis Sliwa,0,0,0,0,0,0,0,0,0,0,0,0,0,0,0,0,0,0,0,1,0,1,0
49001,156.916,67.004,84.55,5.362,Curtis Sliwa,944,613,0,0,0,0,1,1,0,0,0,1,0,0,0,0,1,1,0,0,0,1,0
49002,38.501,15.583,21.832,1.086,Curtis Sliwa,175,134,0,1,0,1,0,0,1,0,0,0,0,0,0,0,1,0,1,1,0,1,0
49003,46.897,18.796,27.5,0.601,Curtis Sliwa,172,127,0,1,0,0,0,1,0,1,0,0,0,0,0,0,1,0,1,1,0,1,0
49004,106,50,51,5,Curtis Sliwa,719,440,0,0,0,0,1,1,0,0,0,1,0,0,0,0,1,0,0,1,0,1,0
49005,109.674,50.07,57.137,2.467,Curtis Sliwa,745,355,0,0,0,0,1,1,0,0,0,1,0,0,0,0,1,1,1,1,0,1,0
49006,143.325,72.329,67.662,3.333,Eric Adams,1336,631,0,0,0,0,1,1,0,0,0,1,0,0,0,0,1,0,1,1,1,0,0
49007,158,56,100,2,Curtis Sliwa,1259,669,0,0,0,0,1,1,0,0,0,1,0,0,0,0,1,0,1,1,0,1,0
49008,158.009,78.171,72.004,7.834,Eric Adams,1242,672,0,0,0,0,1,1,0,0,0,1,0,0,0,0,1,0,1,1,1,0,0
49009,137.395,59.123,71.583,6.689,Curtis Sliwa,1329,647,0,0,0,0,1,1,0,0,0,1,0,0,0,0,1,1,0,1,0,1,0
49010,125.439,45.412,75.024,5.004,Curtis Sliwa,1091,567,0,0,0,0,1,1,0,0,0,1,0,0,0,0,1,0,0,1,0,1,0
49011,165.483,57.494,99.24,8.749,Curtis Sliwa,1284,628,0,0,0,0,1,1,0,0,0,1,0,0,0,0,1,0,1,1,0,1,0
49012,186.582,66.005,110.726,9.851,Curtis Sliwa,1172,653,0,0,0,0,1,1,0,0,0,1,0,0,1,0,1,0,1,1,0,1,0
49013,46.004,18.987,25.537,1.48,Curtis Sliwa,169,96,0,0,0,1,1,1,0,0,0,1,0,0,0,0,1,1,0,1,0,1,1
49014,59.667,22.342,35.526,1.799,Curtis Sliwa,544,346,0,0,0,0,1,1,0,0,0,1,0,0,0,0,1,1,0,1,0,1,0
49015,186.3,58.565,122.229,5.506,Curtis Sliwa,1071,667,0,0,0,0,1,1,0,0,0,1,0,0,0,0,1,0,1,1,0,1,0
49016,186.298,84.05,98.207,4.041,Curtis Sliwa,1185,802,0,0,0,0,1,1,0,0,0,1,0,0,0,0,1,0,0,1,0,1,0
49017,261.392,95.757,149.173,16.461,Curtis Sliwa,1660,1185,0,0,0,0,1,1,0,0,0,1,0,0,0,0,1,1,1,1,0,1,0
49018,191.637,78.084,103.883,9.671,Curtis Sliwa,1321,962,0,0,0,1,1,1,0,0,0,1,0,0,0,0,1,1,0,1,0,1,0
49019,204.256,76.058,123.599,4.599,Curtis Sliwa,1142,788,0,0,0,0,1,1,1,0,0,1,0,0,0,0,1,1,0,1,0,1,0
49020,146.694,33.807,104.907,7.981,Curtis Sliwa,430,343,0,0,1,0,1,1,1,0,0,0,1,0,0,1,0,0,1,1,0,1,0
49021,142.273,44.001,92.353,5.919,Curtis Sliwa,778,535,0,1,0,0,1,1,1,0,0,1,0,0,0,1,0,0,1,1,0,1,0
49022,148.469,55.996,87.196,5.277,Curtis Sliwa,894,597,0,0,0,0,1,1,1,0,0,1,0,0,0,0,1,1,1,1,0,1,0
49023,211.996,76.674,123.072,12.25,Curtis Sliwa,1028,742,0,0,0,0,1,1,0,0,0,1,0,0,0,0,1,0,1,1,0,1,0
49024,196.776,67.67,119.871,9.234,Curtis Sliwa,1225,859,0,0,0,0,1,1,1,0,0,1,0,0,0,0,1,1,1,1,0,1,0
49025,269.191,110.724,143.111,15.357,Curtis Sliwa,1249,920,0,0,0,0,1,1,0,0,0,1,0,0,0,0,1,0,1,1,0,1,0
49026,212.541,70.812,129.658,12.071,Curtis Sliwa,1309,902,0,0,0,0,1,1,0,0,0,1,0,0,0,0,1,1,1,1,0,1,0
49027,259.254,74.479,176.644,8.13,Curtis Sliwa,1288,940,0,0,1,0,1,1,1,0,0,1,0,0,0,0,1,1,1,1,0,1,0
49028,185.87,56.562,122.937,6.371,Curtis Sliwa,970,714,0,0,1,0,1,1,1,0,0,1,0,0,0,0,1,0,1,1,0,1,0
49029,142.876,55.958,82.419,4.499,Curtis Sliwa,796,580,0,0,0,0,1,1,1,0,0,1,0,0,0,0,1,0,1,1,0,1,0
49030,280,96.583,171.89,11.527,Curtis Sliwa,1314,917,0,0,0,0,1,1,0,0,0,1,0,0,0,0,1,0,1,1,0,1,0
49031,260.788,87.337,158.174,15.278,Curtis Sliwa,1586,1088,0,0,0,0,1,1,1,0,0,1,0,0,0,0,1,0,0,1,0,1,0
49032,233.855,73.435,145.823,14.598,Curtis Sliwa,1244,892,0,0,1,0,1,1,1,0,0,1,0,0,0,1,0,1,0,1,0,1,0
49033,301.549,82.751,208.467,10.331,Curtis Sliwa,1430,1029,0,0,1,0,1,1,1,0,0,1,0,0,0,1,0,1,1,1,0,1,0
49034,169.575,58.959,97.646,12.97,Curtis Sliwa,809,553,0,0,0,0,1,1,0,0,0,1,0,0,0,0,1,0,1,1,0,1,0
49035,337.276,91.922,230.163,15.191,Curtis Sliwa,1142,878,0,0,1,0,1,1,1,0,0,1,0,0,0,1,0,0,1,1,0,1,0
49036,358.594,93.992,248.103,16.499,Curtis Sliwa,990,786,0,0,1,0,1,1,1,0,0,1,0,0,0,1,0,1,1,1,0,1,0
49037,362.003,108.501,231.002,22.5,Curtis Sliwa,1379,1082,0,0,1,0,1,1,1,0,0,1,0,0,0,0,1,0,1,1,0,1,0
49038,217.456,84.194,123.258,10.004,Curtis Sliwa,1089,702,0,0,0,0,1,1,1,0,0,1,0,0,0,0,1,0,1,1,0,1,0
49039,344.924,108.856,222.653,13.415,Curtis Sliwa,1525,1124,0,0,1,0,1,1,1,0,0,1,0,0,0,0,1,0,1,1,0,1,0
49040,327.735,95.353,213.387,18.995,Curtis Sliwa,1312,975,0,0,1,0,1,1,1,0,0,1,0,0,0,1,0,0,1,1,0,1,0
49041,427.489,131.621,277.126,18.742,Curtis Sliwa,1639,1202,0,0,1,0,1,1,1,0,0,1,0,0,0,1,0,1,1,1,0,1,0
49042,216.486,69.005,139.718,7.764,Curtis Sliwa,862,633,0,0,1,0,1,1,1,0,0,1,1,0,0,1,0,0,1,1,0,1,0
49043,209.359,72.904,126.473,9.982,Curtis Sliwa,1050,694,0,0,0,1,1,1,1,0,0,1,0,0,0,1,0,0,1,1,0,1,1
49044,117.687,51.577,62.496,3.613,Curtis Sliwa,589,372,0,0,0,0,1,1,0,0,0,1,0,0,0,0,1,1,0,1,0,1,0
49045,98.776,38.138,53.093,7.546,Curtis Sliwa,541,323,0,0,0,0,1,1,0,0,0,1,0,0,0,0,1,1,0,1,0,1,1
49046,50.82,10.421,39.113,1.286,Curtis Sliwa,23,14,0,0,0,1,1,1,0,0,0,1,0,0,0,0,1,1,0,1,0,1,0
49047,135.68,42.939,86.073,6.668,Curtis Sliwa,1019,619,0,0,0,0,1,1,0,0,0,1,0,0,0,0,1,0,1,1,0,1,0
49048,25.041,5.008,20.033,0,Curtis Sliwa,227,163,0,1,0,0,1,1,1,0,0,0,0,0,0,1,0,0,1,1,0,1,0
49049,112.359,39.387,67.198,5.774,Curtis Sliwa,386,257,0,0,1,0,1,1,1,0,0,0,0,0,0,1,0,0,1,1,0,1,0
49050,192.739,64.114,118.733,9.891,Curtis Sliwa,944,667,0,0,0,0,1,1,1,0,0,1,0,0,0,0,1,0,1,1,0,1,0
49051,97.63,37.411,58.018,2.201,Curtis Sliwa,621,475,0,1,0,0,0,1,0,0,0,0,0,0,0,0,1,0,1,1,0,1,0
49052,83.049,33.823,43.625,5.601,Curtis Sliwa,516,301,0,0,0,0,1,1,0,0,0,1,0,0,0,0,1,1,0,1,0,1,0
49053,29.807,11.203,18.004,0.6,Curtis Sliwa,2,1,0,0,0,0,0,0,0,1,0,0,0,0,0,0,1,0,1,1,0,1,0
49054,16.454,4.823,10.638,0.993,Curtis Sliwa,0,0,0,0,0,0,0,0,0,0,0,0,0,0,0,0,0,0,0,0,0,1,0
49055,7.208,2.723,4.165,0.32,Curtis Sliwa,0,0,0,0,0,0,0,0,0,0,0,0,0,0,0,0,0,0,0,0,0,1,0
50001,336.172,255.938,49.799,30.436,Eric Adams,2234,2065,0,0,0,0,0,0,1,0,0,0,0,0,0,0,0,0,0,0,1,0,1
50002,213.3,156.667,34.741,21.892,Eric Adams,1837,1529,0,0,0,0,0,0,1,0,0,0,0,1,0,0,1,0,0,0,1,0,1
50003,343.491,246.368,57.457,39.667,Eric Adams,1832,1580,0,0,0,0,0,0,1,0,0,0,1,1,0,0,1,0,0,0,1,0,1
50004,400.226,285.913,76.572,37.741,Eric Adams,1530,1306,0,0,0,0,0,0,1,0,0,0,1,1,0,0,1,1,0,0,1,0,1
50005,203.89,138.373,42.953,22.564,Eric Adams,1540,1332,0,0,1,0,0,0,1,0,0,0,1,1,0,0,1,0,0,0,1,0,1
50006,245.75,175.942,48.337,21.471,Eric Adams,1307,1057,0,0,1,0,0,0,1,0,0,0,1,0,0,0,1,0,0,0,1,0,0
50007,272.121,205.54,48.824,17.757,Eric Adams,1302,1127,0,0,1,0,0,0,1,0,0,0,1,0,0,0,1,0,0,0,1,0,1
50008,391.346,263.896,90.864,36.586,Eric Adams,1718,1521,0,0,1,0,0,0,1,0,0,0,1,1,0,0,1,1,0,0,1,0,1
50009,325.735,263.685,45.933,16.116,Eric Adams,755,673,0,0,0,0,0,0,1,0,0,0,1,1,0,0,1,1,0,0,1,0,1
50010,159.62,108.994,36.331,14.294,Eric Adams,744,615,0,0,1,0,0,0,1,0,0,0,1,0,0,0,1,1,0,0,1,0,1
50011,349.283,232.661,88.446,28.176,Eric Adams,1013,866,0,0,0,0,0,0,1,0,0,0,1,0,0,0,1,1,0,0,1,0,1
50012,196.165,169.089,13.507,13.569,Eric Adams,952,875,0,0,0,0,0,0,1,0,0,0,1,1,0,0,1,1,0,0,1,0,1
50013,216.693,150.611,47.586,18.496,Eric Adams,1224,1020,0,0,0,0,0,0,1,0,0,0,1,1,0,0,1,1,0,0,1,0,1
50014,360.667,249.247,79.497,31.923,Eric Adams,1475,1274,0,0,0,0,0,0,1,0,0,0,1,1,0,0,1,1,0,0,1,0,1
50015,301.411,211.63,62.07,27.711,Eric Adams,1214,1024,0,0,1,0,0,0,1,0,0,0,1,1,0,0,1,1,0,0,1,0,0
50016,352.412,220.3,101.237,30.875,Eric Adams,1406,1173,0,0,1,0,0,0,1,0,0,0,1,1,0,0,1,1,0,0,1,0,1
50017,371.429,207.043,115.937,48.449,Eric Adams,1516,1317,0,0,0,0,0,0,1,0,0,0,1,0,0,0,1,0,0,0,1,0,0
50018,288.11,180.424,81.641,26.045,Eric Adams,1292,1094,0,0,0,0,0,0,1,0,0,0,1,0,0,0,1,1,0,0,1,0,1
50019,268.377,152.265,85.887,30.225,Eric Adams,1564,1337,0,0,1,0,0,0,1,0,0,0,1,0,0,0,1,0,0,0,1,0,1
50020,263.317,165.462,73.65,24.205,Eric Adams,1436,1281,0,0,1,0,0,0,1,0,0,0,1,1,0,0,1,0,0,0,1,0,1
50021,351.641,222.104,95.653,33.884,Eric Adams,1355,1159,0,0,0,0,0,0,1,0,0,0,1,1,0,0,1,1,0,0,1,0,1
50022,288.34,229.398,32.21,26.732,Eric Adams,1346,1192,0,0,0,0,0,0,1,0,0,0,1,0,0,0,1,1,0,0,1,0,1
50023,220.284,182.049,23.65,14.584,Eric Adams,1347,1200,0,0,0,0,0,0,1,0,0,0,1,1,0,0,1,0,0,0,1,0,0
50024,109.277,86.705,15.559,7.013,Eric Adams,1018,916,0,0,0,0,0,0,1,0,0,0,1,1,0,0,1,1,0,0,1,0,0
50025,215.941,175.243,24.549,16.15,Eric Adams,1129,976,0,0,0,0,0,0,1,0,0,0,1,1,0,0,1,1,0,0,1,0,0
50026,114.065,94.049,13.891,6.125,Eric Adams,1800,1600,0,0,1,0,0,0,1,0,0,0,1,1,0,0,1,1,0,0,1,0,0
50027,65.943,49.782,11.974,4.187,Eric Adams,1310,1166,0,0,0,0,0,0,1,0,0,0,1,1,0,0,1,1,0,0,1,0,1
50028,161.492,124.752,27.278,9.461,Eric Adams,721,608,0,0,1,0,0,0,1,0,0,0,1,1,0,0,1,1,0,0,1,0,0
50029,200.875,157.062,30.786,13.028,Eric Adams,1540,1375,0,0,0,0,0,0,1,0,0,0,1,1,0,0,1,1,0,0,1,0,1
50030,197.446,163.056,26.195,8.195,Eric Adams,1237,1159,0,0,0,0,0,0,1,0,0,0,1,1,0,0,1,1,0,0,1,0,1
50031,47.88,41.199,2.505,4.176,Eric Adams,857,781,0,0,0,0,0,0,1,0,0,0,1,1,0,0,1,1,0,0,1,0,1
50032,145.383,115.358,22.123,7.901,Eric Adams,995,869,0,1,0,0,0,0,1,0,0,0,1,1,0,0,1,1,0,0,1,0,1
50033,136.558,107.756,21.284,7.518,Eric Adams,1417,1213,0,1,0,0,0,0,1,0,0,0,0,0,0,0,1,1,0,1,1,0,1
50034,227,164,56,7,Eric Adams,1756,1301,0,1,0,0,0,0,1,0,0,0,0,0,0,0,1,1,0,1,1,0,0
50035,171.446,109.651,54.795,7,Eric Adams,1346,923,1,1,0,0,0,0,0,0,0,0,0,0,1,0,1,1,1,1,1,0,0
50036,142,102,37,3,Eric Adams,924,627,0,1,0,0,0,0,1,0,0,0,0,0,1,0,1,1,1,1,1,0,0
50037,172.114,125.454,42.878,3.782,Eric Adams,1760,1148,0,1,0,0,0,0,1,0,0,0,0,0,1,0,1,1,1,1,1,0,1
50038,192.026,144.022,42.003,6,Eric Adams,1277,885,0,1,0,0,0,0,0,1,0,0,0,0,1,0,1,1,1,1,1,0,0
50039,72.613,40.392,29.042,3.178,Eric Adams,922,643,0,1,0,0,0,0,1,0,0,0,0,0,1,0,1,1,0,1,1,0,0
50040,146,92,50,4,Eric Adams,1347,954,0,1,0,0,0,0,1,0,0,0,0,0,0,0,1,1,0,1,1,0,0
50041,145.756,97.67,42.985,5.101,Eric Adams,1290,896,0,1,0,0,0,0,1,0,0,0,0,0,0,0,0,1,0,1,1,0,0
50042,88.63,45.712,37.192,5.726,Eric Adams,1213,792,0,1,0,0,0,0,1,0,0,0,0,0,1,0,1,1,1,1,1,0,0
50043,70.536,37.666,31.138,1.731,Eric Adams,1066,695,0,1,0,0,0,0,1,0,0,0,0,0,1,0,1,1,1,1,1,0,0
50044,139.693,82.108,49.653,7.932,Eric Adams,1327,1018,0,1,0,0,0,0,1,0,0,0,0,0,1,0,1,1,0,1,1,0,0
50045,104.729,45.428,53.012,6.289,Curtis Sliwa,1392,1001,0,1,0,0,0,0,1,0,0,0,0,0,1,0,1,1,0,1,0,1,0
50046,63.51,29.183,28.851,5.476,Eric Adams,1517,1147,0,1,0,0,0,0,1,0,0,0,0,0,0,0,1,1,0,1,1,0,0
50047,84.867,38.305,42.112,4.45,Curtis Sliwa,1199,795,0,1,0,0,0,0,1,0,0,0,0,0,1,0,1,1,1,1,0,1,0
50048,84.56,46.111,35.483,2.966,Eric Adams,1328,946,0,1,0,0,0,0,1,0,0,0,0,0,0,0,1,1,0,1,1,0,1
50049,66.997,36.72,28.054,2.223,Eric Adams,1073,722,0,1,0,0,0,0,1,0,0,0,0,0,1,0,1,1,1,1,1,0,1
50050,159.842,128.71,21.457,9.674,Eric Adams,1426,1130,0,1,0,0,0,0,1,0,0,0,1,1,0,0,1,1,0,0,1,0,1
50051,210.444,165.96,22.492,21.992,Eric Adams,1266,1018,0,0,0,0,0,0,1,0,0,0,1,1,0,0,1,1,0,0,1,0,1
50052,241.08,190.218,33.217,17.646,Eric Adams,1543,1217,0,0,0,0,0,0,1,0,0,0,1,1,0,0,1,1,0,0,1,0,0
50053,260.363,209.214,30.538,20.611,Eric Adams,1455,1230,0,0,0,0,0,0,1,0,0,0,1,1,0,0,1,1,0,0,1,0,0
50054,153.64,121.34,18.43,13.87,Eric Adams,840,692,0,0,0,0,0,0,1,0,0,0,1,1,0,0,1,1,0,0,1,0,0
50055,49.758,43.361,4.265,2.132,Eric Adams,479,416,0,0,1,0,0,0,1,0,0,0,1,1,0,0,1,0,0,0,1,0,0
50056,289.937,219.728,47.893,22.316,Eric Adams,1716,1453,0,0,0,0,0,0,1,0,0,0,1,0,0,0,1,1,0,0,1,0,1
50057,310.46,227.091,48.888,34.481,Eric Adams,1749,1508,0,0,1,0,0,0,1,0,0,0,1,0,0,0,1,1,0,0,1,0,1
50058,279.392,197.253,63.162,18.977,Eric Adams,1469,1261,0,0,1,0,0,0,1,0,0,0,1,1,0,0,1,1,0,0,1,0,0
50059,302.839,217.218,58.972,26.649,Eric Adams,1556,1296,0,0,1,0,0,0,1,0,0,0,1,1,0,0,1,1,0,0,1,0,0
50060,279.787,189.381,58.773,31.633,Eric Adams,1219,1078,0,0,1,0,0,0,1,0,0,0,1,1,0,0,1,1,0,0,1,0,0
50061,306.773,208.423,62.497,35.853,Eric Adams,1436,1280,0,0,1,0,0,0,1,0,0,0,1,1,0,0,1,1,0,0,1,0,0
50062,292.375,210.32,49.719,32.336,Eric Adams,1179,1048,0,0,1,0,0,0,1,0,0,0,1,1,0,0,1,1,0,0,1,0,1
50063,301.386,194.131,78.984,28.271,Eric Adams,1231,1040,0,0,0,0,0,0,1,0,0,0,1,1,0,0,1,1,0,0,1,0,1
50064,72.288,43.736,20.478,8.074,Eric Adams,12,10,0,0,0,0,1,0,1,0,0,0,1,0,0,0,1,0,0,0,1,0,1
50065,126.985,103.353,13.871,9.761,Eric Adams,796,677,0,0,0,0,0,0,1,0,0,0,1,1,0,0,1,1,0,0,1,0,0
50066,127.971,107.572,11.523,8.876,Eric Adams,1137,1011,0,0,0,0,0,0,1,0,0,0,1,1,0,0,1,1,0,0,1,0,0
50067,49.556,29.446,14.685,5.426,Eric Adams,0,0,0,0,0,0,0,0,0,0,0,0,0,0,0,0,0,0,0,0,1,0,0
50068,37.773,26.504,7.533,3.735,Eric Adams,0,0,0,0,0,0,0,0,0,0,0,0,0,0,0,0,0,0,0,0,1,0,0
51001,305.432,170.503,119.563,15.366,Eric Adams,842,692,0,0,1,0,1,0,1,0,0,0,0,0,0,1,0,0,1,0,1,0,1
51002,159.773,86.69,63.335,9.747,Eric Adams,1067,754,0,0,0,1,1,0,1,0,0,1,0,0,0,0,1,1,1,1,1,0,1
51003,245.014,105.764,130.224,9.026,Curtis Sliwa,529,467,0,0,0,0,0,1,1,0,0,0,0,0,1,0,1,0,1,1,0,1,1
51004,264.753,103.491,145.976,15.286,Curtis Sliwa,566,469,0,0,1,0,0,1,1,0,0,0,0,0,0,1,0,0,1,1,0,1,1
51005,109.114,56.661,49.824,2.629,Eric Adams,771,519,1,0,0,0,1,0,0,0,1,0,0,0,0,0,1,1,1,1,1,0,1
51006,246.875,158.124,76.477,12.273,Eric Adams,1345,885,1,0,0,0,1,0,0,0,1,0,0,0,1,0,1,0,1,0,1,0,1
51007,182.311,98.294,68.332,15.685,Eric Adams,1594,1005,1,0,0,0,1,0,0,0,1,0,0,0,0,0,1,1,0,0,1,0,1
51008,238.929,158.597,67.61,12.722,Eric Adams,1603,1049,1,0,0,0,0,0,0,0,1,0,0,0,0,0,1,1,1,0,1,0,1
51009,132.319,69.579,52.292,10.447,Eric Adams,1355,887,1,0,0,0,1,0,0,0,1,1,0,0,1,0,1,1,0,1,1,0,1
51010,165.656,80.026,73.924,11.705,Eric Adams,948,553,0,0,0,0,1,1,0,0,0,1,0,0,1,0,1,1,0,1,1,0,0
51011,191.138,118.536,56.254,16.348,Eric Adams,1440,925,1,0,0,0,1,0,0,0,1,0,0,0,0,0,1,1,1,0,1,0,1
51012,160.856,92.594,58.044,10.219,Eric Adams,1196,682,0,0,0,0,1,0,0,0,0,1,0,0,0,0,1,0,1,1,1,0,0
51013,202.222,147.653,35.551,19.018,Eric Adams,1371,917,1,0,0,0,0,0,0,0,1,0,0,0,0,0,1,1,0,0,1,0,1
51014,204.678,130.228,62.201,12.249,Eric Adams,1294,915,1,0,0,0,0,0,0,0,1,0,0,0,0,0,1,1,0,0,1,0,1
51015,221.071,134.428,71.091,15.552,Eric Adams,1420,970,1,0,0,0,0,0,0,0,1,0,0,0,0,0,1,0,1,0,1,0,1
51016,253.832,161.782,73.369,18.682,Eric Adams,1639,1049,1,0,0,0,1,0,0,0,1,0,0,0,0,0,1,1,1,0,1,0,0
51017,263.005,181.194,50.218,31.594,Eric Adams,1380,916,1,0,0,0,0,0,0,0,1,0,0,0,0,0,1,0,1,0,1,0,1
51018,285.79,204.891,48.476,32.423,Eric Adams,1439,1096,0,0,0,0,0,0,0,0,1,0,0,0,0,0,1,1,1,0,1,0,1
51019,255.706,169.395,51.893,34.418,Eric Adams,1438,1070,1,0,0,0,0,0,0,0,1,0,0,0,0,0,1,1,1,0,1,0,1
51020,194.144,137.614,40.274,16.256,Eric Adams,1221,868,1,0,0,0,0,0,0,0,1,0,0,0,0,0,1,1,0,0,1,0,1
51021,407.41,296.838,65.852,44.721,Eric Adams,1694,1371,0,0,0,0,0,0,0,0,1,0,0,1,0,0,1,1,0,0,1,0,1
51022,373.946,265.671,61.533,46.742,Eric Adams,1708,1393,0,0,0,0,0,0,1,0,0,0,0,1,0,0,1,1,0,0,1,0,1
51023,234.987,181.376,25.754,27.857,Eric Adams,1137,880,0,0,0,0,0,0,1,0,0,0,1,1,0,0,1,0,0,0,1,0,1
51024,342.028,264.749,43.854,33.425,Eric Adams,1418,1209,0,0,1,0,0,0,1,0,0,0,1,1,0,0,1,0,0,0,1,0,1
51025,257.79,232.594,9.797,15.399,Eric Adams,779,704,0,0,0,0,0,0,1,0,0,0,1,1,0,0,1,0,1,0,1,0,0
51026,368.127,311.69,28.84,27.597,Eric Adams,1337,1187,0,0,0,0,0,0,1,0,0,0,1,1,0,0,1,0,1,0,1,0,1
51027,49.318,38.978,6.893,3.447,Eric Adams,393,324,0,0,0,0,0,0,0,0,1,0,1,1,0,0,1,0,0,0,1,0,1
51028,474.871,389.029,34.413,51.429,Eric Adams,1718,1529,0,0,0,0,0,0,1,0,0,0,1,1,0,0,1,0,0,0,1,0,1
51029,606.599,492.728,74.054,39.816,Eric Adams,1721,1551,0,0,1,0,0,0,1,0,0,0,1,1,0,1,0,0,0,0,1,0,1
51030,96.204,78.187,8.303,9.714,Eric Adams,387,342,0,0,1,0,0,0,1,0,0,0,1,1,0,0,1,0,0,0,1,0,1
51031,101.312,48.323,47.658,5.331,Eric Adams,597,322,0,0,0,0,1,1,0,0,1,0,0,0,0,0,1,1,1,1,1,0,0
51032,127.865,104.838,11.824,11.202,Eric Adams,261,233,0,0,0,0,0,0,1,0,0,0,1,0,0,0,1,0,0,0,1,0,1
51033,256.158,217.871,20.315,17.972,Eric Adams,1034,908,0,0,1,0,0,0,1,0,0,0,1,0,0,0,1,0,0,0,1,0,1
51034,80.081,66.408,7.002,6.672,Eric Adams,1251,859,0,0,0,0,0,0,0,0,0,0,0,0,1,0,0,1,1,0,1,0,0
51035,228.238,194.045,19.617,14.576,Eric Adams,968,710,0,0,0,0,0,0,0,0,0,0,0,0,1,0,0,1,1,0,1,0,1
51036,224.572,183.033,20.027,21.511,Eric Adams,1118,841,0,0,0,0,0,0,0,0,0,0,0,0,0,0,1,1,1,0,1,0,1
51037,168.613,143.601,19.057,5.955,Eric Adams,1130,789,1,0,0,0,0,0,0,1,1,0,0,0,1,0,0,1,1,0,1,0,0
51038,190.982,166.816,15.741,8.425,Eric Adams,936,665,0,0,0,0,0,0,0,1,0,0,0,0,1,0,0,1,1,0,1,0,0
51039,73.062,37.917,33.703,1.442,Eric Adams,408,270,1,0,0,0,1,0,0,0,1,0,0,0,1,0,1,0,1,0,1,0,1
51040,343.57,284.195,38.026,21.349,Eric Adams,1170,993,0,0,0,0,0,0,1,0,0,0,1,1,0,0,1,0,0,0,1,0,1
51041,313.153,258.044,35.628,19.481,Eric Adams,1036,862,0,0,0,0,0,0,1,0,0,0,1,1,0,0,1,0,0,0,1,0,1
51042,376.076,304.103,32.984,38.989,Eric Adams,1351,1187,0,0,0,0,0,0,1,0,0,0,1,1,0,0,1,0,0,0,1,0,1
51043,383.154,215.136,131.888,36.129,Eric Adams,1063,887,0,0,1,0,1,0,1,0,0,0,1,1,0,1,0,0,1,1,1,0,1
51044,298.946,216.438,52.017,30.491,Eric Adams,1584,1250,0,0,0,0,0,0,0,0,0,0,0,0,0,0,1,0,0,0,1,0,0
51045,349.891,225.361,82.059,42.471,Eric Adams,1439,985,0,0,0,0,1,0,0,0,0,1,0,0,0,0,1,0,1,0,1,0,1
51046,211.239,134.995,55.698,20.546,Eric Adams,1360,866,0,0,0,0,1,0,0,0,1,0,0,0,0,0,1,1,0,0,1,0,0
51047,166.924,102.206,51.226,13.492,Eric Adams,1340,932,0,0,0,0,1,0,0,0,1,0,0,0,0,0,1,1,1,0,1,0,0
51048,102.688,48.677,43.342,10.669,Eric Adams,659,420,1,0,0,0,1,0,0,0,0,1,0,0,0,0,1,1,0,1,1,0,0
51049,121,71,42,8,Eric Adams,878,560,1,0,0,0,1,0,0,0,0,1,0,0,0,0,1,1,0,1,1,0,0
51050,104.188,49.816,50.293,4.079,Curtis Sliwa,741,522,0,1,0,0,1,0,0,0,0,0,0,0,0,0,1,1,1,1,0,1,0
51051,137.759,54.605,79.233,3.921,Curtis Sliwa,684,539,0,1,0,0,0,1,1,0,0,0,0,0,0,0,1,1,1,1,0,1,0
51052,260.952,130.778,109.575,20.599,Eric Adams,1700,1064,0,0,0,0,1,1,0,0,0,1,0,0,0,0,1,1,0,1,1,0,0
51053,178.72,71.17,93.952,13.598,Curtis Sliwa,1095,799,0,1,0,0,1,0,1,0,0,1,0,0,0,0,1,1,1,1,0,1,0
51054,0,0,0,0,Tie,0,0,0,0,0,0,0,0,0,0,0,0,0,0,0,0,0,0,0,0,0,0,0
52001,51.859,34.235,16.22,1.404,Eric Adams,890,641,0,1,0,0,0,0,1,0,0,0,0,0,1,0,1,1,1,1,1,0,1
52002,269.892,234.292,17.078,18.521,Eric Adams,1347,1078,0,0,0,0,0,0,0,1,0,0,1,0,0,0,1,1,0,0,1,0,1
52003,141.334,116.839,6.897,17.599,Eric Adams,235,207,0,0,0,0,0,0,1,0,0,0,1,0,0,0,1,1,0,0,1,0,1
52004,2.689,1.12,1.457,0.112,Curtis Sliwa,7,4,0,1,0,0,0,0,1,0,0,0,1,0,0,0,1,1,0,0,0,1,1
52005,210.982,181.938,15.187,13.857,Eric Adams,916,814,0,0,0,0,0,0,1,0,0,0,1,1,0,0,1,0,0,0,1,0,1
52006,114.852,100.732,5.477,8.644,Eric Adams,1616,1496,0,0,0,0,0,0,1,0,0,0,1,1,0,0,1,0,0,0,1,0,1
52007,255.765,231.133,14.579,10.053,Eric Adams,1213,1136,0,0,0,0,0,0,1,0,0,0,1,1,0,0,1,0,0,0,1,0,1
52008,199.446,186.43,8.41,4.606,Eric Adams,1169,1064,0,0,0,0,0,0,1,0,0,0,1,1,0,0,1,0,0,0,1,0,1
52009,172.093,151.993,11.843,8.256,Eric Adams,1136,1052,0,1,0,0,0,0,1,0,0,0,1,1,0,1,0,0,1,0,1,0,1
52010,710.027,592.841,82.927,34.259,Eric Adams,1381,1247,0,1,0,0,0,0,1,0,0,0,1,1,0,1,0,1,1,0,1,0,1
52011,209.053,178.557,15.099,15.397,Eric Adams,1395,1291,0,0,0,0,0,0,1,0,0,0,1,0,0,0,1,1,0,0,1,0,1
52012,217.44,184.969,17.675,14.796,Eric Adams,1257,1168,0,0,0,0,1,0,1,0,0,0,1,1,0,0,1,1,0,0,1,0,0
52013,115.417,94.438,7.636,13.343,Eric Adams,138,115,0,0,1,0,1,0,1,0,0,0,1,0,0,0,1,1,0,0,1,0,1
52014,499.139,417.923,53.091,28.124,Eric Adams,1020,957,0,1,1,0,0,0,1,0,0,0,1,1,0,1,0,0,1,0,1,0,1
52015,505,417,56,32,Eric Adams,1408,963,0,1,0,0,0,0,1,0,0,0,1,1,0,1,0,1,1,0,1,0,1
52016,509.417,446.044,39.786,23.588,Eric Adams,1638,1508,0,1,1,0,0,0,1,0,0,0,1,1,0,1,0,0,1,0,1,0,1
52017,493.926,431.794,43.596,18.536,Eric Adams,1503,1376,0,1,1,0,0,0,1,0,0,0,1,1,0,1,0,1,1,0,1,0,0
52018,469.481,400.75,45.777,22.954,Eric Adams,1239,1180,0,1,0,0,0,0,1,0,0,0,1,1,0,0,1,0,1,0,1,0,1
52019,341.563,296.538,20.9,24.126,Eric Adams,814,759,0,0,0,0,0,0,1,0,0,0,1,1,0,0,1,1,0,0,1,0,1
52020,563.284,493.846,41.338,28.1,Eric Adams,1258,1182,0,1,1,0,0,0,1,0,0,0,1,1,0,1,0,0,1,0,1,0,1
52021,580.001,503.084,43.449,33.467,Eric Adams,1690,1561,0,1,1,0,0,0,1,0,0,0,1,1,0,0,1,1,0,0,1,0,0
52022,439.652,379.2,34.047,26.405,Eric Adams,1654,1480,0,1,1,0,0,0,1,0,0,0,1,1,0,0,1,0,1,0,1,0,0
52023,440.028,393.482,28.259,18.287,Eric Adams,1292,1128,0,0,0,0,0,0,1,0,0,0,1,1,0,0,1,1,0,0,1,0,1
52024,398.086,340.446,34.015,23.625,Eric Adams,1501,1364,0,1,1,0,0,0,1,0,0,0,1,1,0,0,1,0,0,0,1,0,1
52025,441.063,389.056,33.604,18.403,Eric Adams,1573,1410,0,1,0,0,0,0,1,0,0,0,1,1,0,0,1,0,0,0,1,0,0
52026,341.221,307.907,15.479,17.836,Eric Adams,1171,1096,0,0,0,0,1,0,1,0,0,0,1,1,0,0,1,1,0,0,1,0,1
52027,172.734,155.933,6.437,10.363,Eric Adams,379,353,0,0,0,0,1,0,1,0,0,0,1,1,0,0,1,1,0,0,1,0,1
52028,114.053,102.903,5.454,5.697,Eric Adams,1010,945,0,0,0,0,0,0,1,0,0,0,1,1,0,0,1,1,0,0,1,0,1
52029,107.639,97.148,4.031,6.46,Eric Adams,1418,1298,0,0,0,0,1,0,1,0,0,0,1,1,0,0,1,1,0,0,1,0,1
52030,171.801,155.072,6.398,10.331,Eric Adams,1232,1142,0,0,0,0,1,0,1,0,0,0,1,1,0,0,1,1,0,0,1,0,0
52031,420.987,368.753,26.042,26.191,Eric Adams,916,845,0,0,0,0,0,0,1,0,0,0,1,1,0,0,1,0,0,0,1,0,1
52032,448.417,393.133,21.103,34.181,Eric Adams,1147,1048,0,0,0,0,0,0,1,0,0,0,1,1,0,0,1,0,0,0,1,0,1
52033,107.444,96.628,3.606,7.211,Eric Adams,426,395,0,1,1,0,0,0,1,0,0,0,1,1,0,0,1,0,0,0,1,0,0
52034,347.398,296.752,24.898,25.748,Eric Adams,1194,980,0,1,0,0,0,0,1,0,0,0,1,1,0,0,1,0,0,0,1,0,0
52035,299.831,251.451,24.763,23.617,Eric Adams,825,739,0,0,0,0,0,0,1,0,0,0,1,1,0,0,1,0,1,0,1,0,0
52036,274.579,249.02,14.999,10.56,Eric Adams,1192,1131,0,1,0,0,0,0,1,0,0,0,1,1,0,0,1,1,0,0,1,0,1
52037,276.043,250.94,11.76,13.342,Eric Adams,1043,939,0,1,0,0,0,0,1,0,0,0,1,1,0,0,1,1,0,0,1,0,0
52038,185.068,167.839,7.708,9.521,Eric Adams,582,528,0,0,0,0,0,0,1,0,0,0,1,1,0,0,1,0,1,0,1,0,0
52039,335.005,295.48,16.541,22.984,Eric Adams,1255,1137,0,0,0,0,0,0,1,0,0,0,1,1,0,0,1,1,0,0,1,0,1
52040,495.673,437.321,23.064,35.288,Eric Adams,1407,1241,0,0,0,0,0,0,1,0,0,0,1,1,0,0,1,0,0,0,1,0,0
52041,401.198,344.199,21.608,35.391,Eric Adams,1117,979,0,0,0,0,0,0,1,0,0,0,1,1,0,0,1,0,0,0,1,0,1
52042,312.665,267.736,15.562,29.367,Eric Adams,1690,1489,0,0,0,0,0,0,1,0,0,0,1,1,0,0,1,0,0,0,1,0,1
52043,238.568,186.087,31.039,21.441,Eric Adams,987,888,0,0,1,0,0,0,1,0,0,0,1,1,0,0,1,0,0,0,1,0,0
52044,418.823,319.92,64.005,34.898,Eric Adams,1107,995,0,0,1,0,0,0,1,0,0,0,1,1,0,0,1,0,0,0,1,0,0
52045,361.246,310.317,26.901,24.028,Eric Adams,1260,1070,0,0,1,0,0,0,1,0,0,0,1,1,0,0,1,0,0,0,1,0,0
52046,456.4,402.673,33.519,20.208,Eric Adams,1127,1026,0,1,1,0,0,0,1,0,0,0,1,1,0,0,1,0,0,0,1,0,0
52047,448.35,367.776,52.745,27.83,Eric Adams,1231,1113,0,1,1,0,0,0,1,0,0,0,1,1,0,0,1,0,0,0,1,0,0
52048,465.63,373.273,68.821,23.537,Eric Adams,1249,1127,0,0,1,0,0,0,1,0,0,0,1,1,0,0,1,0,0,0,1,0,0
52049,567.659,479.084,54.39,34.186,Eric Adams,1342,1224,0,0,1,0,0,0,1,0,0,0,1,1,0,0,1,0,1,0,1,0,0
52050,446.08,344.059,69.05,32.971,Eric Adams,1416,1296,0,0,1,0,0,0,1,0,0,0,1,1,0,0,1,0,0,0,1,0,0
52051,104.059,77.377,17.534,9.148,Eric Adams,515,450,0,0,1,0,0,0,1,0,0,0,1,1,0,0,1,0,0,0,1,0,0
52052,314.444,261.066,30.086,23.292,Eric Adams,1050,940,0,0,0,0,0,0,1,0,0,0,1,1,0,0,1,0,0,0,1,0,1
52053,245.3,216.435,13.492,15.373,Eric Adams,753,680,0,0,1,0,0,0,1,0,0,0,1,1,0,0,1,0,0,0,1,0,0
52054,367.114,301.862,29.628,35.624,Eric Adams,1177,1037,0,1,1,0,0,0,1,0,0,0,1,1,0,0,1,0,1,0,1,0,0
52055,157.083,140.064,13.008,4.011,Eric Adams,1083,741,0,0,0,0,0,0,0,1,0,0,0,0,0,0,1,1,1,0,1,0,0
52056,153,123,24,6,Eric Adams,939,624,0,0,0,0,0,0,0,0,1,0,0,0,0,0,1,1,1,0,1,0,0
52057,399.844,355.539,20.389,23.917,Eric Adams,1048,914,0,0,0,0,0,0,1,0,0,0,0,0,0,0,1,1,1,0,1,0,0
52058,205.415,178.237,7.029,20.149,Eric Adams,511,429,0,0,0,0,0,0,1,0,0,0,1,1,0,0,1,0,0,0,1,0,1
52059,304.617,263.75,31.033,9.834,Eric Adams,1344,982,0,0,0,0,0,0,0,1,0,0,0,1,0,0,1,0,1,0,1,0,1
52060,232.815,193.549,16.205,23.061,Eric Adams,1560,1277,0,0,0,0,0,0,0,0,0,0,0,1,0,0,1,0,1,0,1,0,1
52061,430.514,354.865,46.214,29.435,Eric Adams,1455,1310,0,1,1,0,0,0,1,0,0,0,1,1,0,0,1,0,1,0,1,0,0
52062,336.89,268.155,29.164,39.57,Eric Adams,1184,1056,0,0,1,0,0,0,1,0,0,0,1,1,0,0,1,0,0,0,1,0,1
52063,392.361,314.159,45.329,32.872,Eric Adams,1417,1266,0,0,1,0,0,0,1,0,0,0,1,1,0,0,1,0,0,0,1,0,1
52064,284.083,244.722,18,21.36,Eric Adams,1032,894,0,0,1,0,0,0,1,0,0,0,1,0,0,0,1,1,0,0,1,0,1
52065,362.242,321.318,17.97,22.955,Eric Adams,1222,1098,0,0,0,0,0,0,1,0,0,0,1,1,0,1,0,0,0,0,1,0,1
52066,495.758,445.682,19.03,31.045,Eric Adams,1260,1162,0,1,1,0,0,0,1,0,0,0,1,1,0,0,1,0,0,0,1,0,1
52067,435,367,30,38,Eric Adams,1159,1060,0,1,1,0,0,0,1,0,0,0,1,1,0,0,1,0,0,0,1,0,1
52068,419.965,358.967,26.999,33.999,Eric Adams,1222,1122,0,0,1,0,0,0,1,0,0,0,1,1,0,0,1,0,0,0,1,0,1
52069,487.102,425.086,21.507,40.509,Eric Adams,1463,1295,0,0,0,0,0,0,1,0,0,0,1,0,0,0,1,0,0,0,1,0,1
52070,120.033,107.763,5.868,6.402,Eric Adams,343,317,0,0,0,0,0,0,1,0,0,0,1,0,0,0,1,0,0,0,1,0,0
52071,373.383,317.165,25.107,31.111,Eric Adams,1286,1031,0,0,1,0,0,0,1,0,0,0,1,0,0,0,1,0,0,0,1,0,1
52072,183.734,155.052,8.565,20.116,Eric Adams,576,516,0,0,0,0,0,0,1,0,0,0,1,1,0,0,1,0,0,0,1,0,1
52073,376.395,326.327,16.525,33.543,Eric Adams,1369,1217,0,0,0,0,0,0,1,0,0,0,1,1,0,0,1,0,0,0,1,0,1
52074,45.353,39.885,1.93,3.538,Eric Adams,103,95,0,1,0,0,0,0,1,0,0,0,1,1,0,0,1,0,1,0,1,0,0
52075,410.793,365.967,8.77,36.057,Eric Adams,1133,992,0,0,0,0,0,0,1,0,0,0,1,1,0,0,1,0,0,0,1,0,1
52076,473.208,425.888,14.731,32.589,Eric Adams,957,859,0,0,0,0,0,0,1,0,0,0,1,1,0,0,1,0,0,0,1,0,1
52077,452.999,409.145,13.499,30.355,Eric Adams,1229,1143,0,1,0,0,0,0,1,0,0,0,1,1,0,0,1,0,0,0,1,0,0
52078,309.915,280.564,12.033,17.318,Eric Adams,402,375,0,1,0,0,0,0,1,0,0,0,1,1,0,1,0,0,0,0,1,0,1
52079,453.965,400.45,18.929,34.586,Eric Adams,1418,1227,0,1,0,0,0,0,1,0,0,0,1,1,0,0,1,0,0,0,1,0,0
52080,498.581,445.857,20.946,31.778,Eric Adams,1359,1259,0,1,0,0,0,0,1,0,0,0,1,1,0,1,0,0,0,0,1,0,0
52081,552.186,502.244,21.163,28.779,Eric Adams,1404,1283,0,1,1,0,0,0,1,0,0,0,1,1,0,1,0,0,0,0,1,0,1
52082,681.026,585.491,54.766,40.768,Eric Adams,1371,1266,0,1,0,0,0,0,1,0,0,0,1,1,0,1,0,0,1,0,1,0,1
52083,523.429,463.936,34.247,25.246,Eric Adams,1491,1405,0,1,0,0,0,0,1,0,0,0,1,1,0,1,0,0,0,0,1,0,1
52084,693.866,609.303,37.781,46.782,Eric Adams,1627,1523,0,1,1,0,0,0,1,0,0,0,1,1,0,0,1,0,1,0,1,0,0
52085,508.679,456.269,24.205,28.204,Eric Adams,1365,1270,0,1,0,0,0,0,1,0,0,0,1,1,0,1,0,0,0,0,1,0,1
52086,298.36,250.611,14.429,33.32,Eric Adams,940,806,0,0,0,0,0,0,1,0,0,0,1,1,0,0,1,1,0,0,1,0,1
52087,1.396,1.344,0.035,0.017,Eric Adams,0,0,0,0,0,0,0,0,0,0,0,0,0,0,0,0,0,0,0,0,1,0,1
52088,257.178,208.344,26.807,22.027,Eric Adams,926,871,0,0,0,0,0,0,1,0,0,0,1,1,0,0,1,0,1,0,1,0,0
52089,45.787,39.766,2.76,3.262,Eric Adams,653,588,0,0,0,0,1,0,1,0,0,0,1,1,0,0,1,1,0,0,1,0,0
52090,46.783,37.352,7.016,2.415,Eric Adams,61,23,0,0,0,0,0,0,1,0,0,0,1,1,0,1,0,1,0,0,1,0,1
52092,0.546,0.466,0.022,0.058,Eric Adams,0,0,0,0,0,0,0,0,0,0,0,0,0,0,0,0,0,0,0,0,1,0,0
52093,0,0,0,0,Tie,0,0,0,0,0,0,0,0,0,0,0,0,0,0,0,0,0,0,0,0,0,0,0
52095,16.633,11.606,3.867,1.16,Eric Adams,0,0,0,0,0,0,0,0,0,0,0,0,0,0,0,0,0,0,0,0,1,0,0
52096,0.001,0.001,0,0,Eric Adams,0,0,0,0,0,0,0,0,0,0,0,0,0,0,0,0,0,0,0,0,1,0,0
52097,29.621,26.687,1.13,1.803,Eric Adams,0,0,0,0,0,0,0,0,0,0,0,0,0,0,0,0,0,0,0,0,1,0,0
52098,3.151,2.778,0.166,0.207,Eric Adams,0,0,0,0,0,0,0,0,0,0,0,0,0,0,0,0,0,0,0,0,1,0,0
53001,229.068,178.342,31.75,18.976,Eric Adams,1548,1179,0,0,0,0,0,0,1,0,0,0,0,0,0,0,1,1,0,0,1,0,0
53002,189.2,149.817,19.27,20.113,Eric Adams,1597,1183,0,0,0,0,0,0,0,0,0,0,0,0,0,0,1,1,0,0,1,0,0
53003,204.39,166.289,20.928,17.172,Eric Adams,1557,1125,1,0,0,0,0,0,0,0,1,0,0,0,0,0,1,1,0,0,1,0,0
53004,91.729,70.403,9.831,11.496,Eric Adams,836,604,0,0,0,0,0,0,0,0,1,0,1,0,0,0,1,1,0,0,1,0,0
53005,189.686,146.186,30.969,12.531,Eric Adams,1349,997,1,0,0,0,0,0,0,0,1,0,0,0,1,0,1,1,1,0,1,0,0
53006,192.827,162.881,21.212,8.734,Eric Adams,1307,950,1,0,0,0,0,0,0,0,1,0,0,0,1,0,1,1,0,0,1,0,0
53007,172.238,133.67,30.051,8.518,Eric Adams,1032,751,1,0,0,0,0,0,0,0,1,0,0,0,0,0,1,1,0,0,1,0,0
53008,224.329,152.34,35.049,36.941,Eric Adams,1616,1209,0,0,0,0,0,0,1,0,0,0,1,0,0,0,1,1,0,0,1,0,0
53009,217.065,152.796,35.917,28.352,Eric Adams,1301,970,0,0,0,0,0,0,0,0,1,0,0,0,0,0,1,1,0,0,1,0,0
53010,201.472,142.117,27.593,31.762,Eric Adams,1679,1275,0,0,0,0,0,0,0,0,1,0,0,0,1,0,1,1,1,0,1,0,0
53011,125.791,90.612,20.593,14.586,Eric Adams,1367,1031,0,0,0,0,0,0,0,0,1,0,0,0,0,0,1,1,0,0,1,0,0
53012,219.693,163.91,26.376,29.407,Eric Adams,1352,1053,0,0,0,0,0,0,0,0,1,0,1,0,0,0,1,1,0,0,1,0,0
53013,186.84,136.952,27.663,22.225,Eric Adams,1500,1210,0,0,0,0,0,0,1,0,1,0,1,0,0,0,1,1,0,0,1,0,0
53014,149.24,98.652,23.611,26.977,Eric Adams,1448,1142,0,0,0,0,0,0,1,0,0,0,1,0,0,0,1,1,0,0,1,0,0
53015,195.718,123.645,45.184,26.889,Eric Adams,1365,1023,0,0,0,0,0,0,1,0,0,0,0,0,0,0,1,1,0,0,1,0,0
53016,201.146,153.681,20.909,26.557,Eric Adams,1470,1080,0,0,0,0,0,0,0,0,1,0,1,0,0,0,1,1,0,0,1,0,0
53017,205.136,140.674,21.907,42.554,Eric Adams,1730,1359,0,0,0,0,0,0,1,0,0,0,0,0,0,0,1,1,0,0,1,0,0
53018,214.502,175.065,13.575,25.862,Eric Adams,1568,1213,0,0,0,0,0,0,0,0,0,0,1,0,0,0,1,1,0,0,1,0,0
53019,227.498,173.935,28.425,25.138,Eric Adams,1702,1334,0,0,0,0,0,0,0,0,1,0,0,0,0,0,1,1,0,0,1,0,0
53020,218.048,163.334,20.919,33.795,Eric Adams,1840,1512,0,0,0,0,0,0,1,0,0,0,1,0,0,0,1,1,0,0,1,0,0
53021,281.953,197.666,50.081,34.205,Eric Adams,1740,1332,0,0,0,0,0,0,1,0,0,0,1,0,0,0,1,1,0,0,1,0,0
53022,149.696,119.288,22.845,7.563,Eric Adams,1763,1383,0,0,0,0,0,0,0,0,1,0,1,0,0,0,1,1,0,0,1,0,0
53023,192.212,136.359,34.327,21.526,Eric Adams,1241,1019,0,0,0,0,0,0,0,0,1,0,1,0,0,0,1,1,0,0,1,0,0
53024,153.524,111.718,14.08,27.727,Eric Adams,1632,1198,0,0,0,0,0,0,0,0,1,0,0,0,0,0,1,1,0,0,1,0,0
53025,138,100,8,30,Eric Adams,1353,1114,0,0,0,0,0,0,1,0,1,0,0,0,0,0,1,1,0,0,1,0,0
53026,156.711,110.234,25.047,21.43,Eric Adams,1506,1225,1,0,0,0,0,0,0,0,1,0,1,0,0,0,1,1,0,0,1,0,1
53027,145.795,97.726,12.993,35.076,Eric Adams,1446,1161,0,0,0,0,0,0,1,0,0,0,0,0,0,0,1,1,0,0,1,0,1
53028,200.991,145.942,16.361,38.689,Eric Adams,1506,1149,0,0,0,0,0,0,0,0,1,0,0,0,0,0,1,1,0,0,1,0,0
53029,131.461,99.702,11.663,20.096,Eric Adams,1324,1054,0,0,0,0,0,0,0,0,1,0,0,0,0,0,1,1,0,0,1,0,0
53030,268.371,196.692,21.87,49.809,Eric Adams,1119,796,0,0,0,0,0,0,1,0,0,0,0,0,0,0,1,1,0,0,1,0,1
53031,191.415,142.036,18.179,31.199,Eric Adams,1149,946,0,0,0,0,0,0,1,0,0,0,0,0,0,0,0,1,0,0,1,0,1
53032,190.78,141.53,30.574,18.676,Eric Adams,1323,932,0,0,0,0,0,0,0,0,1,0,1,0,0,0,1,1,0,0,1,0,0
53033,180.704,162.512,14.155,4.036,Eric Adams,1117,684,1,0,0,0,0,0,0,0,1,0,0,0,1,0,1,1,1,0,1,0,0
53034,131.297,110.488,16.845,3.964,Eric Adams,925,504,1,0,0,0,0,0,0,0,1,0,0,0,1,0,1,1,1,0,1,0,0
53035,173.518,145.804,24.739,2.974,Eric Adams,1256,803,1,0,0,0,0,0,0,0,1,0,0,0,1,0,1,1,1,0,1,0,0
53036,289.628,228.494,48.261,12.873,Eric Adams,1476,1079,1,0,0,0,0,0,0,0,1,0,0,0,0,0,1,1,1,0,1,0,0
53037,164.787,97.382,55.26,12.145,Eric Adams,2027,1543,0,1,0,0,0,0,1,0,0,0,0,0,0,0,1,1,0,1,1,0,0
53038,216.786,132.812,74.375,9.599,Eric Adams,1311,984,0,0,0,0,1,0,0,0,0,1,0,0,0,0,1,1,1,0,1,0,0
53039,281,214,60,7,Eric Adams,1199,964,0,0,0,0,1,0,0,0,0,0,0,0,0,0,1,1,1,0,1,0,0
53040,369.169,244.771,110,14.398,Eric Adams,1368,1035,0,0,0,0,1,0,0,0,0,0,0,0,0,0,1,1,0,0,1,0,0
53041,214.857,153.461,43.146,18.25,Eric Adams,1592,1285,0,0,0,0,1,0,0,0,0,0,1,0,0,0,1,0,0,0,1,0,0
53042,127.584,98.787,21.73,7.067,Eric Adams,1262,718,1,0,0,0,0,0,0,0,1,0,0,0,0,0,1,1,1,0,1,0,0
53043,143.16,108.768,16.689,17.703,Eric Adams,1370,1155,0,0,0,0,0,0,1,0,1,0,0,0,0,0,1,1,1,0,1,0,0
53044,139.634,108.872,20.017,10.745,Eric Adams,1268,918,1,0,0,0,0,0,0,0,1,0,1,1,0,0,1,1,0,0,1,0,0
53045,164.603,134.118,22.158,8.327,Eric Adams,1270,915,1,0,0,0,0,0,1,0,0,0,0,0,0,0,1,1,0,0,1,0,1
53046,236.05,169.436,43.068,23.546,Eric Adams,1407,1084,1,0,0,0,0,0,0,0,1,0,0,0,0,0,1,1,0,0,1,0,1
53047,113.176,88.221,14.258,10.697,Eric Adams,1366,1008,1,0,0,0,0,0,1,0,1,0,0,0,0,0,1,1,0,0,1,0,1
53048,220.107,176.264,30.98,12.863,Eric Adams,1288,982,0,0,0,0,0,0,1,0,1,0,0,0,0,0,1,1,0,0,1,0,1
53049,152.163,118.459,21.948,11.757,Eric Adams,1347,999,0,0,0,0,0,0,1,0,0,0,0,0,0,0,1,1,0,0,1,0,1
53050,173.186,128.376,30.924,13.887,Eric Adams,1500,1077,1,0,0,0,0,0,0,0,1,0,0,0,0,0,1,1,0,0,1,0,0
53051,211.517,158.013,43.003,10.501,Eric Adams,1209,827,1,0,0,0,0,0,0,0,1,0,0,0,0,0,1,1,0,0,1,0,1
53052,269.956,220.918,27.027,22.011,Eric Adams,1620,1122,1,0,0,0,0,0,0,0,1,0,1,0,0,0,1,1,0,0,1,0,1
53053,201.643,162,21.786,17.857,Eric Adams,1686,1322,0,0,0,0,0,0,1,0,0,0,0,0,0,0,1,1,0,0,1,0,0
53054,221.231,176.543,24.051,20.637,Eric Adams,1263,1014,0,0,0,0,0,0,0,0,1,0,0,0,0,0,1,1,1,0,1,0,0
53055,201.393,151.789,31.048,18.556,Eric Adams,1326,1005,0,0,0,0,0,0,1,0,1,0,1,0,0,0,1,1,0,0,1,0,1
53056,238.183,187.611,36.334,14.239,Eric Adams,1626,1255,0,0,0,0,0,0,0,0,1,0,1,0,0,0,1,1,0,0,1,0,1
53057,175,148,22,5,Eric Adams,804,582,1,0,0,0,0,0,0,0,1,0,0,0,1,0,0,1,1,0,1,0,0
53058,194.129,153.899,16.016,24.213,Eric Adams,886,695,0,0,0,0,0,0,1,0,0,0,1,0,0,0,1,1,0,0,1,0,1
53059,143,117,17,9,Eric Adams,918,701,1,0,0,0,0,0,0,0,1,0,0,0,0,0,1,1,1,0,1,0,1
53060,397.734,312.936,40.026,44.772,Eric Adams,1877,1669,0,0,1,0,0,0,1,0,0,0,1,0,0,0,1,1,0,0,1,0,1
53061,145.388,115.899,12.903,16.586,Eric Adams,1456,1262,0,0,1,0,0,0,1,0,0,0,1,1,0,0,1,1,0,0,1,0,1
53062,401.648,327.285,42.267,32.096,Eric Adams,1557,1097,1,0,0,0,0,0,0,1,0,0,0,0,0,0,1,1,0,0,1,0,0
53063,89.689,68.867,12.415,8.407,Eric Adams,766,595,0,0,0,0,0,0,0,0,0,0,1,0,0,0,1,1,0,0,1,0,0
54001,28.849,20.7,7.812,0.338,Eric Adams,416,270,0,0,0,1,0,0,0,0,0,1,0,0,0,1,0,1,0,0,1,0,0
54002,114.921,83.501,30.255,1.166,Eric Adams,1338,857,0,0,0,1,0,0,0,0,0,1,0,0,0,0,1,1,0,0,1,0,0
54003,80.26,63.996,14.203,2.061,Eric Adams,701,417,0,0,0,1,0,0,0,0,0,0,0,0,0,0,1,1,0,0,1,0,0
54004,191.035,167.789,20.667,2.579,Eric Adams,1130,826,0,0,0,1,0,0,0,1,0,0,0,0,0,0,1,1,0,0,1,0,0
54005,114.07,101.573,7.248,5.248,Eric Adams,745,507,0,0,0,1,0,0,0,1,0,0,0,0,0,0,1,1,0,0,1,0,1
54006,144.032,125.031,16.071,2.931,Eric Adams,787,568,0,0,0,0,0,0,0,1,0,0,0,0,0,1,0,1,0,0,1,0,0
54007,124.351,87.941,35.26,1.149,Eric Adams,1431,883,0,0,0,1,0,0,0,0,0,0,0,0,0,0,1,1,0,0,1,0,0
54008,118.776,100.264,14.952,3.561,Eric Adams,939,663,0,0,0,1,0,0,0,0,1,0,0,0,0,0,1,0,1,0,1,0,0
54009,117.425,79.232,32.009,6.184,Eric Adams,1076,708,0,0,0,1,0,0,0,0,1,0,0,0,0,0,1,1,1,0,1,0,0
54010,65.72,55.258,8.918,1.544,Eric Adams,699,523,0,0,0,1,0,0,0,1,0,0,0,0,0,0,1,1,0,0,1,0,0
54011,107.688,100.568,6.23,0.89,Eric Adams,1015,688,0,0,0,0,0,0,0,1,0,0,0,0,0,0,1,1,0,0,1,0,0
54012,97.912,83.967,11.867,2.079,Eric Adams,868,631,0,0,0,0,0,0,0,1,0,0,0,0,1,0,1,0,0,0,1,0,0
54013,103.191,87.447,13.776,1.967,Eric Adams,710,500,0,0,0,0,0,0,0,1,0,0,0,0,1,0,1,0,0,0,1,0,0
54014,116.88,104.309,12.228,0.343,Eric Adams,742,558,0,0,0,0,0,0,0,1,1,0,0,0,0,0,1,1,0,0,1,0,0
54015,119.499,105.297,10.347,3.855,Eric Adams,816,584,0,0,0,0,0,0,0,1,0,0,0,0,1,0,1,0,0,0,1,0,0
54016,79.292,69.567,8.562,1.163,Eric Adams,373,282,0,0,0,0,0,0,0,1,1,0,0,0,0,0,1,1,0,0,1,0,0
54017,116.005,103.34,10.162,2.503,Eric Adams,602,456,0,0,0,0,0,0,0,1,1,0,0,0,0,0,1,0,0,0,1,0,0
54018,123.264,104.841,14.496,3.927,Eric Adams,1150,775,1,0,0,0,0,0,0,0,1,0,0,0,0,0,1,1,1,0,1,0,0
54019,115.917,99.641,13.948,2.328,Eric Adams,835,556,1,0,0,0,0,0,0,0,1,0,0,0,0,0,1,1,0,0,1,0,0
54020,66.441,53.919,9.261,3.261,Eric Adams,691,436,1,0,0,0,0,0,0,0,1,0,0,0,0,0,1,1,0,0,1,0,0
54021,168.041,138.827,25.443,3.77,Eric Adams,839,539,0,0,0,0,0,0,0,1,0,0,0,0,0,0,1,1,0,0,1,0,0
54022,98.777,81.935,14.716,2.126,Eric Adams,1101,676,1,0,0,0,0,0,0,0,1,0,0,0,0,0,1,1,0,0,1,0,0
54023,134.469,101.326,28.455,4.689,Eric Adams,1411,881,1,0,0,0,0,0,0,0,1,0,0,0,0,0,1,1,1,0,1,0,0
54024,122.667,87.577,30.347,4.743,Eric Adams,1131,716,1,0,0,0,0,0,0,0,1,0,0,0,0,0,1,0,0,0,1,0,0
54025,119.428,83.327,30.941,5.159,Eric Adams,1499,864,1,0,0,0,0,0,0,0,1,0,0,0,0,0,1,1,0,0,1,0,0
54026,107.286,71.1,31.918,4.267,Eric Adams,942,612,1,0,0,0,0,0,0,0,1,0,0,0,0,0,1,0,0,0,1,0,0
54027,157.729,118.508,34.388,4.833,Eric Adams,1287,779,1,0,0,0,0,0,0,0,1,0,0,0,0,0,1,0,0,0,1,0,0
54028,225.782,167.995,51.894,5.893,Eric Adams,1233,772,1,0,0,0,0,0,0,0,1,0,0,0,0,0,1,1,0,0,1,0,1
54029,153.493,116.585,33.584,3.325,Eric Adams,1393,912,1,0,0,0,0,0,0,0,1,0,0,0,0,0,1,1,0,0,1,0,0
54030,51.297,35.346,14.94,1.011,Eric Adams,1290,806,1,0,0,0,0,0,0,0,1,0,0,0,0,0,1,0,1,0,1,0,1
54031,173.961,126.123,41.931,5.907,Eric Adams,1530,971,1,0,0,0,0,0,0,0,1,0,0,0,0,0,1,0,0,0,1,0,1
54032,185.989,143.069,37.8,5.119,Eric Adams,1273,801,1,0,0,0,0,0,0,0,1,0,0,0,0,0,1,0,0,0,1,0,1
54033,153.377,120.293,29.431,3.653,Eric Adams,1405,899,1,0,0,0,0,0,0,1,1,0,0,0,0,0,1,0,0,0,1,0,0
54034,158.14,127.903,25.554,4.683,Eric Adams,1211,822,1,0,0,0,0,0,0,0,1,0,0,0,0,1,0,0,1,0,1,0,1
54035,315.409,259.371,47.024,9.014,Eric Adams,1595,1119,1,0,0,0,0,0,0,0,1,0,0,0,0,1,0,0,1,0,1,0,1
54036,180.518,155.788,19.336,5.394,Eric Adams,1540,1087,0,0,0,0,0,0,0,0,1,0,0,0,0,0,1,0,1,0,1,0,1
54037,211.106,168.595,16.824,25.686,Eric Adams,1105,831,0,0,0,0,0,0,0,1,0,0,0,0,0,0,1,1,0,0,1,0,0
54038,192.418,166.361,10.096,15.96,Eric Adams,1522,1219,0,0,0,0,0,0,0,1,0,0,0,0,0,0,1,1,0,0,1,0,0
54039,247.498,214.412,10.473,22.612,Eric Adams,1519,1148,0,0,0,0,0,0,0,1,0,0,0,0,0,0,1,1,0,0,1,0,0
54040,163.832,121.566,20.538,21.729,Eric Adams,1507,1156,0,0,0,0,0,0,0,0,0,0,0,0,0,0,1,1,0,0,1,0,0
54041,211.642,167.059,19.655,24.928,Eric Adams,1408,1047,0,0,0,0,0,0,0,0,0,0,0,0,0,0,1,1,1,0,1,0,0
54042,156.22,118.253,18.615,19.352,Eric Adams,1139,870,0,0,0,0,0,0,0,0,0,0,0,0,0,0,1,1,0,0,1,0,0
54043,210.142,170.371,20.825,18.947,Eric Adams,1484,1073,0,0,0,0,0,0,0,1,0,0,0,0,0,0,1,1,1,0,1,0,0
54044,169.917,140.948,17.313,11.656,Eric Adams,1521,1082,0,0,0,0,0,0,0,0,1,0,0,0,0,0,1,1,1,0,1,0,0
54045,268.167,206.574,37.397,24.195,Eric Adams,1432,1096,0,0,0,0,0,0,0,1,0,0,0,0,0,0,1,1,0,0,1,0,0
54046,227.065,182.328,22.775,21.961,Eric Adams,1164,900,0,0,0,0,0,0,0,0,0,0,0,0,0,0,1,1,0,0,1,0,0
54047,122.474,97.848,13.175,11.45,Eric Adams,1393,1036,0,0,0,0,0,0,0,0,1,0,0,0,0,0,1,1,0,0,1,0,0
54048,138.74,104.742,18.999,14.999,Eric Adams,1392,998,0,0,0,0,0,0,0,0,1,0,0,0,0,0,1,1,0,0,1,0,0
54049,164.171,133.103,16.784,14.285,Eric Adams,1209,927,0,0,0,0,0,0,0,0,1,0,0,0,0,0,1,1,0,0,1,0,0
54050,175.702,140.324,18.333,17.045,Eric Adams,1397,1024,0,0,0,0,0,0,0,0,1,0,0,0,0,0,1,1,0,0,1,0,0
54051,160.466,132.469,20.483,7.514,Eric Adams,1385,1008,0,0,0,0,0,0,0,0,1,0,0,0,0,0,1,1,0,0,1,0,0
54052,128.272,103.025,19.191,6.056,Eric Adams,1046,728,1,0,0,0,0,0,0,0,1,0,0,0,0,0,1,1,0,0,1,0,0
54053,141.525,111.813,12.869,16.843,Eric Adams,1105,790,0,0,0,0,0,0,0,0,1,0,0,0,0,0,1,1,0,0,1,0,0
54054,157.31,130.74,15.962,10.609,Eric Adams,1125,845,0,0,0,0,0,0,0,1,0,0,0,0,0,0,1,1,1,0,1,0,0
54055,137.864,107.669,16.684,13.511,Eric Adams,1083,852,0,0,0,0,0,0,0,0,1,0,0,0,1,0,1,1,1,0,1,0,0
54056,188.328,165.049,13.034,10.245,Eric Adams,1229,935,0,0,0,0,0,0,0,1,0,0,0,0,0,0,1,1,0,0,1,0,0
54057,173.451,139.384,19.86,14.207,Eric Adams,1269,914,0,0,0,0,0,0,0,1,0,0,0,0,0,0,1,1,1,0,1,0,0
54058,29.634,25.196,3.339,1.099,Eric Adams,240,153,0,0,0,0,0,0,0,0,1,0,0,0,0,0,1,1,1,0,1,0,0
54059,16.696,12.843,2.202,1.651,Eric Adams,5,4,1,0,0,0,0,0,0,0,1,0,0,0,0,0,1,1,0,1,1,0,0
54060,34.944,30.419,2.263,2.263,Eric Adams,172,116,0,0,0,0,0,0,0,1,0,0,0,0,0,0,1,1,0,0,1,0,0
54061,98.166,81.563,15.345,1.257,Eric Adams,724,518,0,0,0,0,0,0,0,1,0,0,0,0,0,0,1,1,0,0,1,0,0
54062,69.939,59.607,8.908,1.424,Eric Adams,401,248,0,0,0,0,0,0,0,1,1,0,0,0,1,0,1,0,0,0,1,0,0
54063,4.749,3.949,0.64,0.16,Eric Adams,72,60,0,0,0,1,0,0,0,1,0,0,0,0,0,0,1,1,0,0,1,0,0
54064,19.391,16.408,2.237,0.746,Eric Adams,187,128,0,0,0,1,0,0,0,0,0,0,0,0,0,0,1,1,0,0,1,0,0
54065,7.992,5.708,1.284,0.999,Eric Adams,0,0,0,0,0,0,0,0,0,0,0,0,0,0,0,0,0,0,0,0,1,0,0
55001,325.153,287.322,12.101,25.731,Eric Adams,1326,1035,0,0,0,0,0,0,0,1,0,0,0,0,0,0,1,0,0,0,1,0,0
55002,190.034,163.831,8.386,17.817,Eric Adams,1177,920,0,0,0,0,0,0,0,1,0,0,1,0,0,0,1,1,0,0,1,0,0
55003,249.871,225.789,10.277,13.805,Eric Adams,1140,851,0,0,0,0,0,0,0,1,0,0,0,0,0,0,1,1,0,0,1,0,0
55004,18,17,0,1,Eric Adams,95,67,0,0,0,0,0,0,0,1,0,0,0,0,0,0,1,1,0,0,1,0,0
55005,264.738,240.251,8.866,15.622,Eric Adams,1173,906,0,0,0,0,0,0,0,1,0,0,0,0,0,0,1,0,0,0,1,0,0
55006,201.247,186.151,6.038,9.057,Eric Adams,978,790,0,0,0,0,0,0,0,1,0,0,0,0,0,0,1,0,0,0,1,0,0
55007,228.011,203.102,8.718,16.191,Eric Adams,1244,980,0,0,0,0,0,0,0,1,0,0,0,0,0,0,1,1,0,0,1,0,0
55008,279.917,257.071,12.698,10.148,Eric Adams,1319,1042,0,0,0,0,0,0,0,1,0,0,0,0,0,0,1,0,1,0,1,0,0
55009,235.874,212.442,9.964,13.469,Eric Adams,1247,990,0,0,0,0,0,0,0,1,0,0,0,0,0,0,1,1,0,0,1,0,0
55010,239.433,219.477,6.949,13.008,Eric Adams,1267,986,0,0,0,0,0,0,0,1,0,0,0,0,0,0,1,1,0,0,1,0,0
55011,157.458,141.019,5.692,10.747,Eric Adams,1055,701,0,0,0,0,0,0,0,1,0,0,0,0,0,0,1,1,0,0,1,0,0
55012,285.224,263.613,7.444,14.167,Eric Adams,1236,964,0,0,0,0,0,0,0,1,0,0,0,0,0,0,1,1,0,0,1,0,0
55013,221.923,183.626,18.688,19.609,Eric Adams,1378,1029,0,0,0,0,0,0,0,1,1,0,0,0,1,0,1,1,0,0,1,0,0
55014,179.764,156.813,11.891,11.06,Eric Adams,1146,803,0,0,0,0,0,0,0,0,0,0,0,0,1,0,1,1,0,0,1,0,0
55015,259.312,228.56,24.422,6.33,Eric Adams,1577,1139,0,0,0,0,0,0,0,1,0,0,0,0,1,0,1,1,0,0,1,0,0
55016,362.813,342.783,14.654,5.376,Eric Adams,1355,1096,0,0,0,0,0,0,0,1,0,0,0,0,0,0,1,1,0,0,1,0,1
55017,47.992,39.397,6.954,1.642,Eric Adams,326,241,0,0,1,0,0,0,0,0,1,0,0,0,0,0,1,1,1,0,1,0,0
55018,27.851,27.204,0,0.648,Eric Adams,104,64,1,0,0,0,0,0,0,1,0,0,0,0,0,0,1,1,0,0,1,0,0
55019,148.655,135.987,10.922,1.746,Eric Adams,1139,827,0,0,0,0,0,0,0,1,0,0,0,0,0,0,1,1,0,0,1,0,1
55020,128.503,116.009,10.28,2.215,Eric Adams,1081,738,0,0,0,0,0,0,0,1,0,0,0,0,1,0,1,1,0,0,1,0,1
55021,104.06,91.285,10.989,1.785,Eric Adams,202,131,1,0,0,0,0,0,0,1,0,0,0,0,0,0,1,1,0,0,1,0,0
55022,79.804,77.757,2.046,0,Eric Adams,330,259,0,0,0,0,0,0,0,0,1,0,0,0,1,0,0,0,1,0,1,0,1
55023,130.821,117.746,10.704,2.37,Eric Adams,1395,902,0,0,0,0,0,0,0,1,0,0,0,0,1,0,1,1,0,0,1,0,0
55024,214.179,198.254,12.296,3.63,Eric Adams,1328,834,0,0,0,0,0,0,0,1,0,0,0,0,1,0,1,1,0,0,1,0,1
55025,200.67,188.369,10.64,1.66,Eric Adams,1639,999,0,0,0,0,0,0,0,1,0,0,0,0,1,0,1,1,0,0,1,0,0
55026,183,165,16,2,Eric Adams,1354,857,0,0,0,0,0,0,0,1,1,0,0,0,1,0,0,0,1,0,1,0,1
55027,138,129,7,2,Eric Adams,983,626,0,0,0,0,0,0,0,1,1,0,0,0,1,0,0,0,1,0,1,0,1
55028,167,153,11,3,Eric Adams,904,616,0,0,0,0,0,0,0,1,0,0,0,0,1,0,0,0,1,0,1,0,1
55029,199.161,181.476,11.879,5.807,Eric Adams,691,515,0,0,0,0,0,0,0,1,0,0,0,0,1,0,1,1,1,0,1,0,1
55030,330.739,306.242,18.942,5.555,Eric Adams,1319,954,0,0,0,0,0,0,0,1,0,0,0,0,1,0,1,1,1,0,1,0,0
55031,32.838,29.853,1.866,1.119,Eric Adams,127,94,0,0,0,0,0,0,0,1,0,0,0,0,0,0,1,1,0,0,1,0,0
55032,157.219,148.953,6.41,1.856,Eric Adams,865,601,0,0,0,0,0,0,0,1,0,0,0,0,0,0,1,0,0,0,1,0,0
55033,290.953,279.132,7.715,4.106,Eric Adams,1558,1181,0,0,0,0,0,0,0,1,0,0,0,0,0,0,1,0,0,0,1,0,0
55034,108.351,103.742,2.807,1.802,Eric Adams,624,454,0,0,0,0,0,0,0,1,0,0,0,0,0,0,1,1,0,0,1,0,0
55035,110.253,102.049,7.574,0.63,Eric Adams,359,305,0,0,0,0,0,0,0,1,0,0,0,0,0,0,1,1,0,0,1,0,0
55036,239.457,228.404,7.673,3.38,Eric Adams,1311,1012,0,0,0,0,0,0,0,1,0,0,0,0,0,0,1,1,1,0,1,0,0
55037,53,47,5,1,Eric Adams,270,206,0,0,0,0,0,0,0,1,0,0,0,0,0,0,1,1,0,0,1,0,0
55038,288.734,270.781,16.388,1.564,Eric Adams,1666,1233,0,0,0,0,0,0,0,1,0,0,0,0,1,0,1,0,1,0,1,0,0
55039,353.022,321.434,31.017,0.571,Eric Adams,1331,990,0,0,0,0,0,0,0,1,0,0,0,0,1,0,1,1,1,0,1,0,1
55040,172.539,163.842,8.697,0,Eric Adams,952,724,0,0,0,0,0,0,0,1,1,0,0,0,0,0,1,1,1,0,1,0,0
55041,197,179,16,2,Eric Adams,1040,718,0,0,0,0,0,0,0,1,0,0,0,0,1,0,1,1,0,0,1,0,0
55042,133,122,7,4,Eric Adams,1266,782,0,0,0,0,0,0,0,1,0,0,0,0,1,0,1,1,0,0,1,0,0
55043,131.614,119.488,10.558,1.568,Eric Adams,817,557,0,0,0,0,0,0,0,1,0,0,0,0,1,0,1,1,0,0,1,0,0
55044,206.812,193.267,10.445,3.099,Eric Adams,1230,896,0,0,0,0,0,0,0,1,0,0,0,0,1,0,1,0,0,0,1,0,0
55045,305.268,288.487,13.245,3.536,Eric Adams,1486,1063,0,0,0,0,0,0,0,1,0,0,0,0,0,0,1,1,0,0,1,0,0
55046,188.035,178.3,6.418,3.317,Eric Adams,815,551,0,0,0,0,0,0,0,1,0,0,0,0,1,0,1,0,0,0,1,0,1
55047,304.01,281.551,19.547,2.912,Eric Adams,1286,927,0,0,0,0,0,0,0,1,0,0,0,0,1,0,1,0,0,0,1,0,0
55048,279.427,259.562,16.759,3.107,Eric Adams,1566,1083,0,0,0,0,0,0,0,1,0,0,0,0,1,0,1,1,0,0,1,0,1
55049,283.556,267.56,13.397,2.599,Eric Adams,1669,1193,0,0,0,0,0,0,0,1,0,0,0,0,0,0,1,1,0,0,1,0,0
55050,211.294,201.646,7.161,2.487,Eric Adams,1553,1081,0,0,0,0,0,0,0,1,0,0,0,0,1,0,1,1,0,0,1,0,1
55051,332.271,296.671,26.267,9.333,Eric Adams,1707,1296,0,0,0,0,0,0,0,1,0,0,0,0,0,0,1,1,0,0,1,0,1
55052,252.869,234.207,9.824,8.838,Eric Adams,1624,1190,0,0,0,0,0,0,0,1,0,0,0,0,0,0,1,1,0,0,1,0,1
55053,255.155,241.777,5.432,7.946,Eric Adams,1625,1151,0,0,0,0,0,0,0,1,0,0,0,0,0,0,1,1,0,0,1,0,1
55054,79.051,75.481,2.55,1.02,Eric Adams,310,226,0,0,0,0,0,0,0,1,0,0,0,0,0,0,1,1,0,0,1,0,0
55055,205.62,190.45,10.31,4.86,Eric Adams,1069,830,0,0,0,0,0,0,0,1,0,0,0,0,0,0,1,1,0,0,1,0,0
55056,265.233,245.376,13.006,6.852,Eric Adams,1397,1015,0,0,0,0,0,0,0,1,0,0,0,0,0,0,1,1,0,0,1,0,1
55057,266.654,245.399,13.254,8,Eric Adams,1519,1077,0,0,0,0,0,0,0,1,0,0,0,0,0,0,1,1,0,0,1,0,0
55058,1,0,1,0,Curtis Sliwa,6,4,0,0,0,0,0,1,0,1,0,0,0,0,0,0,1,1,0,0,0,1,0
55059,230.71,214.597,9.063,7.049,Eric Adams,1581,1088,0,0,0,0,0,0,0,1,0,0,0,0,0,0,1,1,0,0,1,0,0
55060,207.762,189.951,9.483,8.328,Eric Adams,1103,797,0,0,0,0,0,0,0,1,0,0,0,0,0,0,1,1,0,0,1,0,0
55061,152.678,138.981,5.884,7.813,Eric Adams,782,607,0,0,0,0,0,0,0,1,0,0,0,0,0,0,1,1,0,0,1,0,0
55062,157,150,4,3,Eric Adams,850,654,0,0,0,0,0,0,0,1,0,0,0,0,1,0,1,1,1,0,1,0,0
55063,319.652,296.241,17.515,5.896,Eric Adams,1536,1150,0,0,0,0,0,0,0,1,0,0,0,0,1,0,1,1,1,0,1,0,0
55064,395,363,23,9,Eric Adams,1244,986,0,0,0,0,0,0,0,1,0,0,0,0,0,0,1,0,0,0,1,0,0
55065,0,0,0,0,Tie,0,0,0,0,0,0,0,0,0,0,0,0,0,0,0,0,0,0,0,0,0,0,0
55066,0,0,0,0,Tie,14,11,0,0,0,0,0,0,0,1,0,0,0,0,0,0,1,1,0,0,0,0,0
56001,167.508,149.589,14.021,3.898,Eric Adams,1493,917,1,0,0,0,0,0,0,1,1,0,0,0,1,0,1,1,0,0,1,0,0
56002,146.885,126.452,14.836,5.597,Eric Adams,1294,858,1,0,0,0,0,0,0,1,1,0,0,0,1,0,1,1,0,0,1,0,0
56003,304.951,257.998,33.963,12.99,Eric Adams,1360,1068,0,1,0,0,0,0,0,0,1,0,0,1,0,0,1,1,0,1,1,0,0
56004,136.857,106.784,18.053,12.02,Eric Adams,1019,781,0,0,0,0,0,0,0,0,1,0,0,1,0,0,1,1,0,0,1,0,0
56005,165.774,140.351,22.497,2.926,Eric Adams,1504,982,0,0,0,0,0,0,0,1,1,0,0,0,1,0,1,1,0,0,1,0,0
56006,232.891,200.03,29.393,3.468,Eric Adams,1347,882,1,0,0,0,0,0,0,1,1,0,0,0,1,0,1,1,0,0,1,0,0
56007,175.134,154.796,18.237,2.101,Eric Adams,1412,929,1,0,0,0,0,0,0,1,1,0,0,0,1,0,0,0,1,0,1,0,0
56008,171.637,135.488,11.429,24.719,Eric Adams,1253,1004,0,1,0,0,0,0,1,0,0,0,1,0,0,0,1,1,0,0,1,0,0
56009,283.871,236.939,17.264,29.668,Eric Adams,1236,1014,0,0,0,0,0,0,1,1,0,0,0,0,0,0,1,1,0,0,1,0,0
56010,244.379,206.077,13.65,24.652,Eric Adams,1189,909,0,0,0,0,0,0,0,0,0,0,1,0,0,0,1,1,0,0,1,0,0
56011,249.136,207.183,6.658,35.296,Eric Adams,1566,1224,0,0,0,0,0,0,0,0,0,0,0,0,0,0,1,1,0,0,1,0,0
56012,269.698,221.847,18.93,28.921,Eric Adams,1694,1370,0,0,0,0,0,0,0,1,0,0,0,0,0,0,1,1,0,0,1,0,0
56013,278.561,244.08,17.074,17.407,Eric Adams,1456,1155,0,0,0,0,0,0,0,1,0,0,0,0,0,0,1,1,0,0,1,0,0
56014,186.955,164.213,6.523,16.219,Eric Adams,1489,1099,0,0,0,0,0,0,0,0,0,0,0,0,0,0,1,1,0,0,1,0,0
56015,125.825,108.125,8.769,8.931,Eric Adams,1248,783,0,0,0,0,0,0,0,1,0,0,0,0,0,0,1,1,0,0,1,0,0
56016,213.045,189.787,9.477,13.781,Eric Adams,1383,930,0,0,0,0,0,0,0,1,0,0,0,0,0,0,1,1,0,0,1,0,0
56017,224.893,195.261,15.227,14.405,Eric Adams,1388,1033,0,0,0,0,0,0,0,0,0,0,0,0,0,0,1,1,0,0,1,0,0
56018,12,9,2,1,Eric Adams,92,70,0,0,0,0,0,0,0,1,0,0,0,0,0,0,1,1,0,0,1,0,0
56019,252.726,213.061,16.613,23.052,Eric Adams,1215,959,0,0,0,0,0,0,1,0,0,0,0,0,0,0,1,1,0,0,1,0,0
56020,293.449,250.897,15.172,27.38,Eric Adams,1434,1189,0,0,0,0,0,0,0,1,0,0,0,0,0,0,1,1,0,0,1,0,0
56021,294.928,253.013,13.691,28.225,Eric Adams,1232,1024,0,0,0,0,0,0,0,1,0,0,1,0,0,0,1,1,0,0,1,0,0
56022,184,154,8,22,Eric Adams,1007,794,0,0,0,0,0,0,0,1,0,0,1,0,0,0,1,1,0,0,1,0,0
56023,243,209,12,22,Eric Adams,1044,791,0,0,0,0,0,0,0,1,0,0,1,0,0,0,1,0,0,0,1,0,0
56024,292.805,239.391,19.166,34.248,Eric Adams,1716,1278,0,0,0,0,0,0,0,1,0,0,1,0,0,0,1,0,0,0,1,0,0
56025,191.086,159.084,9.232,22.769,Eric Adams,1533,1208,0,0,0,0,0,0,0,1,0,0,0,0,0,0,1,1,0,0,1,0,0
56026,303.94,264.617,18.33,20.993,Eric Adams,1634,1212,0,0,0,0,0,0,0,1,0,0,0,0,0,0,1,1,0,0,1,0,0
56027,276.074,235.646,12.754,27.673,Eric Adams,1561,1251,0,0,0,0,0,0,0,1,0,0,1,0,0,0,1,1,0,0,1,0,0
56028,228.128,196.611,7.003,24.513,Eric Adams,1387,1095,0,0,0,0,0,0,0,1,0,0,1,0,0,0,1,1,0,0,1,0,0
56029,359.27,326.668,13.021,19.58,Eric Adams,1662,1315,0,0,0,0,0,0,0,1,0,0,1,0,0,0,1,0,0,0,1,0,0
56030,270.677,238.342,11.334,21.001,Eric Adams,1318,1046,0,0,0,0,0,0,0,1,0,0,0,0,0,0,1,1,0,0,1,0,0
56031,204.917,181.927,7.164,15.827,Eric Adams,1317,983,0,0,0,0,0,0,0,1,0,0,1,0,0,0,1,1,0,0,1,0,0
56032,343.37,292.366,10.501,40.504,Eric Adams,1494,1190,0,0,0,0,0,0,1,0,0,0,1,0,0,0,1,1,0,0,1,0,0
56033,321.262,277.977,9.257,34.028,Eric Adams,1415,1090,0,0,0,0,0,0,0,1,0,0,0,0,0,0,1,1,0,0,1,0,0
56034,215.09,196.417,10.671,8.002,Eric Adams,1382,1004,0,0,0,0,0,0,0,1,0,0,0,0,0,0,1,1,0,0,1,0,0
56035,358.58,324.253,15.996,18.331,Eric Adams,1413,1101,0,0,0,0,0,0,0,1,0,0,0,0,0,0,1,0,1,0,1,0,0
56036,262.931,231.929,11.769,19.232,Eric Adams,1485,1144,0,0,0,0,0,0,0,1,0,0,1,0,0,0,1,1,0,0,1,0,0
56037,381.676,335.675,18,28.001,Eric Adams,1640,1289,0,0,0,0,0,0,0,1,0,0,1,0,0,0,1,1,0,0,1,0,0
56038,327.825,281.233,11.933,34.66,Eric Adams,1386,1144,0,0,0,0,0,0,0,1,0,0,0,0,0,0,1,0,0,0,1,0,0
56039,241.723,217.05,7.336,17.338,Eric Adams,1206,922,0,0,0,0,0,0,0,1,0,0,0,0,0,0,1,1,0,0,1,0,0
56040,315.359,278.901,12.828,23.631,Eric Adams,1158,942,0,0,0,0,0,0,0,1,0,0,1,0,0,0,1,0,0,0,1,0,0
56041,297.785,253.435,12.66,31.689,Eric Adams,1285,1008,0,0,0,0,0,0,0,1,0,0,1,0,0,0,1,1,0,0,1,0,0
56042,266.948,232.445,12.12,22.383,Eric Adams,1279,1019,0,0,0,0,0,0,0,1,0,0,0,0,0,0,1,1,0,0,1,0,0
56043,357.879,318,11.49,28.39,Eric Adams,1309,1030,0,0,0,0,0,0,0,1,0,0,0,0,0,0,1,1,0,0,1,0,0
56044,360.276,313.305,10.216,36.755,Eric Adams,1283,1059,0,0,0,0,0,0,1,1,0,0,1,0,0,0,1,1,0,0,1,0,0
56045,255.365,217.053,9.96,28.352,Eric Adams,1292,1008,0,0,0,0,0,0,0,1,0,0,1,0,0,0,1,1,1,0,1,0,0
56046,366.282,319.044,13.11,34.127,Eric Adams,1422,1117,0,0,0,0,0,0,0,1,0,0,1,0,0,0,1,1,0,0,1,0,0
56047,384.892,331.484,17.247,36.16,Eric Adams,1468,1181,0,0,0,0,0,0,0,1,0,0,0,0,0,0,1,0,0,0,1,0,0
56048,409.066,367.393,10.001,31.672,Eric Adams,1473,1175,0,0,0,0,0,0,0,1,0,0,1,0,0,0,1,0,0,0,1,0,0
56049,372.673,333.107,16.447,23.119,Eric Adams,1528,1194,0,0,0,0,0,0,1,0,0,0,0,0,0,0,1,0,0,0,1,0,0
56050,381.603,348.153,8.894,24.556,Eric Adams,1720,1380,0,0,0,0,0,0,0,1,0,0,0,0,0,0,1,1,0,0,1,0,0
56051,135,124,4,7,Eric Adams,908,597,0,0,0,0,0,0,0,1,0,0,0,0,0,0,1,1,0,0,1,0,0
56052,165.854,158.037,6.839,0.979,Eric Adams,959,669,0,0,0,0,0,0,0,1,0,0,0,0,0,0,1,1,0,0,1,0,0
56053,287.804,238.829,11.582,37.392,Eric Adams,1494,1221,0,0,0,0,0,0,1,1,0,0,1,0,0,0,1,1,0,0,1,0,0
56054,131.927,112.568,5.019,14.34,Eric Adams,848,658,0,0,0,1,0,0,0,1,0,0,0,0,0,0,1,1,0,0,1,0,0
56055,222.705,199.997,8.734,13.974,Eric Adams,1065,868,0,0,0,0,0,0,0,1,0,0,0,0,0,0,1,1,0,0,1,0,0
56056,447.916,406.493,18.254,23.169,Eric Adams,1759,1351,0,0,0,0,0,0,0,1,0,0,0,0,0,1,0,0,0,0,1,0,0
56057,105.339,100.122,3.365,1.853,Eric Adams,498,352,0,0,0,0,0,0,0,1,0,0,0,0,0,0,1,1,1,0,1,0,0
56058,430.124,377.675,13.948,38.502,Eric Adams,1717,1443,0,0,0,0,0,0,0,1,0,0,1,0,0,0,1,0,1,0,1,0,0
56059,190.468,162.273,5.736,22.459,Eric Adams,918,749,0,0,0,0,0,0,0,1,0,0,1,0,0,0,1,0,1,0,1,0,0
56060,164.025,144.105,8.354,11.566,Eric Adams,1023,757,0,0,0,0,0,0,0,1,0,0,0,0,0,0,1,1,0,0,1,0,0
56061,164.026,145.871,8.886,9.269,Eric Adams,795,648,0,0,0,0,0,0,0,1,0,0,0,0,0,0,1,1,0,0,1,0,0
56062,225.19,213.861,8.865,2.464,Eric Adams,1404,1106,0,0,0,0,0,0,0,1,0,0,0,0,0,0,1,1,0,0,1,0,0
56063,278.733,251.562,7.201,19.97,Eric Adams,1306,1053,0,0,0,0,0,0,0,1,0,0,1,0,0,0,1,0,1,0,1,0,0
56064,329.911,291.999,14.966,22.947,Eric Adams,1488,1051,0,0,0,0,0,0,0,1,0,0,0,0,0,0,1,1,0,0,1,0,0
56065,107.866,95.34,8.351,4.175,Eric Adams,627,486,0,0,0,0,0,0,0,1,0,0,0,0,0,0,1,1,0,0,1,0,0
56066,106.977,99.089,4.682,3.207,Eric Adams,661,478,0,0,0,0,0,0,0,1,0,0,0,0,0,1,0,0,0,0,1,0,0
56067,168.48,156.706,7.173,4.6,Eric Adams,809,595,0,0,0,0,0,0,0,1,0,0,0,0,0,0,1,1,0,0,1,0,0
56068,69.007,62.566,3.68,2.76,Eric Adams,771,491,0,0,0,0,0,0,0,1,0,0,0,0,0,0,1,1,1,0,1,0,0
56069,330.298,280.047,12.069,38.182,Eric Adams,1346,1096,0,0,0,0,0,0,0,1,0,0,1,0,0,0,1,1,0,0,1,0,0
56070,6,5,1,0,Eric Adams,221,168,0,0,0,0,0,0,0,0,1,0,0,0,0,0,1,1,0,0,1,0,0
57001,186.797,165.021,14.83,6.946,Eric Adams,1369,874,0,0,0,0,1,0,0,1,0,0,0,0,1,0,1,1,1,0,1,0,1
57002,212.611,187.079,22.375,3.157,Eric Adams,1273,858,0,0,0,0,0,0,0,1,1,0,0,0,1,0,1,1,1,0,1,0,1
57003,235.578,204.606,20.478,10.494,Eric Adams,1405,913,0,0,0,0,1,0,0,1,0,0,1,0,0,0,1,1,0,0,1,0,1
57004,215.369,181.236,24.371,9.761,Eric Adams,1291,852,0,0,0,0,1,0,0,1,0,0,0,0,1,0,1,1,1,0,1,0,1
57005,194.401,174.023,16.055,4.323,Eric Adams,754,502,0,0,0,0,0,0,0,1,0,0,0,0,1,0,1,1,1,0,1,0,0
57006,140.353,128.499,9.094,2.76,Eric Adams,866,592,0,0,0,0,0,0,0,1,1,0,0,0,0,0,1,1,0,0,1,0,0
57007,163.612,144.557,14.852,4.203,Eric Adams,1129,717,0,0,0,0,0,0,0,1,0,0,0,0,0,0,1,1,0,0,1,0,0
57008,388.961,335.585,21.18,32.196,Eric Adams,1400,1145,0,0,0,0,0,0,1,0,0,0,1,1,0,0,1,0,0,0,1,0,1
57009,232.814,197.592,10.316,24.906,Eric Adams,1266,976,0,0,0,0,0,0,1,0,0,0,1,1,0,0,1,1,0,0,1,0,0
57010,482.66,419.195,26.326,37.139,Eric Adams,1696,1449,0,0,0,0,0,0,1,0,0,0,1,0,0,1,0,1,0,0,1,0,0
57011,516.915,462.162,16.449,38.303,Eric Adams,1443,1209,0,0,0,0,0,0,0,1,0,0,1,0,0,1,0,0,1,0,1,0,0
57012,85.446,62.972,17.345,5.129,Eric Adams,516,392,0,1,0,0,0,0,1,0,0,0,1,0,0,0,1,1,0,0,1,0,1
57013,98.192,58.497,27.146,12.55,Eric Adams,1670,1315,0,1,0,0,0,0,1,0,0,0,0,0,0,0,1,1,0,1,1,0,1
57014,95.889,66.177,19.02,10.693,Eric Adams,941,741,0,1,0,0,0,0,1,0,0,0,1,0,0,0,1,1,0,1,1,0,1
57015,305.579,271.354,14.057,20.168,Eric Adams,1095,1006,0,0,0,0,0,0,1,0,0,0,1,1,0,0,1,1,1,0,1,0,1
57016,337.978,291.265,25.449,21.264,Eric Adams,1269,1148,0,0,0,0,0,0,1,0,0,0,1,1,0,0,1,1,1,0,1,0,1
57017,155.127,135.53,6.943,12.654,Eric Adams,1354,1228,0,0,0,0,0,0,1,0,0,0,1,1,0,0,1,1,0,0,1,0,1
57018,114.271,99.911,5.983,8.377,Eric Adams,638,597,0,0,0,0,0,0,1,0,0,0,1,1,0,0,1,1,0,0,1,0,1
57019,260.325,232.985,8.704,18.635,Eric Adams,971,868,0,0,0,0,0,0,1,0,0,0,1,1,0,0,1,1,0,0,1,0,0
57020,481.893,430.061,14.631,37.2,Eric Adams,1190,1043,0,0,1,0,0,0,1,0,0,0,1,1,0,0,1,1,0,0,1,0,0
57021,418.266,370.985,9.514,37.767,Eric Adams,1141,995,0,0,0,0,0,0,1,0,0,0,1,1,0,0,1,1,0,0,1,0,1
57022,452.298,402.759,6.372,43.168,Eric Adams,1317,1169,0,0,0,0,0,0,1,0,0,0,1,1,0,0,1,1,0,0,1,0,0
57023,346,297,10,39,Eric Adams,1449,1191,0,0,0,0,0,0,1,0,0,0,1,0,0,1,0,0,1,0,1,0,0
57024,174,152,6,16,Eric Adams,850,676,0,0,0,0,0,0,1,0,0,0,1,0,0,0,1,1,0,0,1,0,0
57025,117.411,90.574,11.406,15.431,Eric Adams,1203,990,0,1,0,0,0,0,1,0,0,0,1,1,0,0,1,1,0,0,1,0,1
57026,370.758,318.359,26.04,26.359,Eric Adams,1054,912,0,0,0,0,0,0,0,0,0,0,0,0,0,0,1,0,1,0,1,0,1
57027,449.673,412.405,12.972,24.295,Eric Adams,1463,1242,0,0,0,0,0,0,1,0,0,0,1,1,0,0,1,1,0,0,1,0,0
57028,444.863,409.677,13.819,21.366,Eric Adams,1803,1507,0,0,0,0,0,0,0,1,0,0,0,0,0,0,1,0,1,0,1,0,0
57029,522.276,470.233,19.058,32.984,Eric Adams,1139,978,0,0,0,0,0,0,1,0,0,0,1,0,0,1,0,0,0,0,1,0,0
57030,633.724,560.767,40.942,32.016,Eric Adams,1691,1435,0,0,0,0,0,0,0,1,0,0,1,0,0,1,0,1,0,0,1,0,0
57031,292,251,29,12,Eric Adams,1750,1124,0,0,0,0,0,0,0,1,1,0,1,0,0,0,1,1,0,0,1,0,0
57032,280.087,220.643,20.304,39.139,Eric Adams,1372,1197,0,1,0,0,0,0,1,0,0,0,1,1,0,0,1,1,0,0,1,0,1
57033,339.62,304.305,5.992,29.323,Eric Adams,1634,1320,0,0,0,0,0,0,0,1,0,0,1,0,0,0,1,0,1,0,1,0,1
57034,329.876,283.547,10.894,35.435,Eric Adams,1629,1400,0,0,0,0,0,0,1,0,0,0,1,0,0,0,1,1,0,0,1,0,1
57035,362.421,313.008,10.809,38.604,Eric Adams,1597,1294,0,0,0,0,0,0,0,1,0,0,1,0,0,0,1,0,1,0,1,0,1
57036,420.405,362.744,17.641,40.02,Eric Adams,1694,1407,0,0,0,0,0,0,1,1,0,0,1,0,0,0,1,0,0,0,1,0,1
57037,420.96,355.052,15.773,50.136,Eric Adams,1711,1452,0,0,0,0,0,0,0,1,0,0,1,0,0,0,1,0,0,0,1,0,1
57038,246.495,214.653,9.866,21.976,Eric Adams,1210,1028,0,0,0,0,0,0,0,0,0,0,1,0,0,0,1,1,0,0,1,0,1
57039,179.714,156.941,5.951,16.822,Eric Adams,988,844,0,0,0,0,0,0,1,0,0,0,1,0,0,0,1,1,0,0,1,0,0
57040,215.574,184.874,5.321,25.379,Eric Adams,964,816,0,0,0,0,0,0,0,1,0,0,1,0,0,0,1,1,0,0,1,0,1
57041,198,176,2,20,Eric Adams,894,754,0,0,0,0,0,0,1,0,0,0,1,0,0,0,1,1,1,0,1,0,1
57042,178,157,7,14,Eric Adams,872,738,0,0,0,0,0,0,0,1,0,0,1,1,0,0,1,1,0,0,1,0,1
57043,589.536,524.543,18.947,46.045,Eric Adams,1500,1359,0,0,0,0,0,0,1,0,0,0,1,1,0,0,1,1,0,0,1,0,0
57044,393.807,355.976,9.009,28.821,Eric Adams,1185,1069,0,0,0,0,0,0,1,0,0,0,1,1,0,0,1,0,0,0,1,0,0
57045,314,273,10,31,Eric Adams,1097,954,0,0,0,0,0,0,1,0,0,0,1,1,0,0,1,0,0,0,1,0,0
57046,354.244,318.3,5.306,30.638,Eric Adams,1313,1172,0,0,0,0,0,0,1,0,0,0,1,1,0,0,1,0,0,0,1,0,0
57047,433.666,380.766,10.019,42.881,Eric Adams,1544,1385,0,0,0,0,0,0,1,0,0,0,1,0,0,0,1,1,0,0,1,0,0
57048,434.465,371.457,17.053,45.955,Eric Adams,1588,1434,0,0,0,0,0,0,1,0,0,0,1,1,0,0,1,1,0,0,1,0,0
57049,465.694,431.588,7.433,26.672,Eric Adams,1657,1476,0,0,0,0,0,0,1,0,0,0,1,1,0,0,1,0,0,0,1,0,0
57050,433.306,382.411,15.567,35.328,Eric Adams,1432,1221,0,0,0,0,0,0,1,0,0,0,1,1,0,0,1,0,0,0,1,0,0
57051,467.974,405.583,11.01,51.38,Eric Adams,1835,1593,0,0,0,0,0,0,1,0,0,0,1,0,0,0,1,1,0,0,1,0,0
57052,336.409,293.462,8.459,34.487,Eric Adams,1207,1091,0,0,0,0,0,0,1,0,0,0,1,1,0,0,1,0,0,0,1,0,0
57053,167.971,145.43,4.141,18.401,Eric Adams,1075,865,0,0,0,0,0,0,1,1,0,0,1,0,0,0,1,1,1,0,1,0,1
57054,337.312,273.335,11.575,52.401,Eric Adams,1116,1002,0,0,0,0,0,0,1,0,0,0,1,1,0,0,1,0,0,0,1,0,0
57055,387.139,325.699,9.989,51.451,Eric Adams,1394,1171,0,0,0,0,0,0,0,1,0,0,1,0,0,0,1,1,1,0,1,0,0
57056,434.248,377.363,14.172,42.713,Eric Adams,1528,1306,0,0,0,0,0,0,0,1,0,0,1,0,0,0,1,1,0,0,1,0,0
57057,392.256,358.286,8.625,25.345,Eric Adams,1529,1321,0,0,0,0,0,0,1,0,0,0,1,0,0,0,1,1,0,0,1,0,1
57058,302.338,256.327,6.654,39.356,Eric Adams,1228,1025,0,0,0,0,0,0,1,0,0,0,1,1,0,0,1,1,0,0,1,0,0
57059,299.858,262.303,7.003,30.551,Eric Adams,1151,950,0,0,0,0,0,0,1,1,0,0,1,1,0,0,1,1,0,0,1,0,1
57060,466.583,412.675,9.127,44.78,Eric Adams,1839,1586,0,0,0,0,0,0,0,1,0,0,0,0,0,0,1,0,1,0,1,0,1
57061,390.886,351.034,11.804,28.047,Eric Adams,1738,1421,0,0,0,0,0,0,0,1,0,0,0,0,0,0,1,1,0,0,1,0,1
57062,234.114,210.966,7.196,15.953,Eric Adams,1355,1100,0,0,0,0,0,0,1,1,0,0,0,0,0,0,1,1,0,0,1,0,0
57063,423.419,374.138,13.293,35.989,Eric Adams,1552,1252,0,0,0,0,0,0,0,1,0,0,0,0,0,0,1,1,1,0,1,0,0
57064,414.453,385.315,13.33,15.807,Eric Adams,1188,939,0,0,0,0,0,0,0,1,0,0,0,0,0,0,1,1,0,0,1,0,0
57065,449,414,19,16,Eric Adams,1578,1282,0,0,0,1,0,0,0,1,0,0,0,0,0,0,1,1,0,0,1,0,0
57066,144.127,127.546,6.377,10.204,Eric Adams,943,753,0,0,0,0,0,0,0,1,0,0,0,0,0,0,1,0,1,0,1,0,0
57067,56.268,50.491,2.29,3.487,Eric Adams,111,100,0,0,0,0,0,0,0,0,0,0,0,0,0,0,1,0,1,0,1,0,0
57068,146.517,125.482,5.077,15.957,Eric Adams,492,450,0,0,0,0,0,0,0,1,0,0,1,1,0,0,1,0,0,0,1,0,0
57069,70.076,61.271,3.669,5.136,Eric Adams,192,173,0,0,0,0,0,0,1,0,0,0,1,1,0,0,1,1,0,0,1,0,0
57070,8.521,7.475,0.261,0.784,Eric Adams,704,621,0,0,0,0,0,0,0,1,0,0,0,0,0,0,1,0,1,0,1,0,0
57071,107.049,66.713,31.066,9.271,Eric Adams,1202,933,0,1,0,0,0,0,1,0,0,0,0,0,0,0,1,1,0,1,1,0,0
57072,81,69,4,8,Eric Adams,622,452,0,1,0,0,0,0,1,0,0,0,1,0,0,1,0,1,0,0,1,0,0
57073,375.939,324.995,20.707,30.237,Eric Adams,1508,1341,0,0,0,0,0,0,1,0,0,0,1,1,0,0,1,1,0,0,1,0,1
57074,372.547,328.554,16.872,27.121,Eric Adams,1003,875,0,0,0,0,0,0,1,0,0,0,1,1,0,0,1,1,0,0,1,0,1
57075,18.096,14.811,1.978,1.307,Eric Adams,56,46,0,1,1,0,0,0,1,0,0,0,1,1,0,0,1,1,0,0,1,0,0
57076,57.603,44.438,5.596,7.569,Eric Adams,23,21,0,0,0,0,0,0,1,0,0,0,1,1,0,0,1,1,0,0,1,0,0
57077,4.155,3.605,0.103,0.446,Eric Adams,0,0,0,0,0,0,0,0,0,0,0,0,0,0,0,0,0,0,0,0,1,0,0
57078,12.091,10.661,0.638,0.793,Eric Adams,0,0,0,0,0,0,0,0,0,0,0,0,0,0,0,0,0,0,0,0,1,0,0
57079,2.06,1.822,0.066,0.171,Eric Adams,0,0,0,0,0,0,0,0,0,0,0,0,0,0,0,0,0,0,0,0,1,0,0
57080,1.234,1.088,0.065,0.081,Eric Adams,0,0,0,0,0,0,0,0,0,0,0,0,0,0,0,0,0,0,0,0,1,0,0
57081,122.29,109.726,11.579,0.985,Eric Adams,0,0,0,0,0,0,0,0,0,0,0,0,0,0,0,0,0,0,0,0,1,0,0
58001,219.69,204.013,11.98,3.697,Eric Adams,973,711,0,0,0,0,0,0,0,1,0,0,0,0,0,0,1,0,0,0,1,0,0
58002,198.166,186.043,6.327,5.796,Eric Adams,879,705,0,0,0,0,0,0,0,1,0,0,0,0,0,0,1,0,0,0,1,0,0
58003,322.615,306.437,9.314,6.863,Eric Adams,1472,1122,0,0,0,0,0,0,0,1,0,0,0,0,0,0,1,0,1,0,1,0,0
58004,206,197,9,0,Eric Adams,1081,834,0,0,0,0,0,0,0,1,0,0,0,0,0,0,1,1,0,0,1,0,0
58005,216.993,205.596,11.088,0.309,Eric Adams,1062,763,0,0,0,0,0,0,0,1,0,0,0,0,0,0,1,0,1,0,1,0,0
58006,178.333,170.543,6.349,1.441,Eric Adams,1018,765,0,0,0,0,0,0,0,1,0,0,0,0,0,0,1,1,1,0,1,0,0
58007,287.843,275.833,10.788,1.222,Eric Adams,1401,1021,0,0,0,0,0,0,0,1,0,0,0,0,0,0,1,1,1,0,1,0,0
58008,266,258,6,2,Eric Adams,1399,1024,0,0,0,0,0,0,0,1,0,0,0,0,0,0,1,0,1,0,1,0,0
58009,238.64,225.636,10.34,2.664,Eric Adams,1201,897,0,0,0,0,0,0,0,1,0,0,0,0,0,0,1,0,1,0,1,0,0
58010,264.691,247.761,12.025,4.906,Eric Adams,1026,768,0,0,0,0,0,0,0,1,0,0,0,0,0,0,1,0,1,0,1,0,0
58011,370.545,343.894,22.25,4.401,Eric Adams,1583,1246,0,0,0,0,0,0,0,1,0,0,0,0,0,0,1,0,1,0,1,0,0
58012,301.036,280.628,17.408,3,Eric Adams,1220,914,0,0,0,0,0,0,0,1,0,0,0,0,0,0,1,0,1,0,1,0,0
58013,337.231,322.573,11.259,3.4,Eric Adams,1603,1177,0,0,0,0,0,0,0,1,0,0,0,0,1,0,1,0,1,0,1,0,0
58014,200.56,189.16,8.616,2.784,Eric Adams,1404,1070,0,0,0,0,0,0,0,1,0,0,0,0,0,0,1,1,0,0,1,0,1
58015,281.489,271.038,7.946,2.504,Eric Adams,1364,1028,0,0,0,0,0,0,0,1,0,0,0,0,1,0,1,0,1,0,1,0,0
58016,225.636,209.078,8.342,8.216,Eric Adams,1155,919,0,0,0,0,0,0,0,1,0,0,0,0,1,0,1,0,1,0,1,0,0
58017,260.614,245.834,11.78,3,Eric Adams,1202,962,0,0,0,0,0,0,0,1,0,0,0,0,0,0,1,0,1,0,1,0,0
58018,319.254,305.974,10.853,2.427,Eric Adams,1416,1096,0,0,0,0,0,0,0,1,0,0,0,0,1,0,1,0,1,0,1,0,0
58019,183.083,171.677,9.606,1.799,Eric Adams,1048,835,0,0,0,0,0,0,0,1,0,0,0,0,0,0,1,0,1,0,1,0,0
58020,181.666,168.967,8.67,4.03,Eric Adams,731,567,0,0,0,0,0,0,0,1,0,0,0,0,0,0,1,0,1,0,1,0,0
58021,221,209,8,4,Eric Adams,1149,894,0,0,0,0,0,0,0,1,0,0,0,0,0,0,1,1,1,0,1,0,0
58022,52.903,48.093,3.006,1.804,Eric Adams,384,312,0,0,0,0,0,0,0,1,0,0,0,0,0,0,1,1,0,0,1,0,0
58023,231.525,225.654,3.44,2.431,Eric Adams,1058,843,0,0,0,0,0,0,0,1,0,0,0,0,0,0,1,1,1,0,1,0,0
58024,73.236,66.653,3.703,2.88,Eric Adams,54,42,0,0,0,0,0,0,0,1,0,0,0,0,0,1,0,0,1,0,1,0,0
58025,138.958,134.221,4.563,0.175,Eric Adams,1424,1036,0,0,0,0,0,0,0,1,0,0,0,0,0,0,1,0,1,0,1,0,0
58026,229.091,217.598,7.894,3.598,Eric Adams,1190,917,0,0,0,0,0,0,0,1,0,0,0,0,0,0,1,0,0,0,1,0,0
58027,360.524,346.352,9.253,4.919,Eric Adams,1238,949,0,0,0,0,0,0,0,1,0,0,0,0,0,0,1,0,0,0,1,0,0
58028,393.042,369.882,17.499,5.66,Eric Adams,1466,1124,0,0,0,0,0,0,0,1,0,0,0,0,0,1,0,0,1,0,1,0,0
58029,296.271,283.039,10.585,2.646,Eric Adams,1220,926,0,0,0,0,0,0,0,1,0,0,0,0,0,0,1,0,1,0,1,0,0
58030,190.982,180.897,6.311,3.774,Eric Adams,868,656,0,0,0,0,0,0,0,1,0,0,0,0,0,1,0,0,1,0,1,0,0
58031,260.559,253.797,5.955,0.806,Eric Adams,1039,780,0,0,0,0,0,0,0,1,0,0,0,0,0,1,0,0,1,0,1,0,0
58032,305.123,285.276,14.798,5.049,Eric Adams,1281,959,0,0,0,0,0,0,0,1,0,0,0,0,0,1,0,1,1,0,1,0,0
58033,206.345,194.936,9,2.408,Eric Adams,1242,952,0,0,0,0,0,0,0,1,0,0,0,0,0,1,0,0,1,0,1,0,0
58034,289.937,269.208,12.886,7.844,Eric Adams,1176,882,0,0,0,0,0,0,0,1,0,0,0,0,0,1,0,0,1,0,1,0,0
58035,396.788,383.111,10.049,3.628,Eric Adams,1362,1078,0,0,0,0,0,0,0,1,0,0,0,0,0,1,0,0,1,0,1,0,0
58036,257.993,245.008,10.827,2.157,Eric Adams,1022,775,0,0,0,0,0,0,0,1,0,0,0,0,0,1,0,0,1,0,1,0,0
58037,307.432,293.807,7.821,5.803,Eric Adams,1614,1190,0,0,0,0,0,0,0,1,0,0,0,0,0,0,1,0,1,0,1,0,0
58038,188.095,179.627,7.691,0.777,Eric Adams,1099,822,0,0,0,0,0,0,0,1,0,0,0,0,0,0,1,0,1,0,1,0,0
58039,254.848,240.707,9.53,4.612,Eric Adams,1236,938,0,0,0,0,0,0,0,1,0,0,0,0,0,0,1,0,1,0,1,0,0
58040,297.826,271.192,20.307,6.327,Eric Adams,1258,1004,0,0,0,0,0,0,0,1,0,0,0,0,0,1,0,0,1,0,1,0,0
58041,305.638,287.019,13.499,5.12,Eric Adams,1175,895,0,0,0,0,0,0,0,1,0,0,0,0,0,1,0,0,1,0,1,0,0
58042,308.342,287.88,15.21,5.252,Eric Adams,1276,969,0,0,0,0,0,0,0,1,0,0,0,0,0,1,0,0,1,0,1,0,0
58043,351.681,330.382,11.317,9.981,Eric Adams,1233,915,0,0,0,0,0,0,0,1,0,0,0,0,0,1,0,0,1,0,1,0,0
58044,317.005,295.338,15,6.667,Eric Adams,1067,828,0,0,0,0,0,0,0,1,0,0,0,1,0,1,0,0,1,0,1,0,0
58045,260.07,247.732,8.304,4.034,Eric Adams,945,718,0,0,0,0,0,0,0,1,0,0,0,1,0,1,0,0,1,0,1,0,0
58046,177,170,7,0,Eric Adams,602,467,0,0,0,0,0,0,0,1,0,0,0,0,0,0,1,0,1,0,1,0,0
58047,61.176,59.048,1.596,0.532,Eric Adams,178,135,0,0,0,0,0,0,0,1,0,0,0,0,0,0,1,0,1,0,1,0,0
58048,153.312,144.911,7.001,1.4,Eric Adams,650,501,0,0,0,0,0,0,0,1,0,0,0,0,0,1,0,1,0,0,1,0,0
58049,188.415,178.05,8.714,1.65,Eric Adams,856,663,0,0,0,0,0,0,0,1,0,0,0,0,0,1,0,1,1,0,1,0,0
58050,180.895,162.804,15.7,2.391,Eric Adams,925,707,0,0,0,0,0,0,0,1,0,0,0,0,0,1,0,0,1,0,1,0,0
58051,195.048,183.475,8.603,2.97,Eric Adams,1125,853,0,0,0,0,0,0,0,1,0,0,0,0,0,1,0,1,1,0,1,0,0
58052,256.965,243.222,11.257,2.485,Eric Adams,1235,938,0,0,0,0,0,0,0,1,0,0,0,0,0,1,0,0,1,0,1,0,0
58053,534.239,497.124,30.149,6.967,Eric Adams,1525,1234,0,0,0,0,0,0,0,1,0,0,0,0,0,0,1,1,1,0,1,0,0
58054,308.484,277.101,25.826,5.557,Eric Adams,528,367,0,0,0,0,0,0,0,1,0,0,0,0,0,0,1,1,0,0,1,0,0
58055,128.229,116.007,10.976,1.247,Eric Adams,1269,912,0,0,0,0,0,0,0,1,0,0,0,0,0,1,0,0,1,0,1,0,0
58056,240.552,212.481,26.893,1.179,Eric Adams,988,778,0,0,0,0,0,0,0,1,0,0,0,0,0,1,0,0,1,0,1,0,0
58057,283.04,243.638,32.554,6.848,Eric Adams,1651,1220,0,0,0,0,0,0,0,1,0,0,0,0,0,1,0,0,1,0,1,0,0
58058,359.355,325.416,29.428,4.51,Eric Adams,1601,1256,0,0,0,0,0,0,0,1,0,0,0,0,0,1,0,1,0,0,1,0,1
58059,355.669,309.024,40.912,5.733,Eric Adams,1378,1089,0,0,0,0,0,0,0,1,0,0,0,0,0,1,0,1,0,0,1,0,0
58060,364.661,319.099,37.362,8.2,Eric Adams,1653,1283,0,0,0,0,0,0,0,1,0,0,0,0,0,1,0,0,1,0,1,0,0
58061,296.616,273.942,19.733,2.941,Eric Adams,1174,888,0,0,0,0,0,0,0,1,0,0,0,0,0,1,0,1,1,0,1,0,0
58062,319.942,292.338,23.821,3.783,Eric Adams,1457,1118,0,0,0,0,0,0,0,1,0,0,0,0,0,1,0,0,1,0,1,0,0
58063,325.514,304.049,15.474,5.991,Eric Adams,1480,1092,0,0,0,0,0,0,0,1,0,0,0,0,0,1,0,0,1,0,1,0,0
58064,211.302,202.966,5.175,3.162,Eric Adams,599,439,0,0,0,0,0,0,0,1,0,0,0,0,0,1,0,0,1,0,1,0,0
58065,33.143,31.174,1.641,0.328,Eric Adams,1,0,0,0,0,0,0,1,0,0,0,0,0,0,0,0,0,0,0,0,1,0,0
58066,11.134,10.026,0.856,0.252,Eric Adams,2,1,0,0,0,0,0,0,0,1,0,0,0,0,0,1,0,1,1,0,1,0,0
58067,2.166,2.037,0.107,0.021,Eric Adams,0,0,0,0,0,0,0,0,0,0,0,0,0,0,0,0,0,0,0,0,1,0,0
59001,310.643,281.174,25.933,3.536,Eric Adams,951,661,0,0,0,0,0,0,0,1,0,0,0,0,1,0,0,1,0,0,1,0,1
59002,269.526,241.679,22.277,5.569,Eric Adams,1276,976,0,0,0,0,0,0,0,1,0,0,0,0,0,1,0,1,1,0,1,0,1
59003,337.877,294.846,33.542,9.489,Eric Adams,1660,1264,0,0,0,0,0,0,0,1,0,0,0,0,0,1,0,1,0,0,1,0,0
59004,355.859,320.611,32.553,2.694,Eric Adams,1577,1238,0,0,0,0,0,0,0,1,0,0,0,0,0,1,0,0,1,0,1,0,0
59005,358.115,322.276,33.35,2.489,Eric Adams,1576,1211,0,0,0,0,0,0,0,1,0,0,0,0,0,1,0,0,1,0,1,0,0
59006,309.684,283.965,22.212,3.507,Eric Adams,1436,1164,0,0,0,0,0,0,0,1,0,0,0,0,0,1,0,0,1,0,1,0,1
59007,337.873,309.02,24.545,4.307,Eric Adams,1486,1186,0,0,0,0,0,0,0,1,0,0,0,0,0,1,0,0,1,0,1,0,1
59008,320.321,292.462,21.409,6.45,Eric Adams,1479,1177,0,0,0,0,0,0,0,1,0,0,0,0,0,1,0,0,1,0,1,0,0
59009,447.336,414.22,26.635,6.48,Eric Adams,1105,1068,0,0,0,0,0,0,0,1,0,0,0,0,0,0,1,1,1,0,1,0,1
59010,329.588,288.415,34.752,6.42,Eric Adams,1491,1129,0,0,0,0,0,0,0,1,0,0,0,0,0,1,0,1,1,0,1,0,0
59011,271.176,244.129,24.618,2.429,Eric Adams,1487,1111,0,0,0,0,0,0,0,1,0,0,0,0,0,1,0,0,1,0,1,0,0
59012,329.174,295.061,23.835,10.278,Eric Adams,1366,1096,0,0,0,0,0,0,0,1,0,0,0,0,0,0,1,1,1,0,1,0,0
59013,378.924,355.458,18.974,4.492,Eric Adams,1524,1184,0,0,0,0,0,0,0,1,0,0,0,0,0,0,1,1,1,0,1,0,0
59014,225,210,14,1,Eric Adams,926,733,0,0,0,0,0,0,0,1,0,0,0,0,0,1,0,1,1,0,1,0,0
59015,173.663,163.112,9.01,1.541,Eric Adams,862,656,0,0,0,0,0,0,0,1,0,0,0,0,0,1,0,1,0,0,1,0,0
59016,252.629,230.512,17.159,4.958,Eric Adams,1346,982,0,0,0,0,0,0,0,1,0,0,0,0,0,1,0,1,1,0,1,0,0
59017,349.076,323.542,22.026,3.508,Eric Adams,1531,1192,0,0,0,0,0,0,0,1,0,0,0,0,0,0,1,0,1,0,1,0,0
59018,305.855,280.411,24.952,0.492,Eric Adams,1439,1138,0,0,0,0,0,0,0,1,0,0,0,0,0,0,1,0,1,0,1,0,0
59019,377.144,348.588,25.048,3.508,Eric Adams,1390,1087,0,0,0,0,0,0,0,1,0,0,0,0,0,0,1,0,1,0,1,0,1
59020,281.403,267.74,11.849,1.813,Eric Adams,1225,950,0,0,0,0,0,0,0,1,0,0,0,0,0,0,1,0,1,0,1,0,0
59021,340.09,310.915,23.704,5.47,Eric Adams,1387,1110,0,0,0,0,0,0,0,1,0,0,0,0,0,1,0,0,1,0,1,0,0
59022,306,299,7,0,Eric Adams,1147,936,0,0,0,0,0,0,0,1,0,0,0,0,0,0,1,0,1,0,1,0,0
59023,144,133,9,2,Eric Adams,666,494,0,0,0,0,0,0,0,1,0,0,0,0,0,1,0,0,1,0,1,0,0
59024,152.518,138.008,12.638,1.872,Eric Adams,955,660,0,0,0,0,0,0,0,1,0,0,0,0,1,0,1,1,0,0,1,0,0
59025,188.483,163.992,22.362,2.128,Eric Adams,932,642,0,0,0,0,0,0,0,1,0,0,0,0,1,0,1,1,0,0,1,0,0
59026,220.55,207.671,12.074,0.805,Eric Adams,894,697,0,0,0,0,0,0,0,1,0,0,0,0,0,1,0,0,1,0,1,0,0
59027,370.509,348.311,19.981,2.217,Eric Adams,1232,987,0,0,0,0,0,0,0,1,0,0,0,0,0,1,0,0,1,0,1,0,0
59028,191,177,9,5,Eric Adams,1067,800,0,0,0,0,0,0,0,1,0,0,0,0,0,0,1,1,0,0,1,0,0
59029,248.792,206.962,37.165,4.664,Eric Adams,1131,902,0,0,0,0,0,0,0,1,0,0,0,0,0,1,0,0,1,0,1,0,0
59030,305.784,250.216,45.277,10.292,Eric Adams,1113,911,0,0,0,0,0,0,0,1,0,0,0,0,0,1,0,0,0,0,1,0,0
59031,107.99,93.184,12.396,2.41,Eric Adams,440,332,0,0,0,0,0,0,0,1,0,0,0,1,0,1,0,1,1,0,1,0,0
59032,297.826,261.174,33.262,3.39,Eric Adams,1477,1128,0,0,0,0,0,0,0,1,0,0,0,0,0,1,0,0,1,0,1,0,0
59033,117.073,77.145,36.304,3.624,Eric Adams,1477,1146,0,0,0,0,0,0,0,1,0,0,0,0,0,1,0,0,1,0,1,0,1
59034,263.468,216.855,38.01,8.603,Eric Adams,1244,932,0,0,0,0,0,0,0,1,0,0,0,0,0,1,0,1,0,0,1,0,0
59035,92.292,77.995,11.957,2.339,Eric Adams,510,411,0,0,0,1,0,0,0,1,0,0,0,0,0,1,0,1,1,0,1,0,0
59036,321.621,259.44,53.69,8.491,Eric Adams,1264,1020,0,0,0,0,0,0,0,1,0,0,0,0,0,1,0,1,1,0,1,0,0
59037,366.587,273.749,82.447,10.391,Eric Adams,1453,1158,0,0,0,0,0,0,0,1,0,0,0,0,0,1,0,1,1,0,1,0,0
59038,286.274,191.779,81.927,12.567,Eric Adams,1467,1126,0,0,0,0,0,0,0,1,0,0,0,0,0,1,0,1,1,0,1,0,0
59039,364.381,283.084,75.573,5.724,Eric Adams,1575,1257,0,0,0,0,0,0,0,1,0,0,0,0,0,1,0,0,1,0,1,0,0
59040,475.477,190.284,265.524,19.669,Curtis Sliwa,307,262,0,1,1,0,0,1,1,0,0,0,1,1,0,1,0,0,1,1,0,1,1
59041,259.521,182.338,61.363,15.82,Eric Adams,1394,1122,0,0,0,0,0,0,0,1,0,0,0,0,0,0,1,0,1,0,1,0,0
59042,408.504,125.195,262.81,20.5,Curtis Sliwa,1459,1214,0,0,0,0,0,1,1,0,0,0,1,0,0,1,0,0,1,1,0,1,1
59043,349.435,172.282,167.473,9.68,Eric Adams,1644,1329,0,0,0,0,0,1,1,1,0,0,1,0,0,1,0,0,1,1,1,0,0
59044,257.43,83.012,160.818,13.6,Curtis Sliwa,1063,897,0,1,1,0,0,1,1,0,0,0,0,0,0,1,0,0,1,1,0,1,0
59045,453.95,206.427,229.952,17.57,Curtis Sliwa,1599,1294,0,0,1,0,0,1,1,0,0,0,0,0,0,1,0,0,1,1,0,1,0
59046,445.154,129.921,292.293,22.94,Curtis Sliwa,1625,1343,0,1,1,0,0,1,1,0,0,0,0,0,0,1,0,0,1,1,0,1,0
59047,362.258,77.007,270.495,14.755,Curtis Sliwa,1151,983,0,1,0,0,0,1,1,0,0,0,0,0,0,1,0,0,1,1,0,1,0
59048,355.991,81.268,265.414,9.309,Curtis Sliwa,1479,1249,0,1,0,0,0,1,1,0,0,0,0,0,0,1,0,0,1,1,0,1,0
59049,438.293,101.167,321.754,15.372,Curtis Sliwa,1529,1276,0,1,0,0,0,1,1,0,0,0,0,0,0,1,0,0,1,1,0,1,0
59050,352.169,72.658,262.936,16.575,Curtis Sliwa,1381,1158,0,0,1,0,0,1,1,0,0,0,1,1,0,1,0,0,1,1,0,1,0
59051,282,83,183,16,Curtis Sliwa,692,579,0,1,1,0,1,1,1,0,0,0,1,1,0,1,0,0,0,1,0,1,0
59052,169.996,50.426,109.162,10.407,Curtis Sliwa,1212,1008,0,1,1,0,0,1,1,0,0,0,0,0,0,1,0,0,1,1,0,1,0
59053,392.509,142.279,223.05,27.179,Curtis Sliwa,1022,841,0,1,1,0,1,1,1,0,0,0,0,0,0,1,0,0,1,1,0,1,0
59054,383.805,111.286,247.983,24.535,Curtis Sliwa,971,832,0,1,1,0,0,1,1,0,0,0,0,0,0,1,0,0,0,1,0,1,0
59055,792.225,219.403,525.405,47.416,Curtis Sliwa,1453,1224,0,1,1,0,1,1,1,0,0,0,0,0,0,1,0,0,1,1,0,1,1
59056,530.741,129.113,363.941,37.687,Curtis Sliwa,1495,1253,0,0,1,0,0,1,1,0,0,0,0,1,0,1,0,0,1,1,0,1,0
59057,643.163,205.486,390.092,47.585,Curtis Sliwa,1617,1303,0,0,1,0,1,1,1,0,0,0,1,0,0,1,0,1,0,1,0,1,1
59058,132.23,36.317,89.779,6.135,Curtis Sliwa,606,502,0,0,1,0,0,1,1,0,0,0,0,0,0,1,0,0,1,1,0,1,0
59059,212.832,30.566,157.926,24.34,Curtis Sliwa,810,665,0,0,1,0,0,1,1,0,0,0,0,0,0,1,0,0,1,1,0,1,1
59060,448.431,55.414,345.769,47.248,Curtis Sliwa,835,644,0,0,1,0,0,1,1,0,0,0,0,0,0,1,0,0,1,1,0,1,1
59061,9.843,5.692,2.147,2.003,Eric Adams,77,65,0,1,1,0,0,0,1,0,0,0,0,0,0,0,1,0,1,0,1,0,1
59062,2.206,1.317,0.887,0.002,Eric Adams,7,6,0,0,1,0,0,1,1,0,0,0,0,0,0,1,0,0,1,1,1,0,0
59063,41.872,37.665,3.56,0.646,Eric Adams,1096,766,0,0,0,0,0,0,0,1,0,0,0,0,1,0,0,1,0,0,1,0,1
59064,16.155,13.5,2.213,0.443,Eric Adams,24,19,0,0,0,0,0,0,0,1,0,0,0,0,0,1,0,1,1,0,1,0,0
59065,384.079,71.033,270.835,42.211,Curtis Sliwa,929,763,0,0,1,0,0,1,1,0,0,0,0,0,0,1,0,0,1,1,0,1,1
59066,326.622,55.982,236.443,34.197,Curtis Sliwa,852,715,0,0,1,0,0,1,1,0,0,0,0,0,0,1,0,0,1,1,0,1,1
59067,0,0,0,0,Tie,0,0,0,0,0,0,0,0,0,0,0,0,0,0,0,0,0,0,0,0,0,0,0
59069,0,0,0,0,Tie,0,0,0,0,0,0,0,0,0,0,0,0,0,0,0,0,0,0,0,0,0,0,0
60001,227.627,216.838,5.86,4.929,Eric Adams,1069,839,0,0,0,0,0,0,0,1,0,0,0,0,0,0,1,0,0,0,1,0,0
60002,151.852,141.403,6.95,3.5,Eric Adams,1485,1044,0,0,0,0,0,0,0,1,0,0,0,0,1,0,0,1,0,0,1,0,0
60003,194.52,184.759,7.19,2.571,Eric Adams,1377,927,0,0,0,0,0,0,0,1,0,0,0,0,1,0,0,1,0,0,1,0,0
60004,230.653,218.184,7.209,5.26,Eric Adams,1384,1080,0,0,0,0,0,0,0,1,0,0,0,0,0,0,1,0,0,0,1,0,1
60005,158.347,141.816,14.791,1.74,Eric Adams,544,413,0,0,0,0,0,0,0,1,0,0,0,0,0,0,1,0,0,0,1,0,1
60006,237.147,198.586,32.776,5.784,Eric Adams,1229,1049,0,0,0,0,0,0,0,1,0,0,0,0,0,0,1,0,0,0,1,0,1
60007,312.515,284.567,19.733,8.216,Eric Adams,1660,1318,0,0,0,0,0,0,0,1,0,0,0,0,0,1,0,0,1,0,1,0,1
60008,264,226,35,3,Eric Adams,1028,829,0,0,0,0,0,0,0,1,0,0,0,0,1,0,1,0,1,0,1,0,1
60009,357,324,26,7,Eric Adams,1461,1163,0,0,0,0,0,0,0,1,0,0,0,0,1,0,1,0,1,0,1,0,0
60010,386.996,334.297,45.064,7.635,Eric Adams,1273,1029,0,0,0,0,0,0,0,1,0,0,0,0,1,0,1,0,1,0,1,0,0
60011,171.004,147.703,20.936,2.365,Eric Adams,795,654,0,0,0,0,0,0,1,0,0,0,0,0,1,0,1,0,1,0,1,0,0
60012,193.011,176.359,15.652,1,Eric Adams,1066,723,0,0,0,0,0,0,0,1,0,0,0,0,1,0,0,1,0,0,1,0,0
60013,225.887,205.31,16.872,3.705,Eric Adams,1261,857,0,0,0,0,0,0,0,1,0,0,0,0,1,0,0,1,0,0,1,0,1
60014,402.57,363.134,34.845,4.591,Eric Adams,1236,1058,0,0,0,0,0,0,0,1,0,0,0,0,0,1,0,1,1,0,1,0,1
60015,292.809,267.775,21.974,3.06,Eric Adams,1276,952,0,0,0,0,0,0,0,1,0,0,0,0,0,1,0,1,1,0,1,0,0
60016,321.634,298.044,20.738,2.852,Eric Adams,1155,945,0,0,0,0,0,0,0,1,0,0,0,0,0,1,0,0,1,0,1,0,0
60017,350,278,71,1,Eric Adams,1516,1172,0,0,0,0,0,0,1,0,0,0,0,0,1,0,0,0,1,0,1,0,1
60018,258,216,37,5,Eric Adams,1122,887,0,0,0,0,0,0,0,1,0,0,0,0,1,0,0,0,1,0,1,0,0
60019,298.726,258.218,32.71,7.798,Eric Adams,1493,1154,0,0,0,0,0,0,0,1,0,0,0,0,1,0,0,0,1,0,1,0,0
60020,240.274,206.782,27.29,6.202,Eric Adams,799,586,0,0,0,0,0,0,0,1,0,0,0,0,1,0,0,0,1,0,1,0,0
60021,396.573,365.333,22.921,8.319,Eric Adams,1106,925,0,0,0,0,0,0,0,1,0,0,0,0,0,1,0,0,1,0,1,0,1
60022,191.273,180.464,10.574,0.234,Eric Adams,1274,898,0,0,0,0,0,0,0,1,0,0,0,0,1,0,0,1,0,0,1,0,1
60023,303.011,288.191,11.169,3.652,Eric Adams,1524,1082,0,0,0,0,0,0,0,1,0,0,0,0,1,0,0,1,0,0,1,0,1
60024,224.238,205.406,12.588,6.244,Eric Adams,1004,698,0,0,0,0,0,0,0,1,0,0,0,0,1,0,0,0,1,0,1,0,1
60025,383.31,351.831,23.136,8.343,Eric Adams,1308,948,0,0,0,0,0,0,0,1,0,0,0,0,0,0,1,1,0,0,1,0,1
60026,218.594,205.775,9.612,3.208,Eric Adams,1378,995,0,0,0,0,0,0,0,1,0,0,0,0,1,0,0,0,1,0,1,0,1
60027,66.813,62.555,3.134,1.124,Eric Adams,779,546,0,0,0,0,0,0,0,1,0,0,0,0,0,0,1,1,0,0,1,0,1
60028,303.798,285.655,13.188,4.954,Eric Adams,1453,1085,0,0,0,0,0,0,0,1,0,0,0,0,0,0,1,0,0,0,1,0,0
60029,245.595,225.444,15.057,5.094,Eric Adams,1439,1030,0,0,0,0,0,0,0,1,0,0,0,0,0,0,1,0,0,0,1,0,0
60030,284.47,267.658,9.774,7.037,Eric Adams,1645,1196,0,0,0,0,0,0,0,1,0,0,0,0,0,0,1,0,0,0,1,0,0
60031,229.764,210.287,17.777,1.7,Eric Adams,1283,924,0,0,0,0,0,0,0,1,0,0,0,0,0,0,1,0,0,0,1,0,0
60032,98.634,88.995,9.242,0.396,Eric Adams,1191,770,0,0,0,0,0,0,0,1,0,0,0,0,1,0,1,0,0,0,1,0,0
60033,128,118,7,3,Eric Adams,966,649,0,0,0,0,0,0,0,1,0,0,0,0,1,0,1,1,0,0,1,0,0
60034,208.207,184.358,20.245,3.604,Eric Adams,1312,857,0,0,0,0,0,0,0,1,1,0,0,0,1,0,1,1,0,0,1,0,0
60035,255.267,235.003,17.192,3.072,Eric Adams,1261,937,0,0,0,0,0,0,0,1,0,0,0,0,0,0,1,0,0,0,1,0,0
60036,227.614,207.045,17.425,3.144,Eric Adams,1197,879,0,0,0,0,0,0,0,1,0,0,0,0,1,0,1,0,1,0,1,0,0
60037,273.939,256.867,14.958,2.115,Eric Adams,1221,872,0,0,0,0,0,0,0,1,0,0,0,0,0,0,1,0,0,0,1,0,0
60038,209.852,196.358,9.819,3.675,Eric Adams,1316,912,0,0,0,0,0,0,0,1,0,0,0,0,0,0,1,0,1,0,1,0,0
60039,253.667,235.472,13.975,4.22,Eric Adams,1342,1001,0,0,0,0,0,0,0,1,0,0,0,0,0,0,1,0,1,0,1,0,0
60040,224.053,199.287,18.448,6.318,Eric Adams,1214,860,0,0,0,0,0,0,0,1,0,0,0,0,0,0,1,1,0,0,1,0,1
60041,153.549,138.839,12.316,2.395,Eric Adams,1231,801,0,0,0,0,0,0,0,1,0,0,0,0,1,0,0,1,0,0,1,0,1
60042,345.643,320.735,18.805,6.104,Eric Adams,1280,986,0,0,0,0,0,0,0,1,0,0,0,0,1,0,1,0,0,0,1,0,0
60043,186.357,176.266,8.195,1.896,Eric Adams,1312,881,0,0,0,1,0,0,0,1,0,0,0,0,0,1,0,0,1,0,1,0,0
60044,240.853,218.017,17.285,5.551,Eric Adams,1025,793,0,0,0,0,0,0,0,1,0,0,0,0,0,0,1,0,0,0,1,0,0
60045,194.042,176.118,14.796,3.128,Eric Adams,1177,812,0,0,0,1,0,0,0,1,0,0,0,0,0,0,1,1,0,0,1,0,0
60046,330.983,307.995,18.896,4.092,Eric Adams,1578,1218,0,0,0,0,0,0,0,1,0,0,0,0,1,0,1,0,0,0,1,0,0
60047,21.716,18.755,1.974,0.987,Eric Adams,254,168,0,0,0,1,0,0,0,0,0,0,0,0,0,1,0,1,0,0,1,0,0
60048,53.144,48.632,3.51,1.003,Eric Adams,424,314,0,0,0,1,0,0,0,1,0,0,0,0,0,0,1,1,0,0,1,0,0
60049,171,157,12,2,Eric Adams,1162,768,0,0,0,0,0,0,0,1,1,0,0,0,1,0,0,1,0,0,1,0,1
60050,122.447,111.157,8.684,2.605,Eric Adams,836,574,0,0,0,0,0,0,0,1,0,0,0,0,0,0,1,1,0,0,1,0,1
60051,286.773,264.638,16.652,5.483,Eric Adams,1441,1046,0,0,0,0,0,0,0,1,0,0,0,0,0,1,0,1,0,0,1,0,0
60052,226.782,212.951,11.099,2.732,Eric Adams,1279,907,0,0,0,0,0,0,0,1,0,0,0,0,0,0,1,0,0,0,1,0,0
60053,237.855,218.861,17,1.995,Eric Adams,1307,944,0,0,0,0,0,0,0,1,0,0,0,0,0,0,1,1,0,0,1,0,0
60054,266.32,248.584,13.42,4.316,Eric Adams,1510,1043,0,0,0,0,0,0,0,1,0,0,0,0,0,0,1,1,1,0,1,0,0
60055,305.469,282.24,18.587,4.642,Eric Adams,1386,948,0,0,0,0,0,0,0,1,0,0,0,0,0,0,1,1,1,0,1,0,0
60056,169.26,153.939,13.143,2.178,Eric Adams,858,641,0,0,0,0,0,0,0,1,0,0,0,0,1,0,1,0,1,0,1,0,0
60057,183.333,168.068,12.648,2.618,Eric Adams,1100,770,0,0,0,0,0,0,0,1,0,0,0,0,0,0,1,0,1,0,1,0,0
60058,250.719,234.091,10.316,6.312,Eric Adams,1361,935,0,0,0,0,0,0,0,1,0,0,0,0,0,0,1,0,1,0,1,0,0
60059,49.969,45.042,3.519,1.408,Eric Adams,383,287,0,0,0,0,0,0,1,0,0,0,0,0,0,0,1,1,1,0,1,0,1
60060,9.004,8.248,0.53,0.227,Eric Adams,45,36,0,0,0,1,0,0,0,1,0,0,0,0,0,0,1,1,0,0,1,0,0
60061,0,0,0,0,Tie,2,2,0,0,0,0,0,1,0,1,0,0,0,0,1,0,1,0,0,0,0,0,0
60062,267.338,249.847,16.491,1,Eric Adams,1003,853,0,0,0,0,0,0,0,1,0,0,0,0,0,0,1,0,0,0,1,0,1
60063,40.575,35.803,4.096,0.675,Eric Adams,336,230,0,0,0,1,0,0,0,1,0,0,0,0,0,0,1,1,0,0,1,0,0
60064,0.284,0.245,0.026,0.013,Eric Adams,0,0,0,0,0,0,0,0,0,0,0,0,0,0,0,0,0,0,0,0,1,0,0
61001,356.741,263.019,82.057,11.666,Eric Adams,1635,1182,0,0,0,1,1,0,0,0,0,0,0,0,0,0,1,0,0,0,1,0,0
61002,461.268,363.951,89.691,7.627,Eric Adams,1515,1170,0,0,0,0,1,0,0,0,0,0,0,1,0,1,0,0,0,0,1,0,0
61003,213.091,198.039,12.888,2.164,Eric Adams,1728,1229,0,0,0,0,0,0,0,1,0,0,0,0,1,0,1,1,0,0,1,0,0
61004,202.031,157.335,38.528,6.167,Eric Adams,1655,1159,0,0,0,0,0,0,0,1,0,0,0,0,1,0,1,1,0,0,1,0,0
61005,502.129,285.743,194.459,21.927,Eric Adams,1220,993,0,0,1,0,0,1,1,0,0,0,0,0,0,1,0,1,0,1,1,0,0
61006,224.808,190.075,28.751,5.983,Eric Adams,1414,971,0,0,0,0,0,0,0,1,1,0,0,0,0,0,1,1,0,0,1,0,0
61007,317.544,207.697,92.181,17.666,Eric Adams,1520,1037,0,0,0,0,0,0,0,0,1,0,0,0,0,0,1,1,0,0,1,0,0
61008,403.387,284.293,96.209,22.884,Eric Adams,1502,1183,0,0,0,0,0,0,0,1,0,0,0,0,0,0,1,1,0,0,1,0,0
61009,364.294,225.111,122.929,16.253,Eric Adams,1241,987,0,0,1,0,0,0,1,0,0,0,0,0,0,1,0,1,0,0,1,0,0
61010,252.93,169.203,70.651,13.076,Eric Adams,1110,846,0,0,0,0,0,0,0,0,0,0,0,0,0,0,1,1,0,0,1,0,0
61011,537.755,381.559,135.986,20.21,Eric Adams,1521,1257,0,0,1,0,0,0,1,0,0,0,0,0,0,0,1,1,0,0,1,0,1
61012,678.742,508.946,129.142,40.654,Eric Adams,1476,1283,0,0,0,0,0,0,0,0,0,0,0,0,0,0,1,0,0,0,1,0,1
61013,330.022,236.239,72.757,21.026,Eric Adams,1474,1208,0,0,1,0,0,0,1,1,0,0,0,0,0,0,1,1,1,0,1,0,1
61014,214.505,175.675,29.514,9.315,Eric Adams,1350,911,0,0,0,0,0,0,0,1,0,0,0,0,0,0,1,1,1,0,1,0,1
61015,270.364,219.063,35.57,15.732,Eric Adams,1539,1060,0,0,0,0,0,0,0,1,0,0,0,0,0,0,1,1,0,0,1,0,0
61016,196.804,145.004,35.84,15.96,Eric Adams,1161,821,0,0,0,0,0,0,0,0,1,0,0,0,0,0,1,0,1,0,1,0,0
61017,609.585,283.111,304.271,22.203,Curtis Sliwa,869,786,0,0,1,0,0,1,1,0,0,0,1,0,0,1,0,0,1,1,0,1,0
61018,372.612,262.888,93.422,16.302,Eric Adams,1072,863,0,0,0,0,0,0,0,0,0,0,0,0,0,1,0,0,1,0,1,0,1
61019,381.474,267.104,96.937,17.434,Eric Adams,1025,801,0,0,1,0,0,0,0,1,0,0,0,0,0,0,1,1,0,0,1,0,0
61020,334.723,213.521,103.833,17.369,Eric Adams,1074,875,0,0,0,0,0,0,1,0,0,0,0,0,0,1,0,0,1,0,1,0,1
61021,601,297,263,41,Eric Adams,1245,1096,0,0,1,0,0,1,1,0,0,0,0,0,0,1,0,0,0,1,1,0,0
61022,476.963,253.975,193.005,29.983,Eric Adams,1717,1315,0,0,1,0,0,0,0,0,0,0,0,0,0,1,0,1,1,0,1,0,0
61023,346.836,256.081,73.954,16.801,Eric Adams,1499,1106,0,0,0,0,0,0,0,1,0,0,0,0,0,1,0,0,0,0,1,0,0
61024,235.551,187.84,37.868,9.843,Eric Adams,1562,984,0,0,0,0,0,0,0,1,1,0,0,0,1,0,1,1,1,0,1,0,0
61025,277,154,113,10,Eric Adams,1144,855,0,0,0,0,0,0,0,0,0,0,0,1,0,1,0,1,0,0,1,0,0
61026,523.405,151.854,349.446,22.105,Curtis Sliwa,1194,993,0,0,1,0,0,1,1,0,0,0,0,0,0,1,0,0,0,1,0,1,1
61027,333.034,111.95,208.07,13.013,Curtis Sliwa,1009,853,0,0,1,0,0,1,1,0,0,0,0,0,0,1,0,1,0,1,0,1,0
61028,311.475,139.077,156.417,15.981,Curtis Sliwa,1150,923,0,0,0,0,0,0,1,0,0,0,0,0,0,0,1,1,1,1,0,1,1
61029,434.933,272.382,147.805,14.745,Eric Adams,1640,1240,0,0,0,0,0,0,0,0,1,0,0,1,0,0,1,1,0,0,1,0,0
61030,305.049,229.869,65.029,10.151,Eric Adams,1623,1170,0,0,0,0,0,0,0,0,1,0,0,0,1,0,1,1,0,0,1,0,0
61031,395.8,204.646,167.368,23.786,Eric Adams,1531,1211,0,0,1,0,0,1,1,0,0,0,0,0,0,1,0,1,0,1,1,0,0
61032,337.423,151.929,174.348,11.146,Curtis Sliwa,1403,1160,0,0,1,0,0,1,0,0,0,0,0,0,0,1,0,1,0,1,0,1,1
61033,225.139,136.498,80.689,7.953,Eric Adams,1450,1042,0,0,0,0,0,0,0,1,1,0,0,0,0,1,0,1,0,0,1,0,0
61034,392.118,229.371,147.362,15.385,Eric Adams,1281,923,0,0,0,0,0,0,0,1,0,0,0,0,0,1,0,1,0,0,1,0,1
61035,277.448,165.948,101.334,10.166,Eric Adams,1561,1160,0,0,0,0,0,0,0,0,0,0,0,0,0,1,0,0,1,0,1,0,1
61036,366.84,235.602,122.391,8.846,Eric Adams,1718,1292,0,0,0,0,0,0,0,0,0,0,0,0,0,1,0,1,0,0,1,0,0
61037,376.489,241.819,123.584,11.086,Eric Adams,1732,1286,0,0,0,0,0,0,0,0,0,0,0,0,0,1,0,1,0,0,1,0,1
61038,405.443,208.859,179.347,17.237,Eric Adams,1754,1387,0,0,1,0,0,1,0,0,0,0,0,0,0,1,0,1,0,1,1,0,0
61039,489.948,252.759,213.184,24.005,Eric Adams,1546,1253,0,0,0,0,0,1,0,0,0,0,0,0,0,1,0,1,0,1,1,0,0
61040,661.835,194.388,430.243,37.204,Curtis Sliwa,1409,1236,0,0,1,0,0,1,1,0,0,0,0,0,0,1,0,1,0,1,0,1,1
61041,725.264,150.098,545.663,29.502,Curtis Sliwa,1657,1396,0,0,1,0,0,1,1,0,0,0,0,1,0,1,0,0,1,1,0,1,0
61042,555.243,121.959,405.306,27.978,Curtis Sliwa,1363,1201,0,0,1,0,0,1,1,0,0,0,0,1,0,1,0,0,0,1,0,1,0
61043,550.27,135.521,385.427,29.322,Curtis Sliwa,1356,1159,0,0,1,0,0,1,1,0,0,0,0,1,0,1,0,0,1,1,0,1,0
61044,396.883,86.705,292.618,17.56,Curtis Sliwa,1078,956,0,0,1,0,0,1,1,0,0,0,0,1,0,1,0,0,1,0,0,1,0
61045,226.288,99.86,115.674,10.755,Curtis Sliwa,770,633,0,0,1,0,0,1,1,0,1,0,0,0,0,1,0,1,0,0,0,1,0
61046,297.93,104.652,178.414,14.865,Curtis Sliwa,702,597,0,0,1,0,0,1,1,0,0,0,0,1,0,1,0,1,0,0,0,1,1
61047,51.186,26.121,22.427,2.638,Eric Adams,223,175,0,0,0,0,0,1,1,0,0,0,0,0,0,0,1,0,1,0,1,0,0
61048,110.784,58.264,47.694,4.826,Eric Adams,558,452,0,0,1,0,0,1,1,0,0,0,0,0,0,0,1,0,1,1,1,0,0
61049,12.484,4.731,6.833,0.92,Curtis Sliwa,0,0,0,0,0,0,0,0,0,0,0,0,0,0,0,0,0,0,0,0,0,1,0
61050,23.355,6.736,15.348,1.27,Curtis Sliwa,0,0,0,0,0,0,0,0,0,0,0,0,0,0,0,0,0,0,0,1,0,1,0
61051,0.178,0.122,0.044,0.012,Eric Adams,0,0,0,0,0,0,0,0,0,0,0,0,0,0,0,0,0,0,0,1,1,0,0
61052,0.383,0.265,0.099,0.019,Eric Adams,0,0,0,0,0,0,0,0,0,0,0,0,0,0,0,0,0,0,0,0,1,0,0
61060,338.026,272.111,42.269,23.647,Eric Adams,1206,1074,0,0,0,0,0,1,1,0,0,1,1,1,0,0,1,0,0,0,1,0,1
61061,470.49,349.492,93.015,27.984,Eric Adams,1461,1338,0,0,0,0,1,1,1,0,0,1,1,1,0,0,1,0,0,0,1,0,1
61062,378.324,282.629,78.469,17.226,Eric Adams,1263,1171,0,0,0,0,1,1,1,0,0,1,1,1,0,0,1,0,0,0,1,0,1
61063,462.497,359.143,85.943,17.411,Eric Adams,1639,1520,0,0,0,0,1,1,1,0,0,0,1,1,0,0,1,0,0,0,1,0,1
61064,34.225,25.759,7.244,1.222,Eric Adams,1005,924,0,0,1,0,0,0,1,0,0,0,1,1,0,0,1,0,0,0,1,0,1
61065,412.36,325.993,74.223,12.143,Eric Adams,1520,1412,0,0,0,0,0,0,1,0,0,0,1,1,0,0,1,0,0,0,1,0,1
61066,465.737,359.443,90.688,15.606,Eric Adams,1242,1161,0,0,1,0,0,1,1,0,0,0,1,1,0,0,1,0,0,0,1,0,1
61067,209.78,173.06,29.647,7.072,Eric Adams,1496,1329,0,0,0,0,0,0,1,0,0,0,1,1,0,0,1,1,0,0,1,0,1
61068,406.246,331.998,59.864,14.384,Eric Adams,1685,1538,0,0,0,0,0,1,1,0,0,1,1,1,0,0,1,1,0,0,1,0,1
61069,0,0,0,0,Tie,3,3,0,0,0,0,0,0,0,0,0,0,0,0,0,0,0,0,0,0,0,0,0
61071,0,0,0,0,Tie,0,0,0,0,0,0,0,0,0,0,0,0,0,0,0,0,0,0,0,0,0,0,0
61073,0,0,0,0,Tie,0,0,0,0,0,0,0,0,0,0,0,0,0,0,0,0,0,0,0,0,0,0,0
61074,0,0,0,0,Tie,0,0,0,0,0,0,0,0,0,0,0,0,0,0,0,0,0,0,0,0,0,0,0
61100,2.476,1.93,0.252,0.294,Eric Adams,2,2,0,0,0,0,0,0,1,0,0,0,1,0,0,0,1,0,0,0,1,0,0
61103,0,0,0,0,Tie,0,0,0,0,0,0,0,0,0,0,0,0,0,0,0,0,0,0,0,0,0,0,0
61104,0,0,0,0,Tie,0,0,0,0,0,0,0,0,0,0,0,0,0,0,0,0,0,0,0,0,0,0,0
61105,0,0,0,0,Tie,0,0,0,0,0,0,0,0,0,0,0,0,0,0,0,0,0,0,0,0,0,0,0
61106,0,0,0,0,Tie,0,0,0,0,0,0,0,0,0,0,0,0,0,0,0,0,0,0,0,0,0,0,0
61107,0,0,0,0,Tie,0,0,0,0,0,0,0,0,0,0,0,0,0,0,0,0,0,0,0,0,0,0,0
61108,0,0,0,0,Tie,0,0,0,0,0,0,0,0,0,0,0,0,0,0,0,0,0,0,0,0,0,0,0
61113,0,0,0,0,Tie,0,0,0,0,0,0,0,0,0,0,0,0,0,0,0,0,0,0,0,0,0,0,0
62001,715.887,77.413,606.561,31.913,Curtis Sliwa,1673,1465,0,0,1,0,0,1,1,0,0,0,0,0,0,1,0,0,1,1,0,1,1
62002,669.7,88.099,548.765,32.836,Curtis Sliwa,1665,1479,0,0,1,0,0,1,1,0,0,0,0,1,0,1,0,0,1,1,0,1,1
62003,673.384,109.588,505.916,57.88,Curtis Sliwa,1733,1471,0,0,1,0,0,1,1,0,0,0,0,1,0,1,0,0,0,1,0,1,0
62004,821.443,83.279,687.693,50.471,Curtis Sliwa,1627,1408,0,0,1,0,0,1,1,0,0,0,0,0,0,1,0,0,1,1,0,1,1
62005,564.99,72.281,460.199,32.51,Curtis Sliwa,1540,1322,0,0,1,0,0,1,1,0,0,0,0,1,0,1,0,0,0,1,0,1,0
62006,508.633,63.754,418.669,26.21,Curtis Sliwa,1571,1376,0,0,1,0,0,1,1,0,0,0,0,1,0,1,0,0,1,1,0,1,0
62007,808.19,102.437,679.037,26.716,Curtis Sliwa,1777,1523,0,0,1,0,0,1,1,0,0,0,0,1,0,1,0,0,1,1,0,1,1
62008,499.476,68.732,414.892,15.852,Curtis Sliwa,1663,1418,0,0,1,0,0,1,1,0,0,0,1,1,0,1,0,0,0,1,0,1,0
62009,441.222,66.982,349.966,24.275,Curtis Sliwa,1645,1406,0,0,1,0,0,1,1,0,0,0,0,1,0,1,0,0,1,1,0,1,1
62010,611.627,96.241,489.493,25.892,Curtis Sliwa,1715,1473,0,0,1,0,0,1,1,0,0,0,1,1,0,1,0,0,0,1,0,1,0
62011,402.364,56.408,335.607,10.349,Curtis Sliwa,1639,1390,0,0,1,0,0,1,1,0,0,0,1,1,0,1,0,0,0,1,0,1,1
62012,828.228,115.785,680.305,32.139,Curtis Sliwa,1698,1406,0,0,1,0,0,1,1,0,0,0,0,1,0,1,0,0,1,1,0,1,1
62013,650.559,85.798,535.479,29.283,Curtis Sliwa,1672,1402,0,0,1,0,0,1,1,0,0,0,0,0,0,1,0,0,1,1,0,1,0
62014,662.156,89.897,548.118,24.141,Curtis Sliwa,1634,1416,0,0,1,0,0,1,1,0,0,0,0,1,0,1,0,0,1,1,0,1,0
62015,773.955,99.128,639.86,34.967,Curtis Sliwa,1651,1414,0,0,1,0,0,1,1,0,0,0,0,1,0,1,0,0,1,1,0,1,0
62016,668.782,106.125,525.759,36.899,Curtis Sliwa,1697,1472,0,0,1,0,0,1,1,0,0,0,0,1,0,1,0,0,1,1,0,1,0
62017,667.653,120.847,510.071,36.735,Curtis Sliwa,1609,1380,0,0,1,0,0,1,1,0,0,0,0,0,0,1,0,0,1,1,0,1,0
62018,674.79,101.094,542.213,31.482,Curtis Sliwa,1671,1436,0,0,1,0,0,1,1,0,0,0,0,1,0,1,0,0,1,1,0,1,0
62019,545.451,66.668,444.529,34.254,Curtis Sliwa,1751,1490,0,0,1,0,0,1,1,0,0,0,0,0,0,1,0,0,1,1,0,1,0
62020,780.677,125.26,605.572,49.844,Curtis Sliwa,1725,1466,0,0,1,0,0,1,1,0,0,0,0,0,0,1,0,0,1,1,0,1,0
62021,646.988,102.741,503.658,40.59,Curtis Sliwa,1666,1434,0,0,1,0,0,1,1,0,0,0,0,1,0,1,0,0,1,1,0,1,0
62022,702.535,100.404,561.745,40.387,Curtis Sliwa,1579,1362,0,0,1,0,0,1,1,0,0,0,0,1,0,1,0,0,1,1,0,1,0
62023,661.657,90.085,528.398,43.173,Curtis Sliwa,1649,1420,0,0,1,0,0,1,1,0,0,0,0,0,0,1,0,0,1,1,0,1,0
62024,675.031,107.451,524.368,43.212,Curtis Sliwa,1746,1434,0,0,1,0,0,1,1,0,0,0,0,0,0,1,0,0,1,1,0,1,1
62025,659.772,112.652,510.004,37.116,Curtis Sliwa,1551,1296,0,0,1,0,0,1,1,0,0,0,0,0,0,1,0,0,1,1,0,1,0
62026,553.493,114.377,402.645,36.471,Curtis Sliwa,1709,1422,0,0,1,0,0,1,1,0,0,0,0,0,0,1,0,0,0,1,0,1,1
62027,679.891,98.768,551.066,30.057,Curtis Sliwa,1609,1398,0,0,1,0,0,1,1,0,0,0,0,0,0,1,0,0,1,1,0,1,0
62028,422.99,72.81,330.248,19.933,Curtis Sliwa,1618,1362,0,0,1,0,0,1,1,0,0,0,0,0,0,1,0,0,1,1,0,1,1
62029,722.786,119.286,568.707,34.792,Curtis Sliwa,1573,1344,0,0,1,0,0,1,1,0,0,0,0,0,0,1,0,1,1,1,0,1,0
62030,507.526,96.116,390.406,21.003,Curtis Sliwa,1417,1223,0,0,1,0,0,1,1,0,0,0,0,0,0,1,0,1,1,1,0,1,0
62031,1060.795,167.832,841.443,51.52,Curtis Sliwa,1638,1415,0,0,1,0,0,1,1,0,0,0,0,0,0,1,0,1,1,1,0,1,1
62032,360.898,61.93,284.796,14.172,Curtis Sliwa,1693,1393,0,0,1,0,0,1,1,0,0,0,0,0,0,1,0,1,1,1,0,1,0
62033,704.849,107.576,557.153,40.12,Curtis Sliwa,1480,1277,0,0,1,0,0,1,1,0,0,0,0,0,0,1,0,1,1,1,0,1,1
62034,534.848,87.346,419.473,28.029,Curtis Sliwa,1508,1281,0,0,1,0,0,1,1,0,0,0,0,1,0,1,0,1,1,1,0,1,1
62035,249.237,47.854,194.405,6.979,Curtis Sliwa,535,456,0,0,1,0,0,1,1,0,0,0,0,0,0,1,0,1,1,1,0,1,1
62036,556.841,71.695,454.484,30.662,Curtis Sliwa,1578,1364,0,0,1,0,0,1,1,0,0,0,0,0,0,1,0,0,0,1,0,1,0
62037,393.578,57.273,316.357,19.948,Curtis Sliwa,1419,1228,0,0,1,0,0,1,1,0,0,0,0,0,0,1,0,0,0,1,0,1,0
62038,668.158,96.577,541.522,30.059,Curtis Sliwa,1713,1475,0,0,1,0,0,1,1,0,0,0,0,1,0,1,0,0,1,1,0,1,1
62039,395.676,53.966,321.024,20.687,Curtis Sliwa,1273,1127,0,0,1,0,0,1,1,0,0,0,0,1,0,1,0,0,1,1,0,1,1
62040,479.691,53.496,399.917,26.277,Curtis Sliwa,1507,1296,0,0,1,0,0,1,1,0,0,0,0,0,0,1,0,0,1,1,0,1,0
62041,745.082,73.514,633.61,37.959,Curtis Sliwa,1697,1461,0,0,1,0,0,1,1,0,0,0,0,0,0,1,0,0,1,1,0,1,0
62042,603.89,69.428,520.834,13.627,Curtis Sliwa,1645,1427,0,0,1,0,0,1,1,0,0,0,0,0,0,1,0,0,1,1,0,1,0
62043,756.783,104.079,613.229,39.475,Curtis Sliwa,1634,1427,0,0,1,0,0,1,1,0,0,0,0,0,0,1,0,0,1,1,0,1,0
62044,548.389,149.945,377.982,20.462,Curtis Sliwa,1615,1285,0,0,0,0,1,1,1,0,0,0,0,0,0,1,0,0,0,1,0,1,1
62045,501.368,95.464,374.165,31.739,Curtis Sliwa,1664,1379,0,0,1,0,0,1,1,0,0,0,0,0,0,1,0,1,0,1,0,1,0
62046,567.651,99.204,433.977,34.47,Curtis Sliwa,1638,1388,0,0,1,0,0,1,1,0,0,0,0,0,0,1,0,1,0,1,0,1,0
62047,271.868,53.863,204.86,13.145,Curtis Sliwa,1544,1281,0,0,1,0,0,1,1,0,0,0,0,0,0,1,0,0,0,1,0,1,0
62048,643.977,112.278,500.808,30.892,Curtis Sliwa,1605,1371,0,0,1,0,0,1,1,0,0,0,0,0,0,1,0,0,1,1,0,1,0
62049,588.62,126.656,432.964,29.001,Curtis Sliwa,1573,1350,0,0,1,0,0,1,1,0,0,0,0,0,0,1,0,1,1,1,0,1,0
62050,596.466,94.243,477.324,24.899,Curtis Sliwa,1684,1452,0,0,1,0,0,1,1,0,0,0,0,0,0,1,0,0,1,1,0,1,0
62051,508.883,68.188,416.168,24.527,Curtis Sliwa,1539,1328,0,0,1,0,0,1,1,0,0,0,0,0,0,1,0,0,1,1,0,1,0
62052,455.505,66.347,364.279,24.879,Curtis Sliwa,1443,1240,0,0,1,0,0,1,1,0,0,0,0,0,0,1,0,0,1,1,0,1,0
62053,1058.249,181.472,835.854,40.923,Curtis Sliwa,1654,1404,0,0,1,0,0,1,1,0,0,0,0,0,0,1,0,1,0,1,0,1,0
62054,479.461,101.315,355.476,22.671,Curtis Sliwa,1665,1354,0,0,1,0,0,1,1,0,0,0,0,0,0,1,0,1,1,1,0,1,0
62055,469.592,91.409,350.15,28.032,Curtis Sliwa,1634,1345,0,0,1,0,0,1,1,0,0,0,0,0,0,1,0,1,1,1,0,1,0
62056,417.793,113.348,279.903,24.542,Curtis Sliwa,1557,1304,0,0,1,0,0,1,1,0,0,0,0,0,0,1,0,1,1,1,0,1,0
62057,208.153,32.343,166.7,9.11,Curtis Sliwa,661,566,0,0,1,0,0,1,1,0,0,0,0,0,0,1,0,1,0,1,0,1,0
62058,283,65,210,8,Curtis Sliwa,693,602,0,0,1,0,0,1,1,0,0,0,0,1,0,1,0,0,1,1,0,1,0
62059,662.694,107.409,525.319,29.966,Curtis Sliwa,1491,1312,0,0,1,0,0,1,1,0,0,0,0,1,0,1,0,0,1,1,0,1,0
62060,655.982,114.195,514.279,27.508,Curtis Sliwa,1550,1353,0,0,1,0,0,1,1,0,0,0,0,1,0,1,0,0,1,1,0,1,0
62061,519.567,95.259,409.596,14.712,Curtis Sliwa,1344,1135,0,0,1,0,0,1,1,0,0,0,0,1,0,1,0,0,1,1,0,1,0
62062,799.116,80.051,686.353,32.713,Curtis Sliwa,1531,1292,0,0,1,0,0,1,1,0,0,0,0,0,0,1,0,0,1,0,0,1,1
62064,8.001,2.917,4.723,0.361,Curtis Sliwa,0,0,0,0,0,0,0,0,0,0,0,0,0,0,0,0,0,0,0,0,0,1,0
62065,0,0,0,0,Tie,0,0,0,0,0,0,0,0,0,0,0,0,0,0,0,0,0,0,0,0,0,0,0
63001,289.63,219.89,59.779,9.961,Eric Adams,1487,1108,0,0,0,0,0,0,0,1,0,0,0,0,0,1,0,0,1,0,1,0,0
63002,344.55,223.434,104.559,16.557,Eric Adams,1415,1013,0,0,0,0,0,0,1,0,0,0,0,0,0,1,0,0,1,0,1,0,0
63003,324.407,130.36,176.135,17.912,Curtis Sliwa,992,820,0,0,0,0,0,1,1,0,0,0,0,0,1,0,1,0,1,1,0,1,0
63004,442.579,161.539,260.856,20.184,Curtis Sliwa,1622,1254,0,0,1,0,1,1,1,0,0,1,0,0,0,1,0,0,1,1,0,1,0
63005,319.456,144.236,163.703,11.516,Curtis Sliwa,1524,1119,0,0,0,0,1,1,0,0,0,0,0,0,0,1,0,0,0,1,0,1,0
63006,421.918,137.907,268.4,15.611,Curtis Sliwa,1610,1288,0,0,1,0,1,1,1,0,0,0,0,0,0,1,0,0,1,1,0,1,0
63007,349.679,112.297,219.314,18.068,Curtis Sliwa,1215,927,0,0,1,0,1,1,1,0,0,0,0,0,0,1,0,1,1,1,0,1,0
63008,179.193,51.975,118.206,9.012,Curtis Sliwa,633,500,0,0,1,0,1,1,0,0,0,0,0,0,0,1,0,0,1,1,0,1,0
63009,224.951,67.018,149.156,8.777,Curtis Sliwa,305,251,0,0,1,1,1,1,1,0,0,0,0,0,0,1,0,0,1,1,0,1,0
63010,312.412,190.987,113.325,8.1,Eric Adams,1059,929,0,0,1,0,0,0,1,0,0,0,1,0,0,0,1,1,1,0,1,0,0
63011,419.974,177.07,223.096,19.808,Curtis Sliwa,1078,948,0,0,1,0,0,1,1,0,0,0,1,0,0,0,1,1,1,1,0,1,1
63012,346.717,113.918,214.83,17.969,Curtis Sliwa,1019,849,0,0,1,0,0,1,1,0,0,0,0,1,0,1,0,1,0,1,0,1,0
63013,365.511,166.157,179.722,19.632,Curtis Sliwa,886,641,0,0,1,0,0,0,1,0,0,0,0,0,0,0,1,0,1,0,0,1,1
63014,363.536,139.986,207.474,16.076,Curtis Sliwa,1193,1041,0,0,1,0,0,1,1,0,0,0,1,0,0,1,0,0,0,1,0,1,1
63015,375.822,146.448,204.96,24.414,Curtis Sliwa,977,879,0,0,1,0,0,1,1,0,0,0,1,0,0,1,0,0,0,1,0,1,0
63016,493.651,248.105,223.173,22.374,Eric Adams,1631,1291,0,0,1,0,0,1,1,0,0,0,0,0,0,1,0,1,1,1,1,0,0
63017,627.724,190.587,407.129,30.007,Curtis Sliwa,1378,1210,0,0,1,0,0,1,1,0,0,0,0,1,0,1,0,0,1,1,0,1,0
63018,622.325,186.587,407.307,28.432,Curtis Sliwa,1334,1182,0,0,1,0,0,1,1,0,0,0,0,1,0,1,0,0,1,1,0,1,0
63019,201.442,75.138,118.281,8.023,Curtis Sliwa,462,399,0,0,1,0,0,1,1,0,0,0,0,0,0,1,0,0,1,1,0,1,1
63020,295.821,70.105,219.87,5.846,Curtis Sliwa,1042,850,0,0,1,0,1,1,1,0,0,0,0,1,0,1,0,1,0,1,0,1,1
63021,344.035,108.86,214.614,20.561,Curtis Sliwa,904,786,0,0,1,0,0,1,1,0,0,0,0,1,0,1,0,1,0,1,0,1,1
63022,212.098,129.972,72.308,9.819,Eric Adams,683,532,0,0,0,0,0,0,0,0,1,0,0,0,0,0,1,0,1,0,1,0,0
63023,213.004,91.637,115.62,5.746,Curtis Sliwa,1016,780,0,0,0,0,1,1,1,0,0,1,0,0,0,1,0,0,1,1,0,1,0
63024,323.276,139.863,169.549,13.864,Curtis Sliwa,1647,1348,0,1,0,0,1,1,1,0,0,1,0,0,0,1,0,0,1,1,0,1,0
63025,377.082,114.022,258.57,4.489,Curtis Sliwa,1064,894,0,1,0,0,0,1,1,0,0,0,0,0,0,1,0,1,1,1,0,1,0
63026,384.443,112.532,259.418,12.493,Curtis Sliwa,1257,1061,0,1,0,0,0,1,1,0,0,0,0,0,0,1,0,1,1,1,0,1,0
63027,439.498,121.303,291.42,26.775,Curtis Sliwa,1208,1000,0,0,1,0,0,1,1,0,0,0,0,0,0,1,0,1,0,1,0,1,0
63028,627,144,436,47,Curtis Sliwa,1658,1425,0,0,1,0,0,1,1,0,0,0,0,1,0,1,0,0,1,1,0,1,0
63029,636.086,198.675,415.588,21.823,Curtis Sliwa,1293,1167,0,0,1,0,0,1,1,0,0,0,0,0,0,1,0,0,1,1,0,1,1
63030,556.131,142.298,387.362,26.47,Curtis Sliwa,1371,1198,0,0,1,0,0,1,1,0,0,0,0,0,0,1,0,0,0,1,0,1,0
63031,644.831,186.316,433.281,25.233,Curtis Sliwa,1335,1193,0,0,1,0,0,1,1,0,0,0,0,0,0,1,0,0,0,1,0,1,0
63032,630.392,160.906,443.808,25.677,Curtis Sliwa,1440,1276,0,0,1,0,0,1,1,0,0,0,0,0,0,1,0,0,0,1,0,1,0
63033,350.527,103.044,226.345,21.137,Curtis Sliwa,939,815,0,0,1,0,0,1,1,0,0,0,0,1,0,1,0,0,1,1,0,1,0
63034,352.5,132.671,207.682,12.148,Curtis Sliwa,1595,1328,0,1,1,0,0,1,1,0,0,1,0,0,0,1,0,0,1,1,0,1,0
63035,365.854,134.076,221.246,10.532,Curtis Sliwa,1639,1360,0,0,1,0,0,1,1,0,0,1,0,0,0,1,0,1,1,1,0,1,0
63036,313.199,250.869,53.799,8.531,Eric Adams,1614,1200,0,0,0,0,0,0,0,1,0,0,0,0,0,1,0,0,0,0,1,0,1
63037,318.126,254.778,57.018,6.329,Eric Adams,1651,1238,0,0,0,0,0,0,0,1,0,0,0,0,0,1,0,0,0,0,1,0,0
63038,184.149,153.445,26.544,4.16,Eric Adams,1048,679,0,0,0,0,0,0,0,1,1,0,0,0,0,0,1,1,0,0,1,0,0
63039,179.923,143.264,32.022,4.637,Eric Adams,1566,1092,0,0,0,0,0,0,0,0,0,0,0,0,0,0,1,1,0,0,1,0,0
63040,524.47,333.782,174.142,16.546,Eric Adams,1552,1161,0,0,0,1,0,0,1,0,0,0,0,0,0,1,0,1,0,1,1,0,1
63041,243.974,136.893,98.711,8.37,Eric Adams,1564,1248,0,0,0,0,0,0,0,0,0,0,0,0,0,1,0,1,0,0,1,0,1
63042,249.177,106.113,130.085,12.979,Curtis Sliwa,1249,1029,0,0,1,0,0,1,1,0,0,0,0,0,0,1,0,1,1,1,0,1,0
63043,369.431,175.142,175.045,19.244,Eric Adams,1416,1114,0,0,0,1,0,1,1,0,0,1,0,0,0,1,0,1,1,1,1,0,0
63044,457.839,166.348,270.939,20.553,Curtis Sliwa,1458,1196,0,0,1,0,0,1,1,0,0,0,0,0,0,1,0,0,1,1,0,1,1
63045,357.914,115.443,222.316,20.155,Curtis Sliwa,1299,1101,0,0,1,0,0,1,1,0,0,0,0,0,0,1,0,0,1,1,0,1,1
63046,470.264,159.211,290.126,20.926,Curtis Sliwa,1448,1151,0,0,1,0,1,1,1,0,0,0,0,0,0,1,0,0,1,1,0,1,0
63047,386.489,136.524,236.503,13.461,Curtis Sliwa,1493,1191,0,0,1,0,0,1,1,0,0,0,0,0,0,1,0,1,1,1,0,1,1
63048,266.511,84.186,168.424,13.902,Curtis Sliwa,1104,865,0,0,1,0,1,1,1,0,0,0,0,0,0,1,0,1,1,1,0,1,1
63049,314,98,198,18,Curtis Sliwa,1219,965,0,0,0,0,1,1,1,0,0,1,0,0,0,1,0,1,1,1,0,1,0
63050,34,8,20,6,Curtis Sliwa,72,65,0,0,1,0,0,1,1,0,0,0,0,1,0,1,0,0,1,1,0,1,1
63051,494.769,86.672,386.429,21.668,Curtis Sliwa,1386,1126,0,0,1,0,0,1,1,0,0,0,0,0,0,1,0,1,0,1,0,1,1
63052,837.877,224.616,569.097,44.164,Curtis Sliwa,1689,1425,0,0,1,0,0,1,1,0,0,0,0,0,0,1,0,1,1,1,0,1,1
63053,387.361,128.811,244.158,14.392,Curtis Sliwa,1195,957,0,0,1,0,1,1,1,0,0,1,0,0,0,1,0,1,1,1,0,1,1
63054,686.96,164.38,483.835,38.745,Curtis Sliwa,1419,1146,0,0,1,0,0,1,1,0,0,0,0,0,0,1,0,1,1,1,0,1,1
63055,236.29,43.436,180.113,12.741,Curtis Sliwa,1083,915,0,0,1,0,0,1,1,0,0,0,0,0,0,1,0,1,1,1,0,1,0
63056,234.524,65.728,158.304,10.492,Curtis Sliwa,1287,1056,0,0,1,0,0,1,1,0,0,0,0,0,0,1,0,1,1,1,0,1,0
63057,428.229,118.411,278.851,30.967,Curtis Sliwa,1274,1004,0,0,1,0,1,1,1,0,0,0,0,0,0,1,0,1,1,1,0,1,1
63058,120.85,28.888,85.597,6.365,Curtis Sliwa,1223,986,0,0,1,0,0,1,1,0,0,0,0,0,0,1,0,0,1,1,0,1,1
63059,706.912,231.32,457.787,17.806,Curtis Sliwa,1479,1206,0,1,0,0,0,1,1,0,0,0,1,0,0,1,0,0,1,1,0,1,1
63060,301.021,86.757,207.395,6.868,Curtis Sliwa,1654,1354,0,1,0,0,0,1,1,0,0,0,1,0,0,1,0,0,1,1,0,1,0
63061,480.709,124.097,331.498,25.114,Curtis Sliwa,1566,1254,0,0,1,0,1,1,1,0,0,0,0,0,0,1,0,0,1,1,0,1,0
63062,291.263,77.806,195.965,17.492,Curtis Sliwa,995,850,0,0,1,0,1,1,1,0,0,0,0,0,0,1,0,0,1,1,0,1,1
63063,351.352,83.766,250.733,16.853,Curtis Sliwa,1257,977,0,0,1,0,1,1,1,0,0,1,0,0,0,1,0,1,1,1,0,1,1
63064,350.501,80.68,252.069,17.752,Curtis Sliwa,1174,942,0,0,1,0,0,1,1,0,0,0,0,0,0,1,0,1,1,1,0,1,1
63065,268.381,79.736,178.921,9.724,Curtis Sliwa,682,580,0,0,1,0,0,1,1,0,0,0,0,1,0,1,0,0,1,1,0,1,1
63066,174.679,53.487,113.068,8.125,Curtis Sliwa,920,755,0,0,1,0,0,1,1,0,0,0,0,0,0,1,0,1,1,0,0,1,0
63067,351.388,127.14,213.709,10.539,Curtis Sliwa,1194,912,0,0,1,0,1,1,1,0,0,0,0,0,0,1,0,0,0,0,0,1,0
63068,288,57,220,11,Curtis Sliwa,872,700,0,0,1,0,0,1,1,0,0,0,0,0,0,1,0,0,1,0,0,1,1
63069,608.07,236.996,341.27,29.804,Curtis Sliwa,1388,1219,0,0,1,0,0,1,1,0,0,0,1,0,0,1,0,0,1,0,0,1,0
63072,0.065,0.01,0.052,0.003,Curtis Sliwa,0,0,0,0,0,0,0,0,0,0,0,0,0,0,0,0,0,0,0,0,0,1,0
63073,0.061,0.01,0.049,0.003,Curtis Sliwa,0,0,0,0,0,0,0,0,0,0,0,0,0,0,0,0,0,0,0,0,0,1,0
63074,0.808,0.206,0.58,0.022,Curtis Sliwa,0,0,0,0,0,0,0,0,0,0,0,0,0,0,0,0,0,0,0,0,0,1,0
63075,0.359,0.07,0.273,0.016,Curtis Sliwa,0,0,0,0,0,0,0,0,0,0,0,0,0,0,0,0,0,0,0,1,0,1,0
64001,644.278,98.718,509.356,36.204,Curtis Sliwa,1621,1390,0,0,1,0,0,1,1,0,0,0,0,0,0,1,0,0,1,1,0,1,0
64002,783.837,94.767,636.716,52.355,Curtis Sliwa,1722,1461,0,0,1,0,0,1,1,0,0,0,0,0,0,1,0,1,1,1,0,1,0
64003,673.708,88.878,540.737,44.092,Curtis Sliwa,1667,1489,0,0,1,0,0,1,1,0,0,0,0,0,0,1,0,1,1,1,0,1,0
64004,572.175,89.87,450.052,32.253,Curtis Sliwa,1592,1321,0,0,1,0,0,1,1,0,0,0,0,0,0,1,0,1,0,1,0,1,0
64005,819.704,141.333,637.833,40.538,Curtis Sliwa,1726,1458,0,0,1,0,0,1,1,0,0,0,0,0,0,1,0,1,1,1,0,1,0
64006,599.563,101.637,467.572,30.355,Curtis Sliwa,1628,1369,0,0,1,0,0,1,1,0,0,0,0,0,0,1,0,1,1,1,0,1,0
64007,321.699,62.109,240.837,18.754,Curtis Sliwa,1605,1355,0,0,1,0,0,1,1,0,0,0,0,0,0,1,0,1,1,1,0,1,0
64008,944.762,154.349,749.041,41.371,Curtis Sliwa,1595,1366,0,0,1,0,0,1,1,0,0,0,0,0,0,1,0,0,1,1,0,1,1
64009,769.294,140.52,592.678,36.096,Curtis Sliwa,1617,1389,0,0,1,0,0,1,1,0,0,0,0,0,0,1,0,0,1,1,0,1,0
64010,567.636,95.648,445.172,26.816,Curtis Sliwa,1547,1262,0,0,1,0,0,1,1,0,0,0,0,1,0,1,0,1,0,1,0,1,0
64011,525.994,93.025,409.098,23.87,Curtis Sliwa,1548,1265,0,0,1,0,0,1,1,0,0,0,0,0,0,0,1,0,1,1,0,1,0
64012,465.24,167.89,280.749,16.602,Curtis Sliwa,1716,1343,0,0,1,0,0,1,1,0,0,0,0,0,0,0,1,0,1,1,0,1,0
64013,437.129,78.351,335.243,23.535,Curtis Sliwa,1675,1311,0,0,1,0,0,1,1,0,0,0,0,0,0,1,0,1,0,1,0,1,1
64014,498.152,99.136,384.912,14.103,Curtis Sliwa,1659,1327,0,0,1,0,0,1,1,0,0,0,0,0,0,1,0,1,0,1,0,1,1
64015,724.399,133.687,549.018,41.694,Curtis Sliwa,1565,1347,0,0,1,0,0,1,1,0,0,0,0,0,0,1,0,1,1,1,0,1,0
64016,648.531,146.611,471.014,30.906,Curtis Sliwa,1619,1351,0,0,1,0,0,1,1,0,0,0,0,0,0,1,0,1,1,1,0,1,0
64017,670.83,151.344,480.35,39.137,Curtis Sliwa,1610,1352,0,0,1,0,0,1,1,0,0,0,0,1,0,1,0,0,1,1,0,1,0
64018,672.329,135.453,502.333,34.543,Curtis Sliwa,1646,1425,0,0,1,0,0,1,1,0,0,0,0,0,0,1,0,1,1,1,0,1,0
64019,240.288,66.473,164.007,9.808,Curtis Sliwa,759,629,0,0,1,0,0,1,1,0,0,0,0,0,0,1,0,0,1,1,0,1,0
64020,6.166,1.832,4.111,0.223,Curtis Sliwa,66,52,0,0,1,0,0,1,1,0,0,0,0,1,0,1,0,0,1,1,0,1,0
64021,712.199,175.976,514.299,21.923,Curtis Sliwa,1574,1373,0,0,1,0,0,1,1,0,0,0,1,1,0,1,0,0,1,1,0,1,0
64022,336.052,64.259,255.501,16.292,Curtis Sliwa,1577,1268,0,0,1,0,1,1,1,0,0,1,0,0,0,1,0,0,0,1,0,1,0
64023,481.635,102.581,354.588,24.467,Curtis Sliwa,1654,1241,0,0,0,0,1,1,1,0,0,1,0,0,0,1,0,0,0,1,0,1,1
64024,667.052,134.938,495.233,36.881,Curtis Sliwa,1647,1369,0,0,1,0,0,1,1,0,0,0,0,0,0,1,0,0,0,1,0,1,0
64025,446.759,90.819,342.387,13.553,Curtis Sliwa,1212,1034,0,0,1,0,0,1,1,0,0,0,0,0,0,1,0,0,1,1,0,1,0
64026,227.555,107.937,112.446,7.172,Curtis Sliwa,868,656,0,0,1,0,0,0,0,0,1,0,0,0,1,1,0,1,1,0,0,1,0
64027,426.653,105.069,298.024,23.56,Curtis Sliwa,1314,1100,0,0,1,0,1,1,1,0,0,0,0,0,0,1,0,0,1,1,0,1,0
64028,457.713,85.793,351.976,19.944,Curtis Sliwa,1602,1253,0,0,1,0,1,1,1,0,0,0,0,0,0,1,0,0,1,1,0,1,0
64029,541.674,93.814,414.418,33.442,Curtis Sliwa,1551,1239,0,0,1,0,1,1,1,0,0,0,0,0,0,1,0,0,1,1,0,1,1
64030,330.998,67.007,249.638,14.353,Curtis Sliwa,764,605,0,0,1,0,0,1,1,0,0,1,0,0,0,1,0,0,1,1,0,1,1
64031,488.396,108.499,360.63,19.268,Curtis Sliwa,1356,1118,0,0,1,0,0,1,1,0,0,0,0,0,0,1,0,1,0,1,0,1,0
64032,403.251,84.275,299.597,19.379,Curtis Sliwa,1596,1263,0,0,1,0,0,1,1,0,0,1,0,0,0,1,0,1,0,1,0,1,0
64033,398.237,97.33,283.497,17.41,Curtis Sliwa,1242,1010,0,0,1,0,0,1,1,0,0,0,0,0,0,1,0,0,1,1,0,1,0
64034,530.907,162.82,350.202,17.885,Curtis Sliwa,1295,1101,0,0,1,0,1,1,1,0,0,0,1,1,0,1,0,0,1,1,0,1,0
64035,403.22,108.764,280.236,14.221,Curtis Sliwa,1050,855,0,0,1,0,1,1,1,0,0,0,1,1,0,1,0,0,1,1,0,1,0
64036,447.723,124.541,309.229,13.952,Curtis Sliwa,1354,1126,0,0,1,0,1,1,1,0,0,0,0,0,0,1,0,0,1,1,0,1,0
64037,605.98,167.398,412.553,26.029,Curtis Sliwa,1657,1407,0,0,1,0,1,1,1,0,0,0,0,0,0,1,0,0,1,1,0,1,0
64038,396.34,88.898,294.258,13.184,Curtis Sliwa,1006,846,0,0,1,0,0,1,1,0,0,0,0,0,0,1,0,0,1,1,0,1,0
64039,522.689,124.005,379.95,18.735,Curtis Sliwa,1455,1241,0,0,1,0,0,1,1,0,0,0,0,0,0,1,0,0,1,1,0,1,0
64040,242.015,95.774,131.45,14.791,Curtis Sliwa,1017,732,0,0,0,0,0,1,1,0,0,0,0,0,0,1,0,0,1,1,0,1,0
64041,276.097,62.1,200.097,13.9,Curtis Sliwa,1369,1099,0,0,1,0,1,1,1,0,0,0,0,0,0,1,0,0,0,1,0,1,0
64042,347.264,75.653,260.459,11.152,Curtis Sliwa,1444,1096,0,0,1,0,1,1,1,0,0,0,0,0,0,1,0,0,0,1,0,1,0
64043,534.815,121.195,387.418,26.203,Curtis Sliwa,1594,1196,0,0,0,0,1,1,1,0,0,0,0,0,0,1,0,0,0,1,0,1,1
64044,347.607,92.658,238.375,16.575,Curtis Sliwa,1617,1215,0,0,0,0,1,1,1,0,0,0,0,0,0,1,0,0,1,1,0,1,1
64045,411.957,112.208,278.423,21.326,Curtis Sliwa,1673,1341,0,0,1,0,1,1,1,0,0,0,0,0,0,1,0,0,1,1,0,1,0
64046,285.643,90.823,175.38,19.44,Curtis Sliwa,1193,902,0,0,0,1,1,1,1,0,0,0,0,0,0,1,0,0,1,1,0,1,1
64047,319.849,92.192,210.327,17.33,Curtis Sliwa,990,793,0,0,1,0,1,1,1,0,0,0,0,0,0,1,0,0,1,1,0,1,0
64048,271.936,57.709,200.068,14.158,Curtis Sliwa,984,779,0,0,1,0,1,1,1,0,0,0,0,0,0,1,0,0,1,1,0,1,0
64049,386.775,101.791,270.035,14.949,Curtis Sliwa,1099,928,0,0,1,0,1,1,1,0,0,0,0,0,0,1,0,0,1,0,0,1,0
64050,283.641,63.209,207.465,12.968,Curtis Sliwa,733,596,0,0,1,0,1,1,1,0,0,0,0,0,1,1,0,1,1,0,0,1,0
64051,15.481,5.137,9.845,0.499,Curtis Sliwa,218,177,0,0,0,0,1,1,1,0,0,1,0,0,0,0,1,0,1,1,0,1,0
64052,0,0,0,0,Tie,0,0,0,0,0,0,0,0,0,0,0,0,0,0,0,0,0,0,0,0,0,0,0
64053,0,0,0,0,Tie,0,0,0,0,0,0,0,0,0,0,0,0,0,0,0,0,0,0,0,0,0,0,0
64056,0.063,0.011,0.049,0.003,Curtis Sliwa,0,0,0,0,0,0,0,0,0,0,0,0,0,0,0,0,0,0,0,0,0,1,0
64059,0,0,0,0,Tie,0,0,0,0,0,0,0,0,0,0,0,0,0,0,0,0,0,0,0,0,0,0,0
64060,0.312,0.068,0.232,0.011,Curtis Sliwa,0,0,0,0,0,0,0,0,0,0,0,0,0,0,0,0,0,0,0,1,0,1,0
64061,1.564,0.628,0.849,0.086,Curtis Sliwa,0,0,0,0,0,0,0,0,0,0,0,0,0,0,0,0,0,0,0,1,0,1,0
64075,337.227,184.133,133.3,19.794,Eric Adams,1632,1345,0,0,1,0,1,1,1,0,0,0,1,0,0,1,0,0,1,1,1,0,1
64076,123.346,70.976,45.479,6.891,Eric Adams,685,476,0,0,0,1,1,1,1,0,0,0,0,0,0,0,1,0,1,0,1,0,0
64077,460.042,283.904,140.797,35.341,Eric Adams,1573,1183,0,0,0,0,1,1,1,0,0,0,0,0,0,0,1,0,1,0,1,0,0
64078,316.54,173.35,119.054,24.137,Eric Adams,1103,872,0,0,0,1,1,0,1,0,0,0,0,0,0,0,1,0,0,0,1,0,1
64079,316.265,177.802,116.683,21.78,Eric Adams,1178,848,0,0,1,0,0,0,1,0,0,0,0,0,0,0,1,0,0,0,1,0,0
64080,356.446,196.16,132.421,27.866,Eric Adams,1389,1152,0,0,0,0,0,1,1,0,0,0,1,0,0,0,1,0,1,0,1,0,0
64081,492.145,294.695,164.974,32.476,Eric Adams,1740,1483,0,0,1,0,1,0,1,0,0,0,1,0,0,0,1,0,1,0,1,0,0
64082,647.092,318.105,296.865,32.123,Eric Adams,1399,1219,0,0,1,0,0,1,1,0,0,0,1,1,0,1,0,0,1,1,1,0,0
64083,671.857,353.671,285.355,32.831,Eric Adams,1644,1405,0,0,1,0,1,1,1,0,0,0,1,0,0,1,0,0,1,0,1,0,1
64084,452.126,166.978,262.442,22.707,Curtis Sliwa,1092,961,0,0,1,0,0,1,1,0,0,0,1,1,0,1,0,0,1,1,0,1,1
64085,491.795,213.209,252.962,25.625,Curtis Sliwa,964,845,0,0,1,0,1,1,1,0,0,0,1,0,0,0,1,0,1,1,0,1,1
64086,597.774,238.228,335.103,24.443,Curtis Sliwa,975,868,0,0,1,0,0,1,1,0,0,0,0,1,0,1,0,0,1,1,0,1,1
64087,91.956,46.754,37.662,7.54,Eric Adams,767,536,0,0,0,1,1,0,1,0,0,0,0,0,0,0,1,0,0,1,1,0,1
64089,0,0,0,0,Tie,0,0,0,0,0,0,0,0,0,0,0,0,0,0,0,0,0,0,0,0,0,0,0
65001,104.817,83.779,10.291,10.748,Eric Adams,1502,1388,0,0,0,0,0,1,1,0,0,0,1,1,0,0,1,1,0,0,1,0,1
65002,166.48,133.841,25.115,7.524,Eric Adams,1282,1114,0,0,0,0,0,0,1,0,0,0,1,1,0,0,1,1,0,0,1,0,1
65003,340.882,268.034,58.494,14.354,Eric Adams,1702,1527,0,0,1,0,0,1,1,0,0,0,1,1,0,0,1,1,0,0,1,0,1
65004,175.57,134.439,32.909,8.223,Eric Adams,1416,1291,0,0,1,0,0,0,1,0,0,0,1,1,0,0,1,1,0,0,1,0,0
65005,244.526,189.659,40.085,14.783,Eric Adams,1377,1195,0,0,0,0,0,1,1,0,0,0,1,1,0,0,1,1,0,0,1,0,0
65006,200.538,125.278,68.293,6.966,Eric Adams,1278,1130,0,0,0,0,0,0,1,0,0,0,1,1,0,0,1,1,0,0,1,0,1
65007,389.002,199.381,169.772,19.849,Eric Adams,1467,1286,0,0,0,0,1,0,1,0,0,1,1,0,0,1,0,0,1,0,1,0,1
65008,192.935,103.868,79.105,9.962,Eric Adams,1041,908,0,0,0,0,1,0,0,0,0,1,1,0,0,1,0,0,1,0,1,0,0
65009,442.505,310.982,108.567,22.956,Eric Adams,1477,1306,0,0,0,0,0,0,1,0,0,0,1,0,0,1,0,0,1,0,1,0,1
65010,250.765,181.586,54.524,14.655,Eric Adams,1535,1277,0,0,0,0,1,0,1,0,0,0,1,1,0,0,1,1,0,0,1,0,0
65011,62.348,49.702,8.417,4.229,Eric Adams,811,662,0,0,0,0,0,0,1,0,0,0,1,1,0,0,1,1,0,0,1,0,0
65012,111.403,73.237,33.759,4.407,Eric Adams,1188,795,0,0,0,0,1,0,0,0,0,1,0,0,1,0,0,0,1,0,1,0,1
65013,211.903,156.213,43.471,12.22,Eric Adams,1472,1095,0,0,0,0,1,0,0,0,0,0,0,0,1,0,1,0,1,0,1,0,1
65014,174.294,113.546,48.922,11.826,Eric Adams,993,628,0,0,0,0,1,0,0,0,0,1,0,0,1,0,1,0,1,0,1,0,1
65015,338.446,189.144,125.68,23.622,Eric Adams,1228,844,0,0,0,0,1,0,0,0,0,1,0,0,1,0,1,0,1,1,1,0,1
65016,249,113,125,11,Curtis Sliwa,967,738,0,0,0,0,1,0,0,0,0,1,0,0,1,0,1,0,1,1,0,1,0
65017,140.554,88.857,37.32,14.378,Eric Adams,1281,812,0,0,0,0,1,0,0,0,0,1,0,0,1,0,1,0,1,0,1,0,1
65018,177.471,120.09,50.116,7.265,Eric Adams,1364,871,0,0,0,0,1,0,0,0,0,1,0,0,1,0,0,0,1,0,1,0,1
65019,341.585,218.217,100.315,23.054,Eric Adams,1626,1161,0,0,0,0,1,0,0,0,0,1,1,1,0,1,0,0,1,0,1,0,1
65020,399.56,247.702,133.89,17.968,Eric Adams,943,706,0,0,0,0,1,0,0,0,0,1,0,0,0,0,1,0,1,0,1,0,1
65021,236.698,143.747,77.689,15.263,Eric Adams,1423,1020,0,0,0,0,1,0,0,0,0,1,0,0,0,0,1,0,1,0,1,0,1
65022,114.46,95.941,11.281,7.239,Eric Adams,715,577,0,0,0,0,1,0,1,0,0,0,1,1,0,0,1,1,0,0,1,0,1
65023,304,214,78,12,Eric Adams,1571,1064,0,0,0,0,1,0,0,0,1,0,0,0,1,0,1,0,1,0,1,0,1
65024,196.942,149.715,41.003,6.225,Eric Adams,893,651,0,0,0,0,1,0,0,0,0,1,0,0,1,0,1,0,1,0,1,0,1
65025,179.046,139.276,31.995,7.775,Eric Adams,959,724,0,0,0,0,1,0,0,0,1,0,0,0,1,0,1,0,1,0,1,0,1
65026,412.789,296.871,99.398,16.52,Eric Adams,1443,1101,0,0,0,0,1,0,0,0,0,0,0,0,1,0,1,0,1,0,1,0,1
65027,261.638,175.967,64.542,21.129,Eric Adams,1225,855,0,0,0,0,1,0,0,0,1,0,0,0,1,0,0,0,1,0,1,0,1
65028,526.899,381.328,116.461,29.11,Eric Adams,1226,1083,0,1,0,0,0,0,1,0,0,0,1,1,0,1,0,0,1,0,1,0,1
65029,561.714,404.439,121.03,36.244,Eric Adams,1458,1317,0,1,0,0,0,0,1,0,0,0,1,0,0,1,0,0,1,0,1,0,1
65030,364.995,264.453,86.746,13.796,Eric Adams,1253,892,1,0,0,0,1,0,0,0,1,0,1,0,0,1,0,0,1,0,1,0,1
65031,369.2,268.285,83.974,16.94,Eric Adams,1178,1018,0,1,0,0,1,0,1,0,0,0,1,0,0,1,0,0,1,0,1,0,1
65032,422.603,290.121,104.309,28.173,Eric Adams,1152,919,0,1,0,0,1,0,1,0,0,1,1,0,0,1,0,0,1,0,1,0,1
65033,346.596,233.041,93.915,19.641,Eric Adams,1717,1446,0,0,0,0,1,0,1,0,0,0,0,0,0,0,1,1,1,0,1,0,1
65034,147.919,106.293,28.989,12.636,Eric Adams,869,685,0,0,0,0,1,0,1,0,0,0,0,0,1,0,1,1,1,0,1,0,1
65035,293.829,225.408,38.144,30.277,Eric Adams,1603,1303,0,0,0,0,1,0,1,0,0,1,1,0,0,0,1,1,1,0,1,0,1
65036,127,105,16,6,Eric Adams,664,570,0,0,1,0,0,0,1,0,0,0,1,0,0,0,1,1,0,0,1,0,1
65037,25.904,19.428,2.698,3.778,Eric Adams,170,145,0,1,0,0,1,0,1,0,0,0,1,1,0,0,1,0,1,0,1,0,1
65038,86,67,14,5,Eric Adams,499,410,0,0,0,0,1,0,1,0,0,0,1,0,0,0,1,1,0,0,1,0,1
65039,106.501,80.41,16.681,9.41,Eric Adams,460,392,0,0,0,0,1,0,0,0,0,0,1,0,0,0,1,1,1,0,1,0,1
65040,228.937,172.052,33.109,23.777,Eric Adams,1486,1233,0,0,0,0,0,0,1,0,0,0,1,0,0,0,1,1,0,0,1,0,1
65041,190.173,146.867,24.201,19.105,Eric Adams,1399,1084,0,0,0,0,1,0,1,0,0,0,1,0,0,0,1,1,1,0,1,0,1
65042,243.863,185.753,46.846,11.264,Eric Adams,1322,1023,0,0,0,0,1,0,0,0,0,0,0,0,0,0,1,1,1,0,1,0,1
65043,259.584,186.898,57.934,14.752,Eric Adams,1475,1103,0,0,0,0,1,0,1,0,0,1,1,0,0,0,1,1,1,0,1,0,1
65044,251.228,178.883,58.231,14.115,Eric Adams,1627,1310,0,0,0,0,1,0,1,0,0,0,1,0,0,0,1,1,0,0,1,0,1
65045,206.503,162.395,30.612,13.496,Eric Adams,1275,1082,0,0,0,0,1,0,1,0,0,1,0,0,0,0,1,1,1,0,1,0,1
65046,632.664,446.855,157.089,28.719,Eric Adams,1580,1322,0,1,0,0,1,0,1,0,0,0,0,0,1,0,1,0,1,0,1,0,1
65047,178.661,127.609,45.184,5.869,Eric Adams,1049,821,1,0,0,0,1,0,0,0,1,0,0,0,1,0,1,0,1,0,1,0,0
65048,157.183,115.125,35.96,6.098,Eric Adams,836,632,1,0,0,0,1,0,0,0,1,0,0,0,1,0,1,0,1,0,1,0,0
65049,293.616,200.286,79.692,13.638,Eric Adams,1506,1197,0,0,0,0,1,0,1,0,0,1,1,0,0,0,1,1,0,0,1,0,1
65050,261.738,173.14,71.895,16.703,Eric Adams,1440,1038,0,0,0,0,1,0,0,0,0,1,1,0,0,0,1,1,0,0,1,0,1
65051,260.741,165.73,72.062,22.948,Eric Adams,1490,1002,0,0,0,0,1,0,0,0,0,1,0,0,0,0,1,0,1,0,1,0,1
65052,175.677,123.869,26.615,25.193,Eric Adams,1130,874,0,0,0,0,1,0,1,0,0,1,0,0,0,0,1,0,1,0,1,0,1
65053,180.866,124.441,33.841,22.584,Eric Adams,1035,766,0,0,0,0,1,0,1,0,0,1,0,0,0,0,1,0,1,0,1,0,1
65054,185.299,115.062,55.873,14.364,Eric Adams,1280,854,0,0,0,0,1,0,0,0,0,1,0,0,1,0,1,0,1,0,1,0,1
65055,296.051,174.636,112.055,9.36,Eric Adams,1017,721,0,0,0,0,1,0,0,0,0,1,0,0,1,0,1,0,1,0,1,0,1
65056,257.243,149.553,104.027,3.664,Eric Adams,887,690,0,0,0,0,1,0,0,0,0,1,0,0,1,0,1,0,1,0,1,0,1
65057,374,296,34,44,Eric Adams,1671,1478,0,0,0,0,0,0,1,0,0,0,1,0,0,0,1,1,1,0,1,0,1
65058,284.499,223.59,37.319,23.59,Eric Adams,1274,1083,0,0,0,0,0,0,1,0,0,0,1,0,0,0,1,1,0,0,1,0,1
65059,232.577,183.375,28.256,20.946,Eric Adams,1472,1170,0,0,0,0,0,0,1,0,0,0,1,1,0,0,1,1,0,0,1,0,1
65060,264.423,192.625,46.744,25.054,Eric Adams,1585,1254,0,0,0,0,0,0,1,0,0,0,0,0,1,0,1,1,1,0,1,0,1
65061,119.405,84.868,27.494,7.043,Eric Adams,1215,862,0,0,0,0,1,0,0,0,1,0,0,0,1,0,1,1,1,0,1,0,1
65062,282.972,213.151,59.276,10.544,Eric Adams,924,697,1,0,0,0,1,0,0,0,0,0,0,0,1,0,1,1,1,0,1,0,1
65063,302.404,207.796,84.899,9.709,Eric Adams,983,781,1,0,0,0,1,0,0,0,0,0,0,0,1,0,1,1,1,0,1,0,1
65064,274.628,206.045,33.338,35.245,Eric Adams,1479,1236,0,0,0,0,0,0,1,0,0,0,0,0,1,0,1,0,0,0,1,0,1
65065,183.006,146.235,29.946,6.824,Eric Adams,1464,991,1,0,0,0,0,0,0,0,1,0,0,0,1,0,1,0,1,0,1,0,1
65066,220.254,169.897,45.218,5.139,Eric Adams,1444,958,1,0,0,0,1,0,0,0,1,0,0,0,1,0,1,0,1,0,1,0,1
65067,269,200,57,12,Eric Adams,576,508,0,1,0,0,1,0,1,0,0,0,1,0,0,1,0,0,1,0,1,0,1
65069,0,0,0,0,Tie,0,0,0,0,0,0,0,0,0,0,0,0,0,0,0,0,0,0,0,0,0,0,0
65070,0,0,0,0,Tie,0,0,0,0,0,0,0,0,0,0,0,0,0,0,0,0,0,0,0,0,0,0,0
66001,79.872,65.081,11.241,3.55,Eric Adams,10,5,1,0,1,0,0,1,1,0,0,0,1,1,0,0,1,0,0,0,1,0,1
66002,218.659,174.907,32.411,11.34,Eric Adams,1145,1013,0,0,0,0,0,0,1,0,0,0,1,1,0,0,1,0,1,0,1,0,1
66003,272,224,35,13,Eric Adams,1017,934,0,0,0,0,0,0,1,0,0,0,1,1,0,0,1,0,1,0,1,0,1
66004,472,417,39,16,Eric Adams,1562,1400,0,1,0,0,0,0,1,0,0,0,1,1,0,0,1,0,1,0,1,0,1
66005,385,327,50,8,Eric Adams,881,845,0,1,0,0,0,0,1,0,0,1,1,1,0,1,0,0,1,0,1,0,1
66006,445,366,60,19,Eric Adams,1150,1082,0,1,0,0,0,0,1,0,0,0,1,1,0,1,0,0,1,0,1,0,1
66007,340.738,281.754,45.959,13.025,Eric Adams,1132,1015,0,1,0,0,0,0,1,0,0,0,1,1,0,1,0,1,0,0,1,0,1
66008,567.488,499.247,37.933,30.309,Eric Adams,1297,1095,0,1,1,0,0,0,1,0,0,0,1,1,0,0,1,0,1,0,1,0,1
66009,142.731,126.53,9.301,6.901,Eric Adams,1049,989,0,1,0,0,0,0,1,0,0,0,1,1,0,0,1,0,1,0,1,0,1
66010,288.34,246.538,27.264,14.537,Eric Adams,1140,1051,0,1,0,0,0,0,1,0,0,0,1,1,0,0,1,0,1,0,1,0,1
66011,536.044,451.998,60.2,23.846,Eric Adams,1160,1076,0,1,0,0,0,0,1,0,0,0,1,1,0,0,1,0,1,0,1,0,1
66012,387.42,331.194,39.136,17.09,Eric Adams,1474,1378,0,1,1,0,0,0,1,0,0,0,1,1,0,0,1,1,0,0,1,0,1
66013,171.869,141.056,20.612,10.201,Eric Adams,875,801,0,0,0,0,0,1,1,0,0,1,1,1,0,0,1,0,1,0,1,0,1
66014,456.122,383.067,49.592,23.463,Eric Adams,1234,1138,0,0,1,0,0,0,1,0,0,0,1,1,0,0,1,1,0,0,1,0,1
66015,293.358,253.385,25.828,14.145,Eric Adams,1273,1175,0,1,0,0,0,0,1,0,0,0,1,1,0,0,1,1,0,0,1,0,1
66016,420.205,353.052,44.728,22.426,Eric Adams,1619,1506,0,1,1,0,0,0,1,0,0,0,1,1,0,0,1,0,0,0,1,0,1
66017,383.187,329.137,35.355,18.694,Eric Adams,1002,942,0,0,0,0,0,0,1,0,0,0,1,1,0,0,1,1,0,0,1,0,1
66018,309.626,264.534,26.281,18.81,Eric Adams,1134,1057,0,0,1,0,0,0,1,0,0,0,1,1,0,0,1,0,0,0,1,0,1
66019,379.365,322.068,34.09,23.207,Eric Adams,1455,1302,0,0,1,0,0,0,1,0,0,0,1,1,0,0,1,0,0,0,1,0,1
66020,218.694,180.526,28.35,9.818,Eric Adams,1107,994,0,1,1,0,0,0,1,0,0,0,1,1,0,0,1,1,1,0,1,0,1
66021,451.572,353.329,77.058,21.185,Eric Adams,1252,1180,0,1,0,0,0,0,1,0,0,0,1,1,0,0,1,0,1,0,1,0,1
66022,47,40,4,3,Eric Adams,119,115,0,1,0,0,0,0,1,0,0,0,1,1,0,0,1,0,1,0,1,0,1
66023,342.789,291.905,37.241,13.643,Eric Adams,1454,1286,0,1,1,0,0,0,1,0,0,0,1,1,0,0,1,1,0,0,1,0,1
66024,445,397,39,9,Eric Adams,1199,1115,0,1,0,0,0,0,1,0,0,0,1,1,0,0,1,1,1,0,1,0,1
66025,572.082,500.098,53.819,18.165,Eric Adams,1502,1372,0,1,1,0,0,0,1,0,0,0,1,1,0,0,1,1,0,0,1,0,1
66026,422.164,362.558,39.852,19.753,Eric Adams,1074,997,0,1,0,0,0,0,1,0,0,0,1,1,0,0,1,1,1,0,1,0,1
66027,218.769,187.264,21.799,9.706,Eric Adams,895,807,0,0,1,0,0,0,1,0,0,0,1,1,0,0,1,1,0,0,1,0,1
66028,288.623,248.135,31.721,8.767,Eric Adams,1152,1055,0,1,1,0,0,0,1,0,0,0,1,1,0,0,1,1,1,0,1,0,1
66029,223.807,173.057,31.48,19.269,Eric Adams,995,929,0,0,1,0,0,0,1,0,0,0,1,1,0,0,1,1,1,0,1,0,1
66030,193.001,160,19,14,Eric Adams,829,741,0,0,1,0,0,0,1,0,0,0,1,0,0,0,1,1,0,0,1,0,1
66031,328.194,250.943,54.52,22.731,Eric Adams,1294,1163,0,0,1,0,0,0,1,0,0,0,1,1,0,0,1,1,1,0,1,0,1
66032,372,286,61,25,Eric Adams,1471,1337,0,0,1,0,0,0,1,0,0,0,1,1,0,0,1,1,1,0,1,0,1
66033,359.351,314.378,29.243,15.73,Eric Adams,1011,945,0,1,1,0,0,0,1,0,0,0,1,1,0,0,1,0,1,0,1,0,1
66034,260.42,227.104,20.241,13.076,Eric Adams,869,825,0,1,0,0,0,0,1,0,0,1,1,1,0,1,0,1,0,0,1,0,1
66035,468.651,412.371,44.74,11.539,Eric Adams,1136,1055,0,1,0,0,0,0,1,0,0,0,1,1,0,1,0,1,0,0,1,0,1
66036,473.077,411.521,42.685,18.87,Eric Adams,1281,1216,0,1,0,0,0,0,1,0,0,1,1,1,0,1,0,1,0,0,1,0,1
66037,451.352,391.631,47.26,12.461,Eric Adams,1267,1181,0,1,0,0,0,0,1,0,0,0,1,1,0,1,0,1,1,0,1,0,1
66038,444.302,399.192,33.059,12.051,Eric Adams,1145,1086,0,1,0,0,0,0,1,0,0,0,1,1,0,0,1,1,1,0,1,0,1
66039,129.575,98.684,19.127,11.764,Eric Adams,378,346,0,1,0,0,0,0,1,0,0,0,1,1,0,0,1,1,1,0,1,0,1
66040,249.24,219.211,19.024,11.005,Eric Adams,911,757,0,0,0,0,0,0,1,0,0,0,1,0,0,0,1,1,0,0,1,0,1
66041,407.361,340.928,47.37,19.063,Eric Adams,1225,1112,0,1,0,0,0,0,1,0,0,0,1,1,0,0,1,1,1,0,1,0,1
66042,381.638,326.072,39.63,15.937,Eric Adams,1380,1294,0,1,0,0,0,0,1,0,0,0,1,1,0,0,1,1,1,0,1,0,0
66043,193.795,158.817,21.652,13.326,Eric Adams,1139,934,0,0,0,0,0,0,1,0,0,0,1,1,0,0,1,1,0,0,1,0,1
66044,268.922,222.646,34.462,11.814,Eric Adams,1250,1144,0,0,0,0,0,0,1,0,0,0,1,1,0,0,1,1,0,0,1,0,1
66045,357.948,290.986,37.756,29.207,Eric Adams,1131,1045,0,0,0,0,0,0,1,0,0,0,1,1,0,0,1,1,0,0,1,0,1
66046,221.042,186.872,24.35,9.819,Eric Adams,949,691,0,0,0,0,0,0,1,0,0,0,1,1,0,0,1,1,0,0,1,0,1
66047,276.3,226.528,27.663,22.11,Eric Adams,1287,1139,0,0,0,0,0,0,1,0,0,0,1,1,0,0,1,1,0,0,1,0,1
66048,265.991,205.15,36.117,24.724,Eric Adams,1329,1178,0,0,0,0,0,0,1,0,0,0,1,1,0,0,1,1,0,0,1,0,1
66049,321.134,237.739,58.428,24.968,Eric Adams,1739,1485,0,0,0,0,1,0,1,0,0,1,1,0,0,0,1,1,1,0,1,0,1
66050,361,285,46,30,Eric Adams,1522,1317,0,0,0,0,0,0,1,0,0,0,1,0,0,0,1,1,1,0,1,0,1
66051,366.999,300.999,38,28,Eric Adams,1668,1488,0,0,1,0,0,0,1,0,0,0,1,0,0,0,1,1,1,0,1,0,1
66052,240.747,181.552,41.983,17.212,Eric Adams,939,819,0,0,0,0,1,0,1,0,0,0,1,0,0,0,1,1,1,0,1,0,1
66053,191.744,149.209,22.477,20.059,Eric Adams,996,897,0,0,0,0,0,0,1,0,0,0,1,0,0,0,1,1,1,0,1,0,1
66054,261.824,189.386,45.78,26.658,Eric Adams,1210,1106,0,0,1,0,0,0,1,0,0,0,1,0,0,0,1,1,0,0,1,0,1
66055,239.346,181.238,43.79,14.318,Eric Adams,990,894,0,0,0,0,0,0,1,0,0,0,1,0,0,0,1,1,0,0,1,0,1
66056,334.83,287.375,28.431,19.024,Eric Adams,960,901,0,0,0,0,0,0,1,0,0,0,1,1,0,0,1,1,0,0,1,0,1
66057,377.677,328.332,25.444,23.901,Eric Adams,1217,1120,0,1,0,0,0,0,1,0,0,0,1,1,0,0,1,1,0,0,1,0,1
66058,414.397,368.614,22.487,23.296,Eric Adams,1292,1174,0,1,0,0,0,0,1,0,0,0,1,1,0,0,1,1,0,0,1,0,1
66059,259.042,213.452,29.844,15.746,Eric Adams,922,841,0,1,0,0,0,0,1,0,0,0,1,1,0,0,1,1,1,0,1,0,0
66060,305.835,249.299,34.223,22.313,Eric Adams,1009,904,0,1,0,0,0,0,1,0,0,0,1,0,0,0,1,1,0,0,1,0,1
66061,281.997,234.518,24.947,22.531,Eric Adams,995,925,0,1,0,0,0,0,1,0,0,0,1,1,0,0,1,1,1,0,1,0,0
66062,31.815,26.354,2.849,2.612,Eric Adams,98,87,0,1,1,0,0,0,1,0,0,0,1,1,0,0,1,0,1,0,1,0,1
66063,161.526,137.793,17.338,6.395,Eric Adams,1218,1090,0,0,1,0,0,1,1,0,0,0,1,1,0,0,1,0,0,0,1,0,1
66064,378.202,326.446,33.177,18.579,Eric Adams,1381,1269,0,1,0,0,0,0,1,0,0,0,1,1,0,0,1,0,0,0,1,0,1
66065,215.488,181.395,19.562,14.531,Eric Adams,1057,940,0,1,0,0,0,0,1,0,0,0,1,1,0,0,1,0,1,0,1,0,1
66066,594.395,477.24,90.674,26.48,Eric Adams,1632,1526,0,1,1,0,0,0,1,0,0,1,1,1,0,0,1,0,1,0,1,0,1
66067,309.014,253.021,46.019,9.973,Eric Adams,1666,1547,0,0,0,0,0,1,1,0,0,0,1,1,0,0,1,1,0,0,1,0,1
66068,290.065,251.798,29.425,8.841,Eric Adams,1544,1371,0,1,1,0,0,0,1,0,0,0,1,1,0,0,1,0,1,0,1,0,1
66069,376.917,319.742,43.31,13.866,Eric Adams,1144,1069,0,1,0,0,0,0,1,0,0,1,1,1,0,0,1,0,1,0,1,0,1
66070,254.47,204.546,39.135,10.79,Eric Adams,1290,1168,0,1,1,0,0,0,1,0,0,0,1,1,0,0,1,0,1,0,1,0,1
66071,277.093,241.277,26.886,8.93,Eric Adams,1262,1154,0,1,0,0,0,0,1,0,0,0,1,1,0,0,1,1,0,0,1,0,1
66072,350.139,288.908,44.223,17.008,Eric Adams,1025,747,0,1,1,0,0,0,1,0,0,0,1,1,0,0,1,1,0,0,1,0,1
66073,151.181,126.212,18.883,6.086,Eric Adams,1304,1219,0,1,0,0,0,0,1,0,0,0,1,1,0,0,1,1,0,0,1,0,1
66074,52.771,43.037,5.636,4.099,Eric Adams,162,146,0,0,0,0,0,0,1,0,0,0,1,1,0,0,1,1,0,0,1,0,1
66078,87.983,77.477,6.241,4.266,Eric Adams,0,0,0,0,0,0,0,0,0,0,0,0,0,0,0,0,0,0,0,0,1,0,0
67001,445.635,380.033,51.079,14.524,Eric Adams,1309,1218,0,1,0,0,0,0,1,0,0,0,1,1,0,0,1,0,0,0,1,0,0
67002,263.676,222.47,29.252,11.953,Eric Adams,859,799,0,1,0,0,0,0,1,0,0,0,1,1,0,0,1,0,0,0,1,0,1
67003,524.085,464.21,43.014,16.861,Eric Adams,1231,1153,0,1,0,0,0,0,1,0,0,0,1,1,0,0,1,0,1,0,1,0,0
67004,470.938,403.448,54.992,12.498,Eric Adams,1327,1220,0,1,0,0,0,0,1,0,0,0,1,1,0,0,1,0,1,0,1,0,0
67005,482.68,415.206,52.567,14.906,Eric Adams,1453,1379,0,1,0,0,0,0,1,0,0,0,1,1,0,0,1,0,1,0,1,0,1
67006,95.235,80.584,9.419,5.233,Eric Adams,326,315,0,1,0,0,0,0,1,0,0,0,1,1,0,0,1,0,1,0,1,0,1
67007,546.328,458.385,72.389,15.554,Eric Adams,1544,1445,0,1,0,0,0,0,1,0,0,0,1,1,0,0,1,0,1,0,1,0,0
67008,498,416,65,17,Eric Adams,1375,1271,0,1,0,0,0,0,1,0,0,0,1,1,0,0,1,0,1,0,1,0,0
67009,473.056,398.936,54.783,19.336,Eric Adams,1165,1116,0,1,0,0,0,0,1,0,0,0,1,1,0,1,0,0,1,0,1,0,1
67010,808.454,698.93,85.124,24.4,Eric Adams,1359,1240,0,1,0,0,0,0,1,0,0,0,1,1,0,1,0,0,1,0,1,0,1
67011,447.944,394.064,36.217,17.664,Eric Adams,1303,1193,0,1,0,0,0,0,1,0,0,0,1,1,0,1,0,0,1,0,1,0,0
67012,244.315,210.406,24.899,9.011,Eric Adams,1663,1537,0,1,0,0,0,0,1,0,0,0,1,1,0,1,0,0,1,0,1,0,1
67013,469.099,398.772,55.249,15.078,Eric Adams,1411,1288,0,1,0,0,0,0,1,0,0,0,1,1,0,1,0,0,1,0,1,0,0
67014,380.815,329.115,38.008,13.692,Eric Adams,1002,938,0,1,0,0,0,0,1,0,0,0,1,1,0,0,1,0,1,0,1,0,0
67015,855.602,738.551,81.584,35.467,Eric Adams,1163,1087,0,1,0,0,0,0,1,0,0,0,1,1,0,0,1,0,1,0,1,0,1
67016,507.066,427.581,65.487,13.997,Eric Adams,1607,1472,0,1,0,0,0,0,1,0,0,0,1,1,0,0,1,0,1,0,1,0,1
67017,368.653,316.952,45.315,6.386,Eric Adams,1545,1383,0,1,0,0,0,0,1,0,0,0,1,1,0,0,1,0,1,0,1,0,1
67018,406.841,350.911,43.226,12.704,Eric Adams,1392,1281,0,1,0,0,0,0,1,0,0,0,1,1,0,0,1,0,1,0,1,0,1
67019,648.253,564.349,61.591,22.312,Eric Adams,1419,1321,0,1,0,0,0,0,1,0,0,0,1,1,0,0,1,0,1,0,1,0,1
67020,455,401,46,8,Eric Adams,1463,1354,0,1,0,0,0,0,1,0,0,0,1,1,0,0,1,0,0,0,1,0,1
67021,455,377,68,10,Eric Adams,1269,1143,0,1,0,0,0,0,1,0,0,0,1,1,0,0,1,0,0,0,1,0,1
67022,488,412,63,13,Eric Adams,1348,1186,0,1,0,0,0,0,1,0,0,0,1,1,0,0,1,0,0,0,1,0,1
67023,182,161,18,3,Eric Adams,586,546,0,1,0,0,0,0,1,0,0,0,1,1,0,0,1,0,0,0,1,0,1
67024,397.671,332.614,52.658,12.399,Eric Adams,1361,1296,0,1,0,0,0,0,1,0,0,0,1,0,0,0,1,0,1,0,1,0,0
67025,459.124,399.051,42.723,17.35,Eric Adams,978,927,0,1,0,0,0,0,1,0,0,0,1,0,0,0,1,0,1,0,1,0,1
67026,537.717,464.041,51.124,22.551,Eric Adams,1624,1540,0,1,0,0,0,0,1,0,0,0,1,1,0,0,1,0,1,0,1,0,1
67027,337,261,62,14,Eric Adams,886,842,0,1,0,0,0,0,1,0,0,0,1,1,0,0,1,0,0,0,1,0,1
67028,435.627,373.322,43.213,19.092,Eric Adams,989,916,0,1,1,0,0,0,1,0,0,0,1,1,0,0,1,0,0,0,1,0,1
67029,329.471,273.409,46.053,10.01,Eric Adams,916,874,0,1,0,0,0,0,1,0,0,0,1,1,0,0,1,0,0,0,1,0,1
67030,607.005,489.835,92.563,24.607,Eric Adams,1609,1527,0,1,1,0,0,0,1,0,0,0,1,1,0,0,1,0,0,0,1,0,1
67031,419.799,347.896,57.018,14.885,Eric Adams,908,846,0,1,0,0,0,0,1,0,0,0,1,1,0,0,1,0,1,0,1,0,1
67032,373.253,318.205,44.616,10.432,Eric Adams,1315,1234,0,1,0,0,0,0,1,0,0,0,1,1,0,0,1,0,1,0,1,0,1
67033,234.201,192.104,34.982,7.115,Eric Adams,1049,973,0,1,0,0,0,0,1,0,0,0,1,1,0,0,1,0,1,0,1,0,1
67034,263.062,229.642,22.716,10.704,Eric Adams,1539,1442,0,1,0,0,0,0,1,0,0,0,1,0,0,0,1,0,1,0,1,0,0
67035,320.811,272.683,36.814,11.314,Eric Adams,1259,1085,0,1,0,0,0,0,1,0,0,0,1,1,0,1,0,0,1,0,1,0,1
67036,594,527,51,16,Eric Adams,1289,1219,0,1,0,0,0,0,1,0,0,0,1,1,0,1,0,0,1,0,1,0,1
67037,537.529,451.591,72.947,12.99,Eric Adams,1630,1522,0,1,0,0,0,0,1,0,0,0,1,1,0,1,0,0,1,0,1,0,1
67038,615.742,513.96,84.821,16.961,Eric Adams,1697,1614,0,1,0,0,0,0,1,0,0,0,1,1,0,1,0,0,1,0,1,0,1
67039,944.376,804.723,112.86,26.793,Eric Adams,1535,1455,0,1,0,0,0,0,1,0,0,0,1,1,0,1,0,0,1,0,1,0,1
67040,676.623,573.276,83.14,20.207,Eric Adams,1465,1394,0,1,0,0,0,0,1,0,0,0,1,1,0,1,0,0,1,0,1,0,1
67041,512.834,430.582,78.613,3.638,Eric Adams,1469,1370,0,1,0,0,0,0,1,0,0,0,1,1,0,1,0,0,1,0,1,0,1
67042,707.42,588.303,108.828,10.289,Eric Adams,1328,1256,0,1,0,0,0,0,1,0,0,0,1,1,0,1,0,0,1,0,1,0,0
67043,419.724,315.553,87.318,16.853,Eric Adams,867,821,0,1,0,0,0,0,1,0,0,0,1,1,0,1,0,0,1,0,1,0,1
67044,796.692,662.355,109.44,24.896,Eric Adams,1472,1389,0,1,0,0,0,0,1,0,0,0,1,1,0,1,0,0,1,0,1,0,1
67045,73.33,56.207,14.8,2.324,Eric Adams,890,832,0,1,1,0,0,0,1,0,0,1,1,1,0,1,0,0,1,0,1,0,1
67046,200.998,176.998,19,5,Eric Adams,494,461,0,1,0,0,0,0,1,0,0,0,1,1,0,0,1,0,0,0,1,0,1
67047,373.033,295.603,59.065,18.365,Eric Adams,1711,1554,0,0,0,0,0,1,1,0,0,0,1,1,0,0,1,0,0,0,1,0,1
67048,351.059,281.411,59.283,10.365,Eric Adams,1318,1183,0,0,0,0,0,0,1,0,0,0,1,1,0,0,1,0,0,0,1,0,0
67049,198.724,156.475,33.86,8.389,Eric Adams,1216,1113,0,0,0,0,0,0,1,0,0,0,1,1,0,0,1,0,0,0,1,0,1
67050,339.98,277.603,46.655,15.722,Eric Adams,1291,1055,0,0,0,0,0,0,0,0,1,0,0,1,0,0,1,1,1,0,1,0,1
67051,202.276,160.42,37.531,4.324,Eric Adams,1285,937,1,0,0,0,0,0,0,1,0,0,0,0,0,0,1,1,1,0,1,0,1
67052,398.89,305.797,78.705,14.388,Eric Adams,1406,1310,0,0,0,0,0,0,1,0,0,1,1,1,0,0,1,0,0,0,1,0,1
67053,47.953,35.837,8.78,3.337,Eric Adams,942,847,0,0,0,0,0,0,1,0,0,0,1,0,0,0,1,1,1,0,1,0,1
67054,456.23,339.628,100.351,16.252,Eric Adams,1314,1122,0,0,0,0,0,0,1,0,0,0,1,0,0,0,1,1,1,0,1,0,1
67055,124.318,95.809,23.835,4.674,Eric Adams,1035,834,0,0,0,0,0,0,0,0,0,0,1,0,0,0,1,1,1,0,1,0,1
67056,382.738,309.265,58.934,14.539,Eric Adams,1264,1164,0,0,0,0,0,0,1,0,0,0,1,1,0,0,1,1,1,0,1,0,1
67057,470,381,70,19,Eric Adams,1659,1499,0,0,0,0,0,0,1,0,0,0,1,0,0,0,1,1,1,0,1,0,1
67058,249,195,37,17,Eric Adams,993,871,0,0,0,0,0,0,1,0,0,0,1,0,0,0,1,1,1,0,1,0,1
67059,522.798,414.22,79.511,29.067,Eric Adams,1627,1473,0,0,0,0,0,0,0,0,0,0,1,0,0,0,1,0,1,0,1,0,1
67060,404.805,325.189,60.551,19.065,Eric Adams,1609,1477,0,0,0,0,0,0,1,0,0,0,1,0,0,0,1,1,1,0,1,0,1
67061,119.585,97.123,15.253,7.209,Eric Adams,1241,1040,0,0,0,0,0,0,1,0,0,0,1,0,0,0,1,0,1,0,1,0,1
67062,308.026,246.248,37.875,23.902,Eric Adams,1580,1396,0,0,0,0,0,0,1,0,0,0,1,0,0,0,1,0,0,0,1,0,1
67063,358.536,283.698,55.569,19.269,Eric Adams,1377,1273,0,0,0,0,0,0,1,0,0,0,1,0,0,0,1,0,0,0,1,0,1
67064,396.686,319.719,58.974,17.993,Eric Adams,1243,1111,0,0,0,0,0,0,1,0,0,0,1,0,0,0,1,0,0,0,1,0,1
67065,219.662,170.394,34.309,14.959,Eric Adams,1563,1389,0,0,0,0,0,0,1,0,0,0,1,0,0,0,1,0,0,0,1,0,1
67066,141,98,33,10,Eric Adams,798,686,0,0,0,0,1,1,1,0,0,0,1,0,0,0,1,0,0,0,1,0,1
67067,322,265,39,18,Eric Adams,1262,1138,0,0,0,0,1,0,1,0,0,0,1,1,0,0,1,0,0,0,1,0,1
67068,177.043,139.725,24.3,13.018,Eric Adams,1011,897,0,0,0,0,0,0,1,0,0,1,1,1,0,0,1,0,0,0,1,0,1
67069,0,0,0,0,Tie,0,0,0,0,0,0,0,0,0,0,0,0,0,0,0,0,0,0,0,0,0,0,0
68001,233,202,20,11,Eric Adams,1021,824,0,0,0,0,0,0,0,1,0,0,0,0,0,0,1,0,0,0,1,0,0
68002,183.926,160.318,22.953,0.656,Eric Adams,1149,862,0,0,0,0,0,0,0,1,1,0,0,0,1,0,1,1,0,0,1,0,1
68003,95.805,83.53,9.394,2.88,Eric Adams,780,594,0,0,0,0,0,0,0,1,1,0,0,0,1,0,1,1,0,0,1,0,0
68004,318,292,14,12,Eric Adams,1062,884,0,0,0,0,0,0,0,1,0,0,0,0,0,0,1,0,1,0,1,0,1
68005,195.032,174.793,6.78,13.458,Eric Adams,801,678,0,0,0,0,0,0,1,1,0,0,1,0,0,0,1,0,1,0,1,0,1
68006,201,172,22,7,Eric Adams,1111,885,1,0,0,0,0,0,0,0,1,0,0,0,1,0,0,0,1,0,1,0,0
68007,179,159,17,3,Eric Adams,823,623,0,0,0,0,0,0,0,1,0,0,0,0,1,0,0,0,1,0,1,0,0
68008,510.237,420.117,54.915,35.205,Eric Adams,1531,1384,0,0,0,0,0,0,0,0,0,0,0,0,1,0,1,1,0,0,1,0,1
68009,107.826,93.044,10.435,4.348,Eric Adams,608,438,1,0,0,0,0,0,0,1,1,0,0,0,1,0,1,1,0,0,1,0,1
68010,159.174,138.956,15.565,4.652,Eric Adams,940,700,0,0,0,0,0,0,0,1,1,0,0,0,1,0,1,1,0,0,1,0,1
68011,257,219,24,14,Eric Adams,1209,976,0,0,0,0,0,0,0,0,0,0,0,0,0,0,1,1,0,0,1,0,1
68012,291,256,31,4,Eric Adams,1082,905,0,0,0,0,0,0,0,0,0,0,0,0,1,0,1,1,1,0,1,0,1
68013,344,302,37,5,Eric Adams,1426,1155,0,0,0,1,0,0,0,0,1,0,0,0,1,0,1,1,1,0,1,0,0
68014,146.493,122.077,13.147,11.269,Eric Adams,618,523,0,0,0,0,0,0,0,1,0,0,0,0,0,0,1,1,0,0,1,0,1
68015,140.946,125.778,14.141,1.027,Eric Adams,983,674,1,0,0,0,0,0,0,1,1,0,0,0,1,0,1,1,0,0,1,0,1
68016,148,125,19,4,Eric Adams,1036,714,1,0,0,0,0,0,0,1,0,0,0,0,1,0,1,1,0,0,1,0,1
68017,154.883,129.793,20.222,4.868,Eric Adams,1315,1021,1,0,0,0,0,0,0,0,1,0,0,0,1,0,1,1,0,0,1,0,1
68018,144.403,121.179,16.976,6.248,Eric Adams,800,625,0,0,0,0,0,0,0,0,1,0,0,0,1,0,1,1,0,0,1,0,1
68019,217.233,189.547,17.358,10.329,Eric Adams,1104,857,1,0,0,0,0,0,0,0,1,0,0,0,1,0,1,1,0,0,1,0,1
68020,222.079,195.151,24.216,2.712,Eric Adams,1319,960,0,0,0,0,0,0,0,1,1,0,0,0,1,0,1,1,0,0,1,0,1
68021,329.505,276.208,37.301,15.995,Eric Adams,1483,1163,0,0,0,0,0,0,0,0,0,0,0,0,1,0,1,1,0,0,1,0,1
68022,166.191,128.565,25.878,11.749,Eric Adams,797,627,0,0,0,0,0,0,0,1,0,0,0,0,1,0,1,1,0,0,1,0,0
68023,138.458,123.632,12.797,2.028,Eric Adams,1022,697,1,0,0,0,0,0,0,1,0,0,0,0,1,0,1,1,0,0,1,0,0
68024,19,17,1,1,Eric Adams,278,173,0,0,0,0,0,1,0,1,0,0,0,0,0,0,1,0,0,0,1,0,1
68025,232.96,201.004,19.955,12,Eric Adams,1342,1003,1,0,0,0,0,0,0,0,1,0,0,0,1,0,1,1,0,0,1,0,0
68026,160.168,128.139,24.231,7.799,Eric Adams,897,684,1,0,0,0,0,0,0,1,1,0,0,0,1,0,1,1,0,0,1,0,0
68027,134.04,119.996,10.045,4,Eric Adams,1093,731,1,0,0,0,0,0,0,1,1,0,0,0,1,0,1,1,0,0,1,0,0
68028,267.056,219.405,30.79,16.86,Eric Adams,1371,1173,0,0,0,0,0,0,0,0,0,0,0,0,1,0,1,1,0,0,1,0,0
68029,252.239,187.284,41.569,23.386,Eric Adams,1512,1181,0,0,0,0,0,0,0,0,0,0,0,0,1,0,1,1,0,0,1,0,1
68030,135.35,114.014,17.383,3.953,Eric Adams,963,655,1,0,0,0,0,0,0,0,1,0,0,0,1,0,1,0,0,0,1,0,1
68031,162.78,131.814,19.567,11.4,Eric Adams,1020,820,1,0,0,0,0,0,0,0,1,0,0,0,1,0,1,0,0,0,1,0,1
68032,309.599,248.155,46.563,14.881,Eric Adams,1414,1130,0,0,0,0,0,0,0,0,0,0,0,0,0,0,1,1,0,0,1,0,1
68033,161.681,129.354,23.833,8.494,Eric Adams,1543,1236,0,0,0,0,0,0,0,0,0,0,0,0,0,0,1,1,0,0,1,0,1
68034,264.698,218.552,39.414,6.732,Eric Adams,1542,1117,1,0,0,0,0,0,0,0,1,0,0,0,1,0,1,0,0,0,1,0,1
68035,321.668,272.266,34.448,14.954,Eric Adams,1149,925,0,0,0,0,0,0,0,1,0,0,0,0,1,0,1,0,0,0,1,0,1
68036,160.398,126.961,25.76,7.677,Eric Adams,1004,740,1,0,0,0,0,0,0,1,1,0,0,0,1,0,1,1,0,0,1,0,0
68037,352.753,282.644,56.238,13.87,Eric Adams,1483,1201,1,0,0,0,1,0,0,0,1,0,0,0,0,0,1,0,1,0,1,0,1
68038,402.85,326.396,56.002,20.453,Eric Adams,1320,1102,0,0,0,0,0,0,0,0,0,0,0,0,1,0,1,0,1,0,1,0,1
68039,169,133,32,4,Eric Adams,1056,758,1,0,0,0,0,0,0,1,1,0,0,0,1,0,1,1,1,0,1,0,0
68040,230.428,188.939,33.491,7.998,Eric Adams,975,730,1,0,0,0,0,0,0,0,1,0,0,0,1,0,1,0,1,0,1,0,1
68041,206.777,171.623,27.965,7.189,Eric Adams,1438,1007,1,0,0,0,0,0,0,1,1,0,0,0,1,0,1,1,0,0,1,0,0
68042,136.81,116.337,15.481,4.992,Eric Adams,1054,762,1,0,0,0,0,0,0,0,1,0,0,0,1,0,1,0,1,0,1,0,0
68043,246.417,197.623,38.232,10.562,Eric Adams,1479,1168,1,0,0,0,0,0,1,0,1,0,0,0,0,0,1,1,0,0,1,0,0
68044,345.569,261.478,74.831,9.26,Eric Adams,1588,1295,1,0,0,0,0,0,0,0,0,0,0,0,0,0,1,0,1,0,1,0,1
68045,241.896,201.033,30.242,10.621,Eric Adams,1290,989,1,0,0,0,0,0,0,0,0,0,0,0,1,0,1,1,0,0,1,0,1
68046,285.104,230.967,42.758,11.379,Eric Adams,1254,1039,1,0,0,0,0,0,0,0,1,0,0,0,0,0,1,0,1,0,1,0,1
68047,253.681,196.482,44.762,12.438,Eric Adams,1548,1217,0,0,0,0,0,0,0,0,1,0,0,0,1,0,1,1,0,0,1,0,1
68048,404.001,341.001,53,10,Eric Adams,1330,1073,0,0,0,0,0,0,0,0,1,0,0,0,1,0,1,0,1,0,1,0,1
68049,132,115,10,7,Eric Adams,895,617,1,0,0,0,0,0,0,1,0,0,0,0,1,0,1,0,1,0,1,0,1
68050,147.318,122.518,21.238,3.562,Eric Adams,917,652,1,0,0,0,0,0,0,1,0,0,0,0,1,0,1,0,1,0,1,0,1
68051,278,237,33,8,Eric Adams,1457,1145,0,0,0,0,0,0,0,0,0,0,0,0,1,0,1,0,1,0,1,0,1
68052,287,228,45,14,Eric Adams,1093,974,0,1,0,0,0,0,1,0,0,0,1,1,0,0,1,1,1,0,1,0,0
68053,177,141,27,9,Eric Adams,980,768,0,0,0,0,0,0,1,0,0,0,1,1,0,0,1,1,1,0,1,0,0
68054,326.715,271.747,47.338,7.63,Eric Adams,961,880,0,1,1,0,0,0,1,0,0,0,1,1,0,1,0,0,1,0,1,0,1
68055,503.728,411.766,68.97,22.992,Eric Adams,1485,1376,0,1,0,0,0,0,1,0,0,0,1,1,0,0,1,1,1,0,1,0,0
68056,197,158,26,13,Eric Adams,1018,760,0,0,0,0,0,0,0,0,0,0,0,0,0,0,1,1,0,0,1,0,0
68057,194.705,165.066,20.625,9.014,Eric Adams,1065,803,0,0,0,0,0,0,0,0,0,0,0,0,0,0,1,1,0,0,1,0,1
68058,165.579,136.411,23.663,5.506,Eric Adams,1306,944,1,0,0,0,0,0,0,0,1,0,0,0,1,0,1,1,0,0,1,0,1
68059,110.922,94.773,11.825,4.324,Eric Adams,913,704,0,0,0,0,0,0,0,0,1,0,0,0,1,0,1,1,0,0,1,0,1
68060,197.794,162.75,24.888,10.156,Eric Adams,974,798,0,0,0,0,0,0,0,0,0,0,0,0,1,0,1,0,1,0,1,0,1
68061,115.501,87.846,25.215,2.44,Eric Adams,698,469,1,0,0,0,0,0,0,0,1,0,1,0,0,0,1,0,0,0,1,0,1
68062,341.53,278.666,42.032,20.832,Eric Adams,1393,1239,0,0,0,0,0,0,1,0,0,0,1,0,0,0,1,1,0,0,1,0,0
68063,308.445,253.826,42.331,12.288,Eric Adams,1119,1059,0,0,0,0,0,0,1,0,0,0,1,0,0,0,1,0,0,0,1,0,1
68064,221,175,40,6,Eric Adams,519,501,0,1,0,0,0,0,1,0,0,0,1,1,0,0,1,1,1,0,1,0,1
68065,353.319,281.552,58.222,13.545,Eric Adams,1372,1276,0,1,0,0,0,0,1,0,0,0,1,0,0,0,1,1,0,0,1,0,1
68066,462.811,351.275,90.19,21.346,Eric Adams,1798,1639,0,1,0,0,0,0,1,0,0,0,1,1,0,0,1,0,1,0,1,0,1
68067,398,274,104,20,Eric Adams,1287,1105,0,0,1,0,0,0,1,0,0,0,1,1,0,0,1,0,1,0,1,0,1
68068,118.422,95.352,16.405,6.664,Eric Adams,486,452,0,0,0,0,0,0,1,0,0,1,1,0,0,0,1,1,0,0,1,0,1
68069,165.48,126.227,38.484,0.77,Eric Adams,871,645,1,0,0,0,0,0,0,1,0,0,1,1,0,0,1,0,1,0,1,0,1
68070,366,289,64,13,Eric Adams,1150,1067,0,1,0,0,0,0,1,1,0,0,1,1,0,0,1,1,0,0,1,0,1
68071,268.879,210.215,44.976,13.688,Eric Adams,975,787,0,0,0,0,0,0,0,0,1,0,1,1,0,0,1,0,1,0,1,0,1
68072,123.324,110.754,9.725,2.845,Eric Adams,274,239,0,0,0,0,0,0,0,0,0,0,0,0,1,0,0,0,1,0,1,0,1
68073,99.553,89.276,7.707,2.569,Eric Adams,380,316,0,0,0,0,0,0,0,1,0,0,0,0,0,0,1,1,0,0,1,0,1
68074,207.019,164.928,34.301,7.79,Eric Adams,824,729,0,0,0,0,0,0,1,0,0,0,1,0,0,0,1,1,0,0,1,0,1
68075,127.83,111.134,14.087,2.609,Eric Adams,453,396,0,1,1,0,0,0,1,0,0,0,1,1,0,1,0,0,1,0,1,0,1
68076,99.473,78.329,16.819,4.325,Eric Adams,82,79,0,1,1,0,0,0,1,0,0,0,1,1,0,0,1,1,1,0,1,0,1
68077,212,161,41,10,Eric Adams,715,674,0,1,0,0,0,0,1,0,1,0,1,1,0,0,1,1,0,0,1,0,1
68079,0,0,0,0,Tie,1,1,0,0,0,0,0,0,0,0,0,0,0,0,0,0,0,0,0,0,0,0,0
68081,0,0,0,0,Tie,0,0,0,0,0,0,0,0,0,0,0,0,0,0,0,0,0,0,0,0,0,0,0
68082,0,0,0,0,Tie,0,0,0,0,0,0,0,0,0,0,0,0,0,0,0,0,0,0,0,0,0,0,0
69001,162,147,13,2,Eric Adams,829,617,0,0,0,0,0,0,0,1,1,0,1,0,0,0,1,1,1,0,1,0,0
69002,306,258,33,15,Eric Adams,1368,1092,0,0,0,0,0,0,0,1,0,0,1,0,0,0,1,1,1,0,1,0,0
69003,349.265,312.063,21.466,15.736,Eric Adams,1020,781,1,0,0,0,0,0,0,1,1,0,0,0,1,0,1,0,0,0,1,0,0
69004,173,155,15,3,Eric Adams,751,552,1,0,0,0,0,0,0,1,1,0,0,0,1,0,1,0,0,0,1,0,0
69005,273,238,21,14,Eric Adams,1003,915,0,0,0,0,0,0,1,0,0,0,1,0,0,0,1,1,1,0,1,0,0
69006,572.734,498.936,47.534,26.264,Eric Adams,1449,1332,0,1,0,0,1,0,1,0,0,0,1,0,0,0,1,1,1,0,1,0,0
69007,350.76,314.269,17.802,18.689,Eric Adams,1272,1088,0,0,0,0,0,0,1,0,0,0,1,1,0,0,1,1,0,0,1,0,0
69008,196.329,169.878,9.24,17.211,Eric Adams,1042,935,0,0,0,0,0,0,1,0,0,0,1,1,0,0,1,1,0,0,1,0,0
69009,337.148,285.644,21.999,29.505,Eric Adams,1048,944,0,0,0,0,0,0,1,0,0,0,1,1,0,0,1,1,0,0,1,0,1
69010,238.036,202.075,9.016,26.945,Eric Adams,623,565,0,0,0,0,0,0,1,0,0,0,1,1,0,0,1,1,0,0,1,0,0
69011,556.054,486.884,26.422,42.749,Eric Adams,1289,1209,0,1,0,0,0,0,1,0,0,0,1,1,0,0,1,1,0,0,1,0,1
69012,625.55,562.156,24.578,38.815,Eric Adams,1620,1433,0,1,0,0,0,0,1,0,0,0,1,0,0,0,1,1,1,0,1,0,1
69013,410,351,36,23,Eric Adams,976,903,0,1,0,0,0,0,1,0,0,0,1,0,0,0,1,1,1,0,1,0,1
69014,265.124,221.094,25.944,18.087,Eric Adams,1446,1298,0,0,0,0,0,0,1,0,0,0,1,0,0,0,1,1,1,0,1,0,0
69015,388,339,37,12,Eric Adams,1580,1324,0,0,0,0,0,0,0,0,0,0,1,0,0,0,1,1,1,0,1,0,1
69016,188,166,15,7,Eric Adams,658,606,0,1,0,0,0,0,1,0,0,0,1,1,0,0,1,0,1,0,1,0,1
69017,234,198,18,18,Eric Adams,815,698,0,0,0,0,0,0,1,0,0,0,1,1,0,0,1,0,1,0,1,0,1
69018,490,420,50,20,Eric Adams,1487,1301,0,0,0,0,0,0,1,0,0,0,1,0,0,0,1,1,1,0,1,0,1
69019,214,182,18,14,Eric Adams,905,783,0,0,0,0,0,0,0,0,1,0,1,0,0,0,1,1,1,0,1,0,1
69020,271.951,221.966,34.483,15.502,Eric Adams,1341,1134,0,0,0,0,0,0,1,0,1,0,1,0,0,0,1,1,1,0,1,0,1
69021,207,178,21,8,Eric Adams,923,788,0,0,0,0,0,0,0,0,1,0,1,0,0,0,1,1,1,0,1,0,1
69022,395.24,331.294,40.583,23.364,Eric Adams,1356,1192,0,0,0,0,0,0,1,0,0,0,0,0,1,0,1,0,1,0,1,0,1
69023,394.991,324.15,36.203,34.638,Eric Adams,1449,1230,0,0,0,0,0,0,1,0,0,0,0,0,1,0,1,0,1,0,1,0,1
69024,293.24,240.444,38.994,13.801,Eric Adams,1497,1038,1,0,0,0,0,0,0,1,1,0,0,0,1,0,1,0,1,0,1,0,1
69025,315,272,29,14,Eric Adams,1527,1127,0,0,0,0,0,0,0,0,1,0,0,0,1,0,1,0,1,0,1,0,1
69026,174,148,23,3,Eric Adams,922,659,1,0,0,0,0,0,0,0,1,0,0,0,1,0,1,0,1,0,1,0,1
69027,378.578,309.146,45.738,23.695,Eric Adams,1307,1076,0,0,0,0,0,0,1,0,1,0,0,0,1,0,1,0,1,0,1,0,1
69028,248.466,229.435,8.24,10.792,Eric Adams,861,805,0,1,0,0,0,0,1,0,0,0,1,1,0,0,1,0,1,0,1,0,1
69029,552,470,43,39,Eric Adams,1605,1389,0,0,0,0,0,0,1,0,0,0,1,1,0,0,1,0,1,0,1,0,1
69030,496,438,38,20,Eric Adams,1499,1360,0,1,0,0,0,0,1,0,0,0,1,1,0,0,1,0,1,0,1,0,1
69031,201,175,17,9,Eric Adams,829,686,0,0,0,0,0,0,1,0,0,0,1,1,0,0,1,0,1,0,1,0,1
69032,133.74,118.554,11.267,3.919,Eric Adams,578,475,0,1,0,0,0,0,1,0,0,0,1,1,0,0,1,1,1,0,1,0,1
69033,488.26,417.446,50.733,20.081,Eric Adams,1464,1295,0,1,0,0,0,0,1,0,0,0,1,1,0,0,1,1,1,0,1,0,1
69034,380.613,341.297,25.321,13.995,Eric Adams,1015,949,0,1,0,0,0,0,1,0,0,0,1,1,0,0,1,1,1,0,1,0,1
69035,395.58,342.244,35.558,17.779,Eric Adams,881,824,0,1,0,0,0,0,1,0,0,0,1,1,0,0,1,1,1,0,1,0,1
69036,488.419,416.756,54.442,17.221,Eric Adams,1261,1115,0,1,0,0,0,0,1,0,0,0,1,0,0,0,1,0,1,0,1,0,1
69037,478,412,39,27,Eric Adams,1163,1066,0,1,0,0,0,0,1,0,0,0,1,0,0,0,1,0,1,0,1,0,1
69038,492.387,431.703,37.679,23.005,Eric Adams,1241,1135,0,1,0,0,0,0,1,0,0,0,1,1,0,0,1,1,1,0,1,0,1
69039,677.395,579.456,55.743,42.197,Eric Adams,1367,1247,0,1,0,0,0,0,1,0,0,0,1,1,0,0,1,0,1,0,1,0,1
69040,301.138,267.11,17.017,17.012,Eric Adams,817,763,0,1,0,0,0,0,1,0,0,0,1,1,0,0,1,0,1,0,1,0,0
69041,649,573,45,31,Eric Adams,1376,1283,0,1,0,0,0,0,1,0,0,0,1,1,0,0,1,0,1,0,1,0,1
69042,647.541,550.577,59.937,37.027,Eric Adams,1541,1413,0,1,0,0,0,0,1,0,0,0,1,1,0,0,1,0,1,0,1,0,0
69043,484.461,427.424,35.063,21.973,Eric Adams,1343,1258,0,1,0,0,0,0,1,0,0,0,1,1,0,0,1,0,1,0,1,0,0
69044,231,202,19,10,Eric Adams,771,694,0,1,0,0,0,0,0,0,1,0,1,1,0,0,1,1,1,0,1,0,0
69045,971.403,856.405,73.446,41.552,Eric Adams,1648,1524,0,1,0,0,0,0,1,0,0,0,1,1,0,0,1,1,1,0,1,0,1
69046,233.597,201.595,18.554,13.448,Eric Adams,1270,1145,0,1,0,0,0,0,1,0,0,0,1,1,0,0,1,1,1,0,1,0,0
69047,439,385,42,12,Eric Adams,1123,1014,0,1,0,0,0,0,1,0,0,0,1,1,0,0,1,1,1,0,1,0,0
69048,251.344,212.64,27.603,11.102,Eric Adams,1283,1186,0,1,0,0,0,0,1,0,0,0,1,1,0,0,1,1,1,0,1,0,0
69049,342.693,293.451,36.665,12.577,Eric Adams,1302,1080,0,0,0,0,0,0,1,0,0,0,1,1,0,0,1,1,1,0,1,0,1
69050,586.282,512.602,45.774,27.906,Eric Adams,1308,1259,0,1,0,0,0,0,1,0,0,0,1,1,0,0,1,1,1,0,1,0,0
69051,523.683,436.308,55.959,31.416,Eric Adams,1149,1062,0,1,0,0,0,0,1,0,0,0,1,1,0,0,1,1,1,0,1,0,1
69052,895.281,770.675,93.193,31.414,Eric Adams,1473,1358,0,1,0,0,0,0,1,0,0,0,1,1,0,0,1,0,0,0,1,0,1
69053,40.719,35.325,3.807,1.586,Eric Adams,936,876,0,1,0,0,0,0,1,0,0,0,1,1,0,0,1,0,0,0,1,0,0
69054,503.629,438.25,46.888,18.491,Eric Adams,1371,1274,0,1,0,0,0,0,1,0,0,0,1,1,0,0,1,0,1,0,1,0,1
69055,207,172,29,6,Eric Adams,741,664,0,1,0,0,0,0,1,0,0,0,1,1,0,0,1,0,1,0,1,0,1
69056,394,332,42,20,Eric Adams,1105,992,0,1,0,0,0,0,1,0,0,0,1,0,0,0,1,0,1,0,1,0,1
69057,315,279,27,9,Eric Adams,838,752,0,1,0,0,0,0,1,0,0,0,1,0,0,0,1,0,1,0,1,0,1
69058,562.285,473.303,63.139,25.843,Eric Adams,1638,1468,0,1,0,0,0,0,1,0,0,0,1,0,0,0,1,0,1,0,1,0,1
69059,588.887,500.947,65.694,22.246,Eric Adams,1342,1166,0,1,0,0,0,0,1,0,0,0,1,0,0,1,0,0,1,0,1,0,1
69060,533.002,450.91,58.429,23.664,Eric Adams,1484,1316,0,1,0,0,0,0,1,0,0,0,1,0,0,1,0,0,1,0,1,0,1
69061,333.379,279.837,35.937,17.604,Eric Adams,949,843,0,1,0,0,0,0,1,0,0,0,1,0,0,1,0,0,1,0,1,0,1
69062,371.998,322.09,38.571,11.336,Eric Adams,1017,854,0,1,0,0,0,0,1,0,0,0,1,0,0,1,0,0,1,0,1,0,1
69063,320.867,271.28,32.947,16.64,Eric Adams,785,725,0,0,0,0,0,0,1,0,0,0,1,0,0,1,0,0,1,0,1,0,1
69064,144.39,125.475,13.647,5.268,Eric Adams,916,736,0,0,0,0,0,0,1,0,0,0,1,0,0,1,0,0,1,0,1,0,1
69065,368,312,47,9,Eric Adams,999,906,0,1,0,0,0,0,1,0,0,0,1,0,0,1,0,0,1,0,1,0,1
69066,512.881,440.655,53.304,18.922,Eric Adams,1457,1338,0,1,0,0,0,0,1,0,0,0,1,1,0,0,1,0,1,0,1,0,1
69067,326,252,57,17,Eric Adams,1173,1047,0,1,0,0,0,0,1,0,0,0,1,1,0,0,1,0,1,0,1,0,1
69068,412,347,48,17,Eric Adams,1319,1184,0,1,0,0,0,0,1,0,0,0,1,1,0,0,1,0,1,0,1,0,1
69069,374,327,37,10,Eric Adams,1042,949,0,1,0,0,0,0,1,0,0,0,1,1,0,0,1,0,1,0,1,0,1
69070,348,295,42,11,Eric Adams,1008,923,0,1,0,0,0,0,1,0,0,0,1,1,0,0,1,0,1,0,1,0,1
69071,538.959,460.966,58.994,18.998,Eric Adams,1306,1226,0,1,0,0,0,0,1,0,0,0,1,1,0,0,1,0,1,0,1,0,1
69072,292,252,31,9,Eric Adams,921,867,0,1,0,0,0,0,1,0,0,0,1,1,0,0,1,0,1,0,1,0,1
69073,421.041,357.034,50.006,14.002,Eric Adams,1519,1425,0,1,0,0,0,0,1,0,0,0,1,1,0,0,1,0,1,0,1,0,1
69074,317,273,36,8,Eric Adams,933,870,0,1,0,0,0,0,1,0,0,0,1,1,0,0,1,0,1,0,1,0,1
69075,379,330,41,8,Eric Adams,1081,968,0,1,0,0,0,0,1,0,0,0,1,1,0,0,1,0,1,0,1,0,1
69076,282,238,30,14,Eric Adams,1124,972,0,0,0,0,0,0,1,0,0,0,1,1,0,0,1,0,1,0,1,0,1
69077,0,0,0,0,Tie,0,0,0,0,0,0,0,0,0,0,0,0,0,0,0,0,0,0,0,0,0,0,0
69079,0,0,0,0,Tie,0,0,0,0,0,0,0,0,0,0,0,0,0,0,0,0,0,0,0,0,0,0,0
69083,0,0,0,0,Tie,0,0,0,0,0,0,0,0,0,0,0,0,0,0,0,0,0,0,0,0,0,0,0
70001,242.797,211.643,17.351,13.803,Eric Adams,1563,1195,1,0,0,0,0,0,0,0,0,0,0,0,0,0,1,0,1,0,1,0,0
70002,314.58,264.44,34.387,15.754,Eric Adams,968,728,1,0,0,0,0,0,0,0,1,0,0,0,0,0,1,0,1,0,1,0,0
70003,336.675,293.998,32.245,10.432,Eric Adams,1011,864,0,0,0,0,0,0,0,0,1,0,0,0,0,0,1,0,1,0,1,0,1
70004,246.223,202.114,21.559,22.55,Eric Adams,1560,1157,1,0,0,0,0,0,0,0,1,0,0,0,0,0,1,0,1,0,1,0,1
70005,129.959,98.29,22.192,9.476,Eric Adams,1221,897,1,0,0,0,0,0,0,0,1,0,0,0,0,0,1,1,0,0,1,0,0
70006,148.84,128.644,15.905,4.291,Eric Adams,1273,921,1,0,0,0,0,0,0,0,1,0,0,0,0,0,1,1,0,0,1,0,1
70007,138.51,121.963,11.003,5.545,Eric Adams,964,747,1,0,0,0,0,0,0,0,1,0,0,0,1,0,1,1,1,0,1,0,1
70008,13.34,11.557,1.123,0.66,Eric Adams,776,642,1,0,0,0,0,0,0,0,1,0,0,0,1,0,1,1,1,0,1,0,0
70009,51.878,39.932,7.509,4.437,Eric Adams,1193,864,1,0,0,0,0,0,0,0,1,0,0,0,0,0,1,1,0,0,1,0,0
70010,159.805,128.869,20.728,10.208,Eric Adams,1337,953,1,0,0,0,0,0,0,0,1,0,0,0,0,0,1,1,0,0,1,0,0
70011,246.271,203.173,32.16,10.938,Eric Adams,1373,1013,1,0,0,0,0,0,0,0,1,0,0,0,1,0,1,1,0,0,1,0,0
70012,154.488,133.014,14.713,6.76,Eric Adams,1170,810,0,0,0,0,0,0,0,0,1,0,0,0,1,0,1,1,0,0,1,0,0
70013,521.295,439.639,43.415,38.241,Eric Adams,1519,1279,0,0,0,0,0,0,1,0,0,0,1,0,0,0,1,1,1,0,1,0,1
70014,285,257,14,14,Eric Adams,1016,829,0,0,0,0,0,0,0,1,0,0,1,0,0,0,1,1,0,0,1,0,0
70015,115.077,95.842,13.976,5.259,Eric Adams,1149,846,0,0,0,0,0,0,0,0,1,0,0,0,0,0,1,1,0,0,1,0,0
70016,466.56,402.21,27.473,36.877,Eric Adams,1859,1526,0,0,0,0,0,0,0,1,0,0,0,0,0,0,1,1,0,0,1,0,0
70017,174.365,153.664,12.739,7.962,Eric Adams,710,541,0,0,0,0,0,0,0,1,0,0,0,0,1,0,1,0,0,0,1,0,0
70018,327.149,288.896,15.752,22.501,Eric Adams,1131,987,0,0,0,0,0,0,0,1,0,0,1,0,0,0,1,0,0,0,1,0,0
70019,228.378,197.502,16.947,13.929,Eric Adams,1196,977,0,0,0,0,0,0,0,1,0,0,1,0,0,0,1,1,0,0,1,0,0
70020,438.339,399.449,15.63,23.26,Eric Adams,1522,1305,0,0,0,0,0,0,0,1,0,0,1,0,0,0,1,1,0,0,1,0,0
70021,299.712,260.64,13.536,25.536,Eric Adams,1439,1180,0,0,0,0,0,0,0,1,0,0,1,0,0,0,1,0,0,0,1,0,0
70022,405.278,356.392,21.134,27.752,Eric Adams,1455,1219,0,0,0,0,0,0,0,1,0,0,1,0,0,0,1,0,0,0,1,0,0
70023,338.276,303.921,25.127,9.228,Eric Adams,1442,1058,0,0,0,0,0,0,0,1,0,0,0,0,1,0,1,1,0,0,1,0,0
70024,253.662,227.814,19.666,6.182,Eric Adams,1423,1032,0,0,0,0,0,0,0,1,0,0,0,0,1,0,1,1,1,0,1,0,0
70025,227.182,210.327,9.273,7.582,Eric Adams,1061,800,0,0,0,0,0,0,0,1,0,0,0,0,1,0,1,1,1,0,1,0,0
70026,366.018,328.34,12.783,24.895,Eric Adams,1384,1136,0,0,0,0,0,0,0,1,0,0,0,0,1,0,1,1,1,0,1,0,0
70027,454.421,406.819,21.82,25.781,Eric Adams,1334,1126,0,0,0,0,0,0,0,1,0,0,0,0,0,0,1,1,0,0,1,0,0
70028,336.923,309.065,10.831,17.028,Eric Adams,1244,1064,0,0,0,0,0,0,0,1,0,0,0,0,1,0,1,1,0,0,1,0,0
70029,398.666,364.103,18.359,16.204,Eric Adams,1703,1475,0,0,0,0,0,0,0,1,0,0,1,0,0,0,1,0,0,0,1,0,0
70030,495.829,451.269,25.759,18.8,Eric Adams,1559,1360,0,0,0,0,0,0,1,0,0,0,1,0,0,0,1,0,0,0,1,0,0
70031,368.762,333.63,22.088,13.044,Eric Adams,1387,1174,0,0,0,0,0,0,0,1,0,0,1,0,0,0,1,1,0,0,1,0,0
70032,286.016,252.777,12.619,20.619,Eric Adams,945,822,0,0,0,0,0,0,1,0,0,0,1,0,0,0,1,1,0,0,1,0,0
70033,288.984,253.223,22.381,13.381,Eric Adams,1118,948,0,0,0,0,0,0,0,0,0,0,1,0,0,0,1,1,0,0,1,0,0
70034,346,308,19,19,Eric Adams,1201,1062,0,0,0,0,0,0,0,1,0,0,1,0,0,0,1,0,0,0,1,0,0
70035,427,372,30,25,Eric Adams,1220,1088,0,0,0,0,0,0,0,1,0,0,1,0,0,0,1,0,0,0,1,0,1
70036,427.971,394.973,16.999,15.999,Eric Adams,1176,983,0,0,0,0,0,0,0,1,0,0,0,0,0,0,0,0,1,0,1,0,1
70037,166,152,7,7,Eric Adams,848,630,0,0,0,0,0,0,0,1,0,0,0,0,1,0,1,1,1,0,1,0,0
70038,286.462,264.014,11.492,10.957,Eric Adams,1135,936,0,0,0,0,0,0,0,1,0,0,0,0,1,0,1,1,1,0,1,0,0
70039,235.568,216.014,5.51,14.045,Eric Adams,1247,1008,0,0,0,0,0,0,0,1,0,0,0,0,0,0,1,1,0,0,1,0,0
70040,110.995,99.755,7.025,4.215,Eric Adams,1070,826,0,0,0,0,0,0,0,1,0,0,0,0,0,0,1,1,0,0,1,0,0
70041,459.533,406.581,30.967,21.985,Eric Adams,1469,1255,0,0,0,0,0,0,0,1,0,0,0,0,0,0,0,0,1,0,1,0,1
70042,289.461,250.655,21.007,17.799,Eric Adams,609,509,0,0,0,0,0,0,0,1,0,0,0,0,0,0,1,0,1,0,1,0,0
70043,388.909,366.254,14.159,8.496,Eric Adams,833,729,0,0,0,0,0,0,0,1,0,0,0,0,0,0,1,0,1,0,1,0,1
70044,625.103,577.756,24.842,22.505,Eric Adams,1462,1299,0,0,0,0,0,0,0,1,0,0,0,0,0,0,1,0,1,0,1,0,1
70045,188.931,167.488,15.927,5.516,Eric Adams,908,664,0,0,0,0,0,0,0,1,0,0,0,0,0,0,1,0,1,0,1,0,0
70046,194.838,169.956,20.398,4.484,Eric Adams,1130,798,0,0,0,0,0,0,0,1,1,0,0,0,0,0,1,0,1,0,1,0,1
70047,308,264,22,22,Eric Adams,1051,904,0,0,0,0,0,0,0,1,0,0,0,0,0,0,1,0,0,0,1,0,0
70048,226,206,10,10,Eric Adams,942,786,0,0,0,0,0,0,0,1,0,0,0,0,0,0,1,1,0,0,1,0,0
70049,223.513,198.123,12.594,12.796,Eric Adams,1074,882,0,0,0,0,0,0,0,1,0,0,0,0,0,0,1,1,0,0,1,0,0
70050,246,229,9,8,Eric Adams,958,787,0,0,0,0,0,0,0,1,0,0,0,0,0,0,1,1,0,0,1,0,0
70051,209.855,188.623,14.533,6.7,Eric Adams,1148,791,0,0,0,0,0,0,0,1,0,0,0,0,1,0,1,1,0,0,1,0,0
70052,163.903,146.271,12.579,5.053,Eric Adams,954,669,0,0,0,0,0,0,0,1,0,0,0,0,1,0,1,1,0,0,1,0,0
70053,344.665,316.259,20.978,7.428,Eric Adams,1414,1122,0,0,0,0,0,0,0,1,0,0,0,0,1,0,1,1,0,0,1,0,0
70054,361.492,338.493,11.5,11.5,Eric Adams,1684,1363,0,0,0,0,0,0,1,0,0,0,1,0,0,0,1,1,0,0,1,0,0
70055,369,322,21,26,Eric Adams,1340,1129,0,0,0,0,0,0,0,0,0,0,1,0,0,0,1,1,0,0,1,0,0
70056,365.76,324.767,23.785,17.208,Eric Adams,1245,1020,0,0,0,0,0,0,0,0,0,0,1,0,1,0,1,0,0,0,1,0,0
70057,257.317,230.185,4.376,22.756,Eric Adams,922,782,0,0,0,0,0,0,1,0,0,0,1,0,1,0,1,0,0,0,1,0,0
70058,392.706,353.603,15.552,23.552,Eric Adams,1509,1288,0,0,0,0,0,0,0,1,0,0,0,0,0,0,1,1,0,0,1,0,0
70059,365.621,321.497,22.053,22.071,Eric Adams,1335,1085,0,0,0,0,0,0,0,1,0,0,0,0,1,0,1,1,0,0,1,0,0
70060,312.204,278.992,14.406,18.806,Eric Adams,1688,1406,0,0,0,0,0,0,0,1,0,0,1,0,0,0,1,0,0,0,1,0,0
70061,374.975,340.018,12.978,21.978,Eric Adams,1223,1040,0,0,0,0,0,0,0,1,0,0,1,0,0,0,1,1,0,0,1,0,0
70062,444.971,405.85,20.72,18.401,Eric Adams,1583,1312,0,0,0,0,0,0,0,1,0,0,1,0,1,0,1,0,0,0,1,0,0
70063,335.977,302.18,15.141,18.657,Eric Adams,1309,1080,0,0,0,0,0,0,0,1,0,0,1,0,0,0,1,0,0,0,1,0,0
70064,399,341,18,40,Eric Adams,1543,1307,0,0,0,0,0,0,0,1,0,0,1,0,0,0,1,0,0,0,1,0,1
70065,339.997,300.997,22,17,Eric Adams,1541,1235,0,0,0,0,0,0,0,1,0,0,1,0,0,0,1,0,1,0,1,0,1
70066,549,489,38,22,Eric Adams,1579,1378,0,0,0,0,0,0,0,1,0,0,1,0,0,0,1,0,1,0,1,0,1
70067,261.263,226.172,27.111,7.98,Eric Adams,1487,1062,0,0,0,0,0,0,0,1,0,0,0,0,0,0,1,1,0,0,1,0,1
70068,230.691,210.475,14.035,6.182,Eric Adams,1208,876,0,0,0,0,0,0,0,1,0,0,0,0,0,0,1,1,0,0,1,0,1
70069,483.685,451.316,12.836,19.534,Eric Adams,1260,1073,0,0,0,0,0,0,0,1,0,0,0,0,0,0,1,0,1,0,1,0,0
70070,189,169,14,6,Eric Adams,755,585,0,0,0,0,0,0,0,1,0,0,1,0,0,0,1,0,0,0,1,0,1
70071,373.999,342.565,16.066,15.368,Eric Adams,1045,837,0,0,0,0,0,0,0,1,0,0,0,0,0,0,1,0,1,0,1,0,0
70074,0,0,0,0,Tie,0,0,0,0,0,0,0,0,0,0,0,0,0,0,0,0,0,0,0,0,0,0,0
71001,516.013,389.962,73.423,52.628,Eric Adams,1553,1302,0,0,0,0,0,0,1,0,1,0,0,0,0,0,1,0,0,0,1,0,1
71002,385.359,303.412,52.052,29.895,Eric Adams,1323,1176,0,0,0,0,0,0,1,0,1,0,0,0,0,0,1,0,0,0,1,0,1
71003,1013.976,837.366,118.847,57.763,Eric Adams,1623,1517,0,1,0,0,0,0,1,0,0,0,1,0,0,0,1,0,1,0,1,0,1
71004,561.546,472.911,54.979,33.657,Eric Adams,1622,1545,0,1,1,0,0,0,1,0,0,0,1,0,0,0,1,0,1,0,1,0,1
71005,632.429,550.192,53.103,29.134,Eric Adams,1471,1371,0,1,1,0,0,0,1,0,0,0,1,0,0,0,1,0,0,0,1,0,1
71006,285.708,245.72,25.404,14.583,Eric Adams,1428,1306,0,1,1,0,0,0,1,0,0,0,1,1,0,1,0,0,1,0,1,0,1
71007,481.003,376.743,68.154,36.106,Eric Adams,1376,1256,0,0,0,0,0,0,1,0,0,0,1,0,0,0,1,0,0,0,1,0,0
71008,324.605,247.474,57.637,19.495,Eric Adams,1131,1031,0,1,0,0,0,0,1,0,0,0,0,0,0,0,1,1,0,0,1,0,0
71009,383.525,298.973,64.487,20.066,Eric Adams,1413,1244,0,1,0,0,0,0,1,0,0,0,1,0,0,0,1,0,0,0,1,0,0
71010,372.937,311.367,39.018,22.553,Eric Adams,1134,992,0,0,0,0,0,0,1,0,0,0,0,0,0,0,1,0,0,0,1,0,1
71011,231.447,193.84,23.169,14.437,Eric Adams,918,797,0,0,1,0,0,0,1,0,1,0,0,0,0,0,1,0,0,0,1,0,1
71012,302.41,233.226,45.938,23.246,Eric Adams,1335,1047,1,0,0,0,0,0,0,0,1,0,0,0,0,0,1,0,0,0,1,0,0
71013,191.739,144.866,33.993,12.88,Eric Adams,1207,972,1,0,0,0,0,0,0,0,1,0,1,0,0,0,1,1,0,0,1,0,1
71014,216.546,166.963,31.848,17.735,Eric Adams,1363,1046,1,0,0,0,0,0,0,0,1,0,0,0,0,0,1,1,1,0,1,0,0
71015,402.438,311.768,59.469,31.201,Eric Adams,1113,892,1,0,0,0,0,0,0,0,1,0,1,0,0,0,1,1,0,0,1,0,0
71016,237.679,189.667,34.869,13.143,Eric Adams,1341,1017,1,0,0,0,0,0,0,0,1,0,0,0,0,0,1,1,1,0,1,0,0
71017,241.084,182.945,40.421,17.718,Eric Adams,1407,1103,1,0,0,0,0,0,0,0,1,0,1,0,0,0,1,1,0,0,1,0,1
71018,183.015,146.182,26.253,10.58,Eric Adams,1164,942,1,0,0,0,0,0,0,0,1,0,0,0,0,0,1,1,1,0,1,0,1
71019,210.085,169.086,33.305,7.693,Eric Adams,976,729,0,0,0,0,0,0,1,0,0,0,1,0,0,0,1,1,0,0,1,0,1
71020,355.29,297.693,34.134,23.464,Eric Adams,1266,934,1,0,0,0,0,0,0,0,1,0,0,0,0,0,1,1,0,0,1,0,1
71021,159.884,133.936,20.543,5.406,Eric Adams,1250,973,1,0,0,0,0,0,0,0,0,0,0,0,0,0,1,1,0,0,1,0,0
71022,221.774,168.746,39.661,13.367,Eric Adams,1322,1012,1,0,0,0,0,0,0,0,1,0,0,0,0,0,1,0,1,0,1,0,0
71023,262.48,210.283,33.919,18.279,Eric Adams,1512,1120,1,0,0,0,0,0,0,0,1,0,0,0,0,0,1,0,1,0,1,0,0
71024,859.649,731.174,77.261,51.213,Eric Adams,1557,1352,0,0,0,0,0,0,0,0,0,0,0,0,0,0,1,0,1,0,1,0,1
71025,188.582,148.671,26.94,12.971,Eric Adams,1005,759,1,0,0,0,0,0,0,0,1,0,0,0,0,0,1,0,1,0,1,0,1
71026,63.554,54.38,4.385,4.79,Eric Adams,866,762,0,0,0,0,0,0,0,1,0,0,0,0,0,0,1,1,1,0,1,0,1
71027,327,287,24,16,Eric Adams,1039,880,0,0,0,0,0,0,0,0,1,0,0,0,0,0,1,1,1,0,1,0,1
71028,265,210,39,16,Eric Adams,1479,1121,1,0,0,0,0,0,0,0,1,0,0,0,0,0,1,1,0,0,1,0,1
71029,240.998,215.171,12.937,12.89,Eric Adams,1239,958,1,0,0,0,0,0,0,0,1,0,0,0,0,0,1,1,1,0,1,0,1
71030,258.002,230.829,19.063,8.11,Eric Adams,1224,989,0,0,0,0,0,0,0,0,1,0,0,0,0,0,1,1,1,0,1,0,0
71031,177.168,165.195,10.207,1.765,Eric Adams,838,625,0,0,0,0,0,0,0,1,0,0,0,0,1,0,1,1,0,0,1,0,1
71032,284.905,263.867,15.799,5.239,Eric Adams,1667,1185,0,0,0,0,0,0,0,1,1,0,0,0,1,0,1,1,0,0,1,0,1
71033,75.961,66.901,6.969,2.091,Eric Adams,386,278,0,0,0,0,0,0,0,1,1,0,0,0,1,0,1,1,0,0,1,0,1
71034,225.244,198.277,18.047,8.921,Eric Adams,1332,899,0,0,0,0,0,0,0,1,0,0,0,0,1,0,1,1,0,0,1,0,1
71035,363.154,311.42,25.576,26.157,Eric Adams,1231,1004,0,0,0,0,0,0,0,0,1,0,0,0,0,0,1,1,0,0,1,0,1
71036,294,252,22,20,Eric Adams,1437,1138,0,0,0,0,0,0,0,0,1,0,0,0,0,0,1,1,0,0,1,0,0
71037,571.401,478.592,61.948,30.861,Eric Adams,1627,1210,1,0,0,0,0,0,0,0,1,0,0,0,0,0,1,1,0,0,1,0,1
71038,269,221,18,30,Eric Adams,1299,1056,0,0,0,0,0,0,0,0,0,0,0,0,0,0,1,1,0,0,1,0,0
71039,328,277,22,29,Eric Adams,1170,980,0,0,0,0,0,0,1,0,0,0,1,0,0,0,1,1,0,0,1,0,0
71040,284.993,244.707,15.435,24.851,Eric Adams,1322,1037,0,0,0,0,0,0,0,1,0,0,0,0,0,0,1,0,0,0,1,0,0
71041,293.435,262.852,13.638,16.945,Eric Adams,1461,1158,0,0,0,0,0,0,0,0,0,0,0,0,0,0,1,1,0,0,1,0,0
71042,326.566,277.149,22.362,27.055,Eric Adams,1584,1228,0,0,0,0,0,0,0,0,0,0,1,0,0,0,1,1,0,0,1,0,0
71043,175,155,7,13,Eric Adams,986,766,1,0,0,0,0,0,0,0,1,0,0,0,0,0,1,1,0,0,1,0,0
71044,250,222,21,7,Eric Adams,1393,1049,1,0,0,0,0,0,0,0,0,0,0,0,0,0,1,1,0,0,1,0,0
71045,16.292,13.528,1.891,0.873,Eric Adams,1094,814,1,0,0,0,0,0,0,0,1,0,0,0,0,0,1,1,0,0,1,0,0
71046,220.14,184.188,21.476,14.476,Eric Adams,1311,997,1,0,0,0,0,0,0,0,1,0,0,0,0,0,1,0,1,0,1,0,1
71047,189,150,26,13,Eric Adams,892,712,1,0,0,0,0,0,0,1,0,0,0,0,0,0,1,0,1,0,1,0,1
71048,279.895,244.499,21.851,13.545,Eric Adams,1495,1143,0,0,0,0,0,0,0,0,1,0,0,0,0,0,1,1,0,0,1,0,0
71049,343.792,296.49,27.633,19.669,Eric Adams,1638,1280,0,0,0,0,0,0,0,0,0,0,0,0,0,0,1,0,0,0,1,0,0
71050,280.057,238.995,25.27,15.792,Eric Adams,987,787,0,0,0,0,0,0,0,1,0,0,1,0,0,0,1,0,0,0,1,0,0
71051,378,327,21,30,Eric Adams,1474,1235,0,0,0,0,0,0,0,0,1,0,0,0,0,0,1,0,0,0,1,0,0
71052,483.582,424.305,27.158,32.119,Eric Adams,1837,1537,0,0,0,0,0,0,0,1,0,0,0,0,0,0,1,0,0,0,1,0,1
71053,193.387,172.667,11.84,8.88,Eric Adams,897,704,0,0,0,0,0,0,0,1,0,0,0,0,0,0,1,1,0,0,1,0,1
71054,335.226,292.652,26.249,16.325,Eric Adams,1385,1045,0,0,0,0,0,0,0,1,0,0,0,0,1,0,1,1,1,0,1,0,0
71055,536.881,471.253,31.99,33.639,Eric Adams,1457,1245,0,0,0,0,0,0,0,1,0,0,0,0,0,0,1,0,0,0,1,0,0
71056,254.32,216.795,16.265,21.26,Eric Adams,1187,988,0,0,0,0,0,0,0,1,0,0,0,0,0,0,1,1,0,0,1,0,0
71057,256.771,229.938,14.068,12.765,Eric Adams,1293,1039,0,0,0,0,0,0,0,1,0,0,0,0,0,0,1,0,0,0,1,0,0
71058,341.683,304.616,16.418,20.65,Eric Adams,1331,1071,0,0,0,0,0,0,0,1,0,0,0,0,0,0,1,0,0,0,1,0,0
71059,256.18,229.012,15.217,11.952,Eric Adams,1587,1293,0,0,0,0,0,0,0,1,0,0,0,0,0,0,1,1,0,0,1,0,0
71060,323,298,10,15,Eric Adams,1475,1130,0,0,0,0,0,0,0,1,0,0,0,0,1,0,1,1,0,0,1,0,0
71061,599.069,566.643,16.543,15.883,Eric Adams,1481,1288,0,0,0,0,0,0,0,1,0,0,0,0,1,0,1,1,1,0,1,0,0
71062,519.918,491.442,19.18,9.296,Eric Adams,1010,844,0,0,0,0,0,0,0,1,0,0,0,0,1,0,1,1,1,0,1,0,1
71063,268.013,241.915,10.277,15.821,Eric Adams,1146,924,0,0,0,0,0,0,0,1,0,0,0,0,1,0,1,0,0,0,1,0,1
71064,308,278,23,7,Eric Adams,1486,1138,0,0,0,0,0,0,0,1,1,0,0,0,1,0,1,1,0,0,1,0,0
71065,39.052,33.571,4.339,1.142,Eric Adams,212,192,1,0,0,0,0,0,0,0,1,0,0,0,0,0,1,0,1,0,1,0,0
71067,0,0,0,0,Tie,0,0,0,0,0,0,0,0,0,0,0,0,0,0,0,0,0,0,0,0,0,0,0
71071,0,0,0,0,Tie,0,0,0,0,0,0,0,0,0,0,0,0,0,0,0,0,0,0,0,0,0,0,0
72001,292.112,247.852,37.55,6.71,Eric Adams,1369,1022,1,0,0,0,0,0,0,0,1,0,0,0,0,0,1,1,0,0,1,0,0
72002,240.347,194.074,36.018,10.255,Eric Adams,1221,973,1,0,0,0,0,0,0,0,1,0,0,0,0,0,1,1,0,0,1,0,0
72003,256.541,204.074,42.431,10.035,Eric Adams,1513,1163,1,0,0,0,0,0,0,0,1,0,0,0,0,0,1,1,0,0,1,0,0
72004,711.758,577.948,79.298,54.511,Eric Adams,1445,1306,0,0,0,0,0,0,1,0,0,0,1,0,0,0,1,0,0,0,1,0,0
72005,559.096,439.678,64.157,55.26,Eric Adams,1404,1279,0,0,1,0,0,0,1,0,0,0,1,0,0,0,1,0,0,0,1,0,0
72006,315.659,241.316,45.529,28.814,Eric Adams,1370,1137,0,0,1,0,0,0,0,0,1,0,1,0,0,0,1,0,1,0,1,0,0
72007,234.487,180.145,40.732,13.61,Eric Adams,1409,1067,1,0,0,0,0,0,0,0,1,0,0,0,0,0,1,1,0,0,1,0,0
72008,236.5,185.638,32.32,18.542,Eric Adams,1216,1006,1,0,0,0,0,0,1,0,1,0,1,0,0,0,1,0,1,0,1,0,0
72009,433.562,331.792,62.047,39.723,Eric Adams,1517,1304,0,0,1,0,0,0,0,0,1,0,0,0,0,0,1,0,0,0,1,0,0
72010,341,281,47,13,Eric Adams,1548,1268,1,0,0,0,0,0,0,0,1,0,0,0,0,0,1,1,0,0,1,0,0
72011,238.217,191.746,37.174,9.298,Eric Adams,1492,1094,1,0,0,0,0,0,0,0,1,0,0,0,0,0,1,1,0,0,1,0,0
72012,242.171,186.358,52.35,3.464,Eric Adams,1330,1030,1,0,0,0,0,0,0,0,1,0,0,0,0,0,1,1,0,0,1,0,0
72013,343.325,273.733,58.917,10.675,Eric Adams,1378,1013,1,0,0,0,0,0,0,0,1,0,0,0,1,0,1,0,1,0,1,0,1
72014,239.829,189.642,43.65,6.536,Eric Adams,1424,1105,1,0,0,0,0,0,0,0,1,0,0,0,0,0,1,1,0,0,1,0,1
72015,241.31,197.061,37.323,6.926,Eric Adams,1373,1106,1,0,0,0,0,0,0,0,1,0,0,0,0,0,1,1,0,0,1,0,0
72016,150,133,12,5,Eric Adams,1066,769,1,0,0,0,0,0,0,0,1,0,0,0,0,0,1,1,0,0,1,0,1
72017,170.401,136.088,29.365,4.949,Eric Adams,1308,953,1,0,0,0,0,0,0,0,1,0,0,0,0,0,1,1,0,0,1,0,1
72018,219,159,37,23,Eric Adams,941,806,1,0,1,0,0,0,0,0,1,0,0,0,0,0,1,0,0,0,1,0,1
72019,220,185,19,16,Eric Adams,1039,865,0,0,0,0,0,0,1,0,1,0,0,0,0,0,1,0,0,0,1,0,0
72020,223.842,167.152,38.93,17.759,Eric Adams,1071,840,1,0,0,0,0,0,0,0,1,0,0,0,0,0,0,1,1,0,1,0,1
72021,166.349,138.146,23.362,4.842,Eric Adams,1039,745,1,0,0,0,0,0,0,0,1,0,0,0,1,0,1,0,1,0,1,0,1
72022,247.172,184.726,55.229,7.217,Eric Adams,991,739,1,0,0,0,0,0,0,0,1,0,0,0,0,0,0,1,1,0,1,0,1
72023,213.016,152.268,48.416,12.332,Eric Adams,1309,985,1,0,0,0,0,0,0,0,1,0,0,0,0,0,0,1,1,0,1,0,1
72024,198,165,21,12,Eric Adams,1025,797,1,0,0,0,0,0,0,0,1,0,0,0,0,0,0,1,1,0,1,0,0
72025,300.667,211.631,80.141,8.895,Eric Adams,1213,1007,1,0,0,0,0,0,0,0,1,0,0,0,0,0,1,0,1,0,1,0,1
72026,433.674,337.831,67.807,28.036,Eric Adams,1491,1319,0,0,0,0,0,0,1,0,1,0,0,0,0,0,1,0,1,0,1,0,0
72027,261.143,199.58,48.654,12.908,Eric Adams,1029,845,1,0,0,0,0,0,0,0,1,0,0,0,0,0,1,0,1,0,1,0,1
72028,139.29,105.692,28.698,4.9,Eric Adams,638,503,1,0,0,0,0,0,0,0,1,0,0,0,0,0,0,1,1,0,1,0,0
72029,229.615,183.606,31.367,14.642,Eric Adams,1272,1048,1,0,0,0,0,0,0,0,1,0,0,0,0,0,1,0,1,0,1,0,1
72030,220.043,166.435,41.126,12.483,Eric Adams,948,828,0,0,0,0,0,0,1,0,0,0,0,0,0,0,1,1,0,0,1,0,0
72031,158.653,130.534,21.115,7.005,Eric Adams,1337,936,1,0,0,0,0,0,0,0,1,0,0,0,0,0,1,1,0,0,1,0,1
72032,253.637,204.655,40.849,8.134,Eric Adams,1246,1016,1,0,0,0,0,0,0,0,1,0,0,0,0,0,1,1,0,0,1,0,0
72033,419.118,315.853,78.921,24.344,Eric Adams,972,809,1,0,0,0,0,0,1,0,0,0,0,0,0,0,1,1,0,0,1,0,0
72034,118.51,96.944,17.566,4,Eric Adams,1008,734,1,0,0,0,0,0,0,0,1,0,0,0,0,0,0,1,1,0,1,0,0
72035,205.857,168.439,26.564,10.855,Eric Adams,1192,910,1,0,0,0,0,0,0,0,1,0,0,0,0,0,1,1,0,0,1,0,0
72036,70.34,52.914,12.98,4.445,Eric Adams,1052,762,1,0,0,0,0,0,0,0,1,0,0,0,0,0,0,1,1,0,1,0,0
72037,242.449,189.504,44.583,8.362,Eric Adams,1354,1030,1,0,0,0,0,0,0,0,1,0,0,0,0,0,0,1,1,0,1,0,1
72038,265.907,212.059,42.77,11.078,Eric Adams,1358,1009,1,0,0,0,0,0,0,0,1,0,0,0,0,0,1,0,0,0,1,0,1
72039,178.031,144.925,27.621,5.485,Eric Adams,1381,1049,1,0,0,0,0,0,0,0,1,0,0,0,0,0,1,0,0,0,1,0,0
72040,168.177,124.11,35.444,8.623,Eric Adams,1322,975,1,0,0,0,0,0,0,0,1,0,0,0,0,0,1,1,0,0,1,0,0
72041,326.324,240.549,69.782,15.993,Eric Adams,1515,1153,1,0,0,0,0,0,0,0,1,0,0,0,0,0,1,1,0,0,1,0,0
72042,149.833,113.226,26.773,9.834,Eric Adams,1280,933,1,0,0,0,0,0,0,0,1,0,0,0,0,0,1,0,0,0,1,0,0
72043,160.945,120.973,31.138,8.833,Eric Adams,1259,963,1,0,0,0,0,0,0,0,1,0,0,0,0,0,1,1,1,0,1,0,0
72044,214.602,174.042,32.347,8.213,Eric Adams,1292,1025,1,0,0,0,0,0,0,0,1,0,0,0,0,0,1,1,1,0,1,0,0
72045,204.471,163.396,34.793,6.282,Eric Adams,958,702,1,0,0,0,0,0,0,0,1,0,0,0,1,0,1,1,0,0,1,0,1
72046,251.758,200.176,40.414,11.168,Eric Adams,1032,812,1,0,0,0,0,0,0,0,1,0,0,0,0,0,1,0,0,0,1,0,1
72047,306.146,230.884,57.383,17.879,Eric Adams,1034,774,1,0,0,0,0,0,0,0,1,0,0,0,1,0,1,1,0,0,1,0,1
72048,127.306,101.11,17.494,8.702,Eric Adams,1403,974,1,0,0,0,0,0,0,0,1,0,0,0,0,0,1,1,1,0,1,0,0
72049,194.831,153.799,33.388,7.643,Eric Adams,1136,794,1,0,0,0,0,0,0,0,1,0,0,0,0,0,1,1,1,0,1,0,0
72050,147.469,113.471,27.398,6.6,Eric Adams,1197,840,1,0,0,0,0,0,0,0,1,0,0,0,1,0,1,1,0,0,1,0,0
72051,22.703,17.105,4.354,1.244,Eric Adams,1065,764,1,0,0,0,0,0,0,0,1,0,0,0,1,0,1,1,0,0,1,0,0
72052,250.614,200.014,40.929,9.672,Eric Adams,1504,1088,1,0,0,0,0,0,0,0,1,0,0,0,1,0,1,1,0,0,1,0,0
72053,305.527,234.844,57.263,13.42,Eric Adams,1441,1004,1,0,0,0,0,0,0,0,1,0,0,0,0,0,1,1,1,0,1,0,1
72054,154.393,124.314,22.651,7.427,Eric Adams,1024,785,1,0,0,0,0,0,0,0,1,0,0,0,0,0,1,1,1,0,1,0,0
72055,193.222,150.869,30.277,12.076,Eric Adams,1210,883,1,0,0,0,0,0,0,0,1,0,0,0,0,0,1,1,1,0,1,0,1
72056,179.354,131.331,36.717,11.306,Eric Adams,1032,784,1,0,0,0,0,0,0,0,1,0,0,0,0,0,1,1,1,0,1,0,1
72057,181.154,142.088,27.528,11.539,Eric Adams,1241,909,1,0,0,0,0,0,0,0,1,0,0,0,1,0,1,1,1,0,1,0,1
72058,428.198,365.985,34.874,27.339,Eric Adams,1506,1219,0,0,0,0,0,0,0,0,0,0,0,0,0,0,1,1,0,0,1,0,1
72059,173.245,133.366,30.495,9.384,Eric Adams,1210,924,1,0,0,0,0,0,0,0,1,0,0,0,0,0,1,1,0,0,1,0,0
72060,202.15,158.626,35.164,8.359,Eric Adams,1141,853,1,0,0,0,0,0,0,0,1,0,0,0,0,0,1,1,0,0,1,0,1
72061,188.918,151.934,30.984,5.999,Eric Adams,1022,788,1,0,0,0,0,0,0,0,1,0,0,0,0,0,1,1,0,0,1,0,1
72062,138.851,109.374,21.836,7.641,Eric Adams,1404,980,1,0,0,0,0,0,0,0,1,0,0,0,0,0,1,1,0,0,1,0,1
72063,64.409,55.675,5.094,3.639,Eric Adams,984,748,1,0,0,0,0,0,0,0,1,0,0,0,0,0,1,1,0,0,1,0,1
73001,400.594,294.196,92.799,13.6,Eric Adams,1431,1337,0,1,0,0,0,0,1,0,0,0,1,1,0,0,1,1,0,0,1,0,0
73002,53.784,42.126,9.008,2.649,Eric Adams,355,324,0,1,0,0,1,0,1,0,0,0,1,1,0,0,1,1,0,0,1,0,0
73003,301.789,241.519,44.28,15.991,Eric Adams,1170,1099,0,1,0,0,0,0,1,0,0,0,1,1,0,0,1,1,0,0,1,0,0
73004,369.211,294.482,64.72,10.009,Eric Adams,1666,1498,0,1,0,0,0,0,1,0,0,0,1,1,0,0,1,1,0,0,1,0,1
73005,123.803,100.068,20.171,3.564,Eric Adams,981,880,0,0,0,0,1,0,1,0,0,0,1,1,0,0,1,1,0,0,1,0,0
73006,376.544,284.956,80.69,10.898,Eric Adams,1369,1263,0,1,1,0,0,0,1,0,0,0,1,1,0,0,1,1,1,0,1,0,0
73007,351.051,274.659,68.753,7.639,Eric Adams,1211,1087,0,0,1,0,0,1,1,0,0,0,1,1,0,0,1,1,1,0,1,0,1
73008,168.985,136.145,27.924,4.916,Eric Adams,842,600,0,0,0,0,1,1,1,0,0,0,1,1,0,0,1,1,0,0,1,0,1
73009,156.145,102.113,49.573,4.46,Eric Adams,1001,818,0,1,0,0,0,1,1,0,0,0,1,1,0,1,0,1,1,0,1,0,1
73010,240.862,159.432,71.239,10.191,Eric Adams,990,794,0,1,0,0,0,1,1,0,0,0,1,1,0,0,1,0,1,0,1,0,1
73011,298.794,211.511,73.564,13.719,Eric Adams,1652,1381,0,1,0,0,0,1,1,0,0,0,1,1,0,1,0,0,1,0,1,0,1
73012,605.27,461.35,116.03,27.89,Eric Adams,1504,1394,0,1,0,0,0,0,1,0,0,0,1,1,0,0,1,1,0,0,1,0,1
73013,264.75,200.778,50.484,13.488,Eric Adams,1244,1137,0,1,0,0,0,0,1,0,0,0,1,1,0,0,1,1,1,0,1,0,1
73014,282.111,197.242,70.74,14.129,Eric Adams,1076,952,0,0,0,0,0,0,1,0,0,0,1,1,0,0,1,1,1,0,1,0,1
73015,260.005,181.708,67.838,10.458,Eric Adams,1826,1630,0,0,0,0,0,0,1,0,0,0,1,0,0,0,1,0,1,0,1,0,1
73016,185.941,129.571,47.672,8.698,Eric Adams,1350,1192,0,0,0,0,0,0,1,0,0,0,1,1,0,0,1,1,1,0,1,0,1
73017,273.599,199.25,64.253,10.096,Eric Adams,1330,1187,0,1,0,0,0,0,1,0,0,0,1,1,0,0,1,1,1,0,1,0,1
73018,118.594,99.505,15.451,3.639,Eric Adams,363,329,0,1,1,0,0,0,1,0,0,0,1,1,0,1,0,0,1,0,1,0,1
73019,448.24,339.697,97.923,10.62,Eric Adams,1797,1611,0,1,1,0,0,0,1,0,0,0,1,1,0,0,1,1,1,0,1,0,1
73020,554.879,434.486,103.609,16.784,Eric Adams,1751,1607,0,1,1,0,0,0,1,0,0,0,1,1,0,1,0,0,1,0,1,0,1
73021,304.28,221.691,63.087,19.502,Eric Adams,1508,1289,0,0,0,0,0,1,1,0,0,0,1,1,0,0,1,1,1,0,1,0,1
73022,337.025,257.637,73.859,5.53,Eric Adams,1263,1139,0,1,0,0,0,1,1,0,0,0,1,1,0,1,0,0,1,0,1,0,1
73023,363,273,82,8,Eric Adams,1106,1022,0,1,0,0,0,0,1,0,0,0,1,1,0,1,0,0,1,0,1,0,1
73024,309.486,242.383,51.419,15.684,Eric Adams,1053,981,0,1,0,0,0,0,1,0,0,0,1,1,0,0,1,1,1,0,1,0,1
73025,468.332,329.581,124.406,14.345,Eric Adams,1531,1351,0,1,1,0,0,0,1,0,0,0,1,1,0,0,1,1,1,0,1,0,1
73026,274.701,203.437,60.861,10.402,Eric Adams,1353,1200,0,1,0,0,0,1,1,0,0,1,1,1,0,0,1,0,1,0,1,0,1
73027,286.028,206.933,71.147,7.948,Eric Adams,1504,1356,0,1,0,0,0,1,1,0,0,0,1,0,0,1,0,0,1,0,1,0,1
73028,258.269,198.168,55.486,4.615,Eric Adams,1016,940,0,1,0,0,0,0,1,0,0,0,1,0,0,1,0,0,1,0,1,0,1
73029,404.779,306.908,85.836,12.035,Eric Adams,1287,1166,0,1,0,0,0,0,1,0,0,0,1,1,0,1,0,0,1,0,1,0,1
73030,530.537,392.844,119.986,17.707,Eric Adams,1492,1399,0,1,0,0,0,0,1,0,0,0,1,1,0,1,0,0,1,0,1,0,1
73031,437,356,78,3,Eric Adams,1085,983,0,1,0,0,0,0,1,0,0,0,1,1,0,1,0,0,1,0,1,0,1
73032,370,280,79,11,Eric Adams,1311,1201,0,1,0,0,0,0,1,0,0,0,1,1,0,0,1,1,1,0,1,0,1
73033,382.645,288.468,76.097,18.08,Eric Adams,1210,1133,0,1,0,0,0,0,1,0,0,0,1,1,0,0,1,0,1,0,1,0,1
73034,509.714,388,110.096,11.619,Eric Adams,1815,1663,0,1,0,0,0,0,1,0,0,0,1,1,0,1,0,0,1,0,1,0,1
73035,111.216,80.179,27.589,3.449,Eric Adams,642,588,0,1,0,0,0,1,1,0,0,0,1,1,0,0,1,0,0,0,1,0,1
73036,264.028,198.819,53.801,11.408,Eric Adams,1073,963,0,1,0,0,0,0,1,0,0,0,1,1,0,1,0,1,1,0,1,0,1
73037,311.972,232.181,68.199,11.592,Eric Adams,1520,1367,0,1,0,0,0,0,1,0,0,0,1,1,0,0,1,0,1,0,1,0,1
73038,394,314,75,5,Eric Adams,1670,1535,0,1,0,0,0,0,1,0,0,0,1,1,0,0,1,0,1,0,1,0,1
73039,424.984,333.321,81.664,10,Eric Adams,1415,1258,0,1,0,0,0,0,1,0,0,0,1,1,0,1,0,0,1,0,1,0,1
73040,368.315,282.915,80.729,4.671,Eric Adams,1382,1167,0,1,0,0,0,1,1,0,0,0,1,1,0,1,0,0,1,0,1,0,0
73041,355.396,272.548,77.277,5.571,Eric Adams,1142,977,0,1,0,0,0,0,1,0,0,0,1,1,0,1,0,0,1,0,1,0,0
73042,261.514,207.442,49.772,4.301,Eric Adams,1246,1003,0,1,0,0,0,1,1,0,0,0,1,1,0,1,0,0,1,0,1,0,1
73043,475.633,383.8,80.044,11.788,Eric Adams,1435,1284,0,1,0,0,0,0,1,0,0,0,1,1,0,1,0,0,1,0,1,0,1
73044,377.383,295.879,71.292,10.212,Eric Adams,1194,1074,0,1,0,0,0,0,1,0,0,0,1,1,0,1,0,0,1,0,1,0,1
73045,457.47,355.791,95.344,6.334,Eric Adams,1438,1301,0,1,0,0,0,0,1,0,0,0,1,1,0,1,0,0,1,0,1,0,1
73046,353.15,277.423,67.573,8.154,Eric Adams,1401,1212,0,1,0,0,0,0,1,0,0,0,1,1,0,1,0,0,1,0,1,0,1
73047,298.077,233.091,57.64,7.347,Eric Adams,1176,1040,0,1,0,0,0,1,1,0,0,0,1,1,0,1,0,0,1,0,1,0,0
73048,414.361,349.55,60.388,4.423,Eric Adams,1612,1407,0,1,0,0,0,0,1,0,0,0,1,1,0,1,0,0,1,0,1,0,0
73049,357.287,283.281,64.911,9.095,Eric Adams,1016,882,0,1,0,0,0,0,1,0,0,0,1,1,0,1,0,0,1,0,1,0,0
73050,474.752,381.272,82.417,11.062,Eric Adams,1647,1456,0,1,0,0,0,0,1,0,0,0,1,1,0,1,0,0,1,0,1,0,0
73051,476.039,384.023,83.356,8.66,Eric Adams,1427,1316,0,1,0,0,0,0,1,0,0,0,1,1,0,1,0,0,1,0,1,0,0
73052,421.679,320.01,89.336,12.334,Eric Adams,1193,1099,0,1,0,0,0,0,1,0,0,0,1,1,0,1,0,0,1,0,1,0,0
73053,369.722,298.986,62.063,8.673,Eric Adams,1257,1099,0,1,0,0,0,0,1,0,0,0,1,1,0,1,0,0,1,0,1,0,1
73054,514.831,396.166,105.641,13.024,Eric Adams,1551,1426,0,1,0,0,0,0,1,0,0,0,1,1,0,0,1,0,1,0,1,0,0
73055,508.978,421.086,77.909,9.983,Eric Adams,1145,1033,0,1,1,0,0,0,1,0,0,0,1,1,0,1,0,0,1,0,1,0,1
73056,356,296,56,4,Eric Adams,956,874,0,1,0,0,0,0,1,0,0,0,1,1,0,1,0,0,1,0,1,0,1
73057,421.169,339.834,72.359,8.976,Eric Adams,1079,970,0,1,0,0,0,0,1,0,0,0,1,1,0,1,0,0,1,0,1,0,0
73058,375.598,297.081,66.014,12.503,Eric Adams,1035,961,0,1,0,0,0,0,1,0,0,0,1,1,0,0,1,0,1,0,1,0,0
73059,680,511,139,30,Eric Adams,1583,1488,0,1,0,0,0,0,1,0,0,0,1,1,0,0,1,0,1,0,1,0,1
73060,273,196,70,7,Eric Adams,646,596,0,0,0,0,0,0,1,0,0,0,1,1,0,0,1,0,1,0,1,0,1
73061,245.001,205.001,33,7,Eric Adams,719,669,0,0,1,0,0,0,1,0,0,0,1,1,0,0,1,1,1,0,1,0,1
73062,537.004,421.003,92.543,23.458,Eric Adams,1759,1639,0,1,0,0,0,0,1,0,0,0,1,1,0,0,1,0,1,0,1,0,1
73063,429.476,344.032,73.665,11.779,Eric Adams,1350,1190,0,1,0,0,0,0,1,0,0,0,1,1,0,1,0,0,1,0,1,0,1
73064,561.178,486.113,62.05,13.015,Eric Adams,1682,1536,0,1,0,0,0,0,1,0,0,0,1,1,0,0,1,1,1,0,1,0,0
73065,255.494,217.038,30.966,7.49,Eric Adams,1045,969,0,1,0,0,0,0,1,0,0,0,1,1,0,0,1,0,1,0,1,0,0
73066,453,362,69,22,Eric Adams,1535,1414,0,1,1,0,0,0,1,0,0,0,1,1,0,1,0,0,1,0,1,0,1
73067,420,327,81,12,Eric Adams,1270,1182,0,1,0,0,0,0,1,0,0,0,1,1,0,1,0,0,1,0,1,0,1
73068,352.996,274.997,66.457,11.542,Eric Adams,1137,1059,0,1,0,0,0,0,1,0,0,0,1,1,0,0,1,0,1,0,1,0,1
73069,436,321,87,28,Eric Adams,1502,1425,0,0,0,0,0,0,1,0,0,0,1,1,0,0,1,1,1,0,1,0,1
73070,49.801,39.007,8.341,2.453,Eric Adams,6,3,0,0,0,0,0,0,1,0,0,0,1,1,0,0,1,1,0,0,1,0,0
73071,0.576,0.424,0.126,0.027,Eric Adams,0,0,0,0,0,0,0,0,0,0,0,0,0,0,0,0,0,0,0,0,1,0,0
73072,0,0,0,0,Tie,0,0,0,0,0,0,0,0,0,0,0,0,0,0,0,0,0,0,0,0,0,0,0
74001,451.667,334.416,104.76,12.491,Eric Adams,1439,1273,0,1,0,0,0,0,1,0,0,0,1,1,0,0,1,1,1,0,1,0,1
74002,541.76,379.842,135.379,26.538,Eric Adams,1514,1401,0,0,1,0,0,0,1,0,0,0,1,0,0,0,1,0,1,0,1,0,1
74003,416.482,333.859,68.851,13.772,Eric Adams,1382,1287,0,0,1,0,0,0,1,0,0,1,1,0,0,0,1,0,1,0,1,0,1
74004,449.96,331.006,111.637,7.317,Eric Adams,1371,1263,0,1,0,0,0,1,1,0,0,0,1,0,0,0,1,0,1,0,1,0,1
74005,273.773,202.535,58.976,12.262,Eric Adams,1185,1072,0,0,0,0,0,1,1,0,0,1,1,1,0,0,1,1,0,0,1,0,1
74006,175.535,126.957,37.122,11.456,Eric Adams,1511,1303,0,0,0,0,0,1,1,0,0,0,1,1,0,0,1,1,0,0,1,0,1
74007,434.092,339.347,78.876,15.87,Eric Adams,1234,1078,0,1,0,0,0,0,1,0,0,0,1,0,0,0,0,1,1,0,1,0,1
74008,415,328,76,11,Eric Adams,1651,1527,0,1,0,0,0,0,1,0,0,0,1,1,0,0,1,1,0,0,1,0,1
74009,188.618,137.477,39.847,11.294,Eric Adams,749,668,0,0,0,0,0,0,1,0,0,0,1,1,0,0,1,1,0,0,1,0,1
74010,302.382,207.524,71.153,23.706,Eric Adams,1672,1544,0,0,1,0,0,0,1,0,0,0,1,1,0,0,1,1,0,0,1,0,1
74011,544.055,410.682,113.481,19.891,Eric Adams,1754,1562,0,0,0,0,1,0,1,0,0,0,1,1,0,0,1,1,0,0,1,0,1
74012,429.624,339.233,71.161,19.23,Eric Adams,1687,1545,0,0,0,0,0,0,1,0,0,0,1,1,0,0,1,1,0,0,1,0,1
74013,401.824,310.669,69.073,22.081,Eric Adams,1435,1285,0,1,0,0,0,0,1,0,0,0,1,1,0,0,1,1,1,0,1,0,1
74014,294.388,214.985,62.712,16.692,Eric Adams,1624,1389,0,0,0,0,1,0,1,0,0,1,1,1,0,0,1,1,1,0,1,0,1
74015,699.558,537.013,135.645,26.9,Eric Adams,1582,1462,0,1,1,0,0,0,1,0,0,0,1,1,0,0,0,0,1,0,1,0,1
74016,527.41,418.963,88.348,20.099,Eric Adams,1675,1556,0,1,1,0,0,0,1,0,0,0,1,1,0,0,0,0,1,0,1,0,1
74017,580.191,402.224,138.071,39.896,Eric Adams,1637,1489,0,0,0,0,0,0,1,0,0,0,1,1,0,0,0,1,1,0,1,0,1
74018,534.558,407.139,92.891,34.529,Eric Adams,1643,1545,0,0,1,0,0,0,1,0,0,0,1,1,0,0,0,1,1,0,1,0,0
74019,411.107,302.657,88.466,19.985,Eric Adams,1189,1120,0,0,1,0,0,0,1,0,0,0,1,1,0,0,0,1,1,0,1,0,1
74020,602.7,461.664,109.379,31.658,Eric Adams,1332,1215,0,0,1,0,0,0,1,0,0,0,1,1,0,0,0,1,1,0,1,0,0
74021,275.809,205.776,57.928,12.104,Eric Adams,1060,977,0,0,1,0,0,0,1,0,0,0,1,1,0,0,0,1,1,0,1,0,1
74022,521.357,396.524,106.383,18.451,Eric Adams,1495,1386,0,0,1,0,0,0,1,0,0,0,1,1,0,0,0,1,1,0,1,0,1
74023,558.027,425.122,110.729,22.176,Eric Adams,1453,1361,0,0,1,0,0,0,1,0,0,0,1,1,0,0,0,1,1,0,1,0,1
74024,400.25,297.895,82.153,20.202,Eric Adams,1443,1329,0,0,1,0,0,0,1,0,0,0,1,1,0,0,0,1,1,0,1,0,1
74025,300,230,51,19,Eric Adams,1404,1030,1,0,0,0,1,0,0,0,0,0,1,0,0,0,1,0,1,0,1,0,1
74026,324.229,252.963,38.364,32.901,Eric Adams,1618,1441,0,0,0,0,0,0,1,0,0,0,1,0,0,0,1,1,0,0,1,0,1
74027,324.455,264.098,32.679,27.679,Eric Adams,1753,1565,0,0,0,0,0,0,1,0,0,0,1,0,0,0,1,1,0,0,1,0,1
74028,421.549,331.258,43.278,47.013,Eric Adams,1076,937,0,0,0,0,0,0,1,0,0,0,1,0,0,0,1,1,0,0,1,0,1
74029,359.785,288.406,55.941,15.439,Eric Adams,1218,868,1,0,0,0,0,0,0,0,1,0,0,0,1,0,0,0,1,0,1,0,1
74030,417.466,296.354,94.879,26.233,Eric Adams,1397,1054,1,0,0,0,0,0,0,0,1,0,1,0,0,0,1,0,1,0,1,0,1
74031,348.717,274.766,40.972,32.979,Eric Adams,1749,1447,0,0,0,0,0,0,1,0,0,0,1,0,0,0,1,0,1,0,1,0,1
74032,136.134,93.565,33.612,8.956,Eric Adams,1213,780,1,0,0,0,1,0,0,0,1,0,0,0,1,0,0,0,1,0,1,0,1
74033,251.307,198.608,28.113,24.586,Eric Adams,1298,1079,0,0,0,0,1,0,1,0,0,0,1,0,0,0,1,0,0,0,1,0,1
74034,199.315,156.881,22.243,20.19,Eric Adams,1620,1194,0,0,0,0,1,0,0,0,1,0,0,0,1,0,1,0,0,0,1,0,1
74035,334.32,262.622,37.35,34.348,Eric Adams,1542,1323,0,0,0,0,0,0,1,0,0,0,1,0,0,0,1,0,0,0,1,0,1
74036,378.232,263.751,83.12,31.361,Eric Adams,1553,1318,0,0,0,0,0,0,1,0,0,0,1,0,0,0,1,1,1,0,1,0,1
74037,72.095,57.94,11.566,2.59,Eric Adams,1086,739,1,0,0,0,1,0,0,0,0,0,0,0,1,0,0,1,1,0,1,0,1
74038,172.369,132.24,36.65,3.48,Eric Adams,1229,825,1,0,0,0,1,0,0,0,1,0,0,0,1,0,0,1,1,0,1,0,1
74039,178.939,140.387,30.504,8.048,Eric Adams,1053,723,1,0,0,0,1,0,0,0,1,0,0,0,1,0,0,1,1,0,1,0,1
74040,192.987,153.99,34.498,4.5,Eric Adams,868,578,1,0,0,0,0,0,0,0,1,0,0,0,1,0,0,1,1,0,1,0,1
74041,312,223,62,27,Eric Adams,847,701,0,0,0,0,1,0,1,0,0,0,1,0,0,0,1,1,1,0,1,0,1
74042,443.529,239.143,172.081,32.305,Eric Adams,1343,1148,0,0,0,0,1,0,1,0,0,0,1,0,0,0,1,1,1,0,1,0,1
74043,212.19,166.547,25.731,19.911,Eric Adams,1622,1400,0,0,0,0,0,0,1,0,0,0,1,0,0,0,1,1,1,0,1,0,1
74044,203.242,158.745,34.718,9.779,Eric Adams,947,850,0,1,0,0,0,1,1,0,0,0,1,1,0,0,1,1,0,0,1,0,1
74045,202.878,170.98,21.596,10.302,Eric Adams,1366,1237,0,1,0,0,0,0,1,0,0,0,1,1,0,0,1,1,0,0,1,0,1
74046,248.11,187.431,44.574,16.105,Eric Adams,1222,964,0,0,0,0,0,0,0,0,0,0,1,1,0,0,1,1,1,0,1,0,1
74047,363,275,79,9,Eric Adams,800,722,0,1,0,0,0,0,1,0,0,0,1,1,0,0,1,1,1,0,1,0,1
74048,322.504,261.633,44.695,16.177,Eric Adams,1158,1037,0,0,1,0,0,0,1,0,0,0,1,1,0,0,1,1,0,0,1,0,1
74049,466.347,347.904,94.97,23.473,Eric Adams,1432,1267,0,1,0,0,0,0,1,0,0,0,1,0,0,0,1,1,0,0,1,0,1
74050,351,285,46,20,Eric Adams,1366,1253,0,0,0,0,0,0,1,0,0,1,1,1,0,0,1,1,1,0,1,0,1
74051,407.496,341.367,53.305,12.823,Eric Adams,1656,1539,0,1,1,0,0,0,1,0,0,0,1,0,0,0,1,1,0,0,1,0,1
74052,309.894,248.684,45.69,15.52,Eric Adams,1043,960,0,0,1,0,0,0,1,0,0,0,1,0,0,0,1,1,0,0,1,0,1
74053,264.758,217.411,33.34,14.007,Eric Adams,1507,1350,0,0,0,0,0,0,1,0,0,0,1,1,0,1,0,1,1,0,1,0,1
74054,154.4,125.189,20.865,8.346,Eric Adams,762,719,0,1,0,0,0,0,1,0,0,0,1,1,0,1,0,1,1,0,1,0,1
74055,494.81,406.502,70.479,17.829,Eric Adams,1527,1417,0,1,0,0,0,0,1,0,0,0,1,1,0,1,0,1,1,0,1,0,1
74056,422.021,346.851,65.501,9.668,Eric Adams,1165,1054,0,1,1,0,0,0,1,0,0,0,1,1,0,0,1,0,0,0,1,0,0
74057,481.768,411.457,53.155,17.156,Eric Adams,1354,1267,0,1,0,0,0,0,1,0,0,0,1,1,0,0,1,0,0,0,1,0,0
74058,348,285,44,19,Eric Adams,1038,964,0,1,0,0,0,0,1,0,0,0,1,1,0,1,0,1,1,0,1,0,1
74059,365.247,313.041,44.099,8.107,Eric Adams,1626,1415,0,1,0,0,0,0,1,0,0,0,1,1,0,0,1,1,0,0,1,0,1
74060,146.812,127.634,15.21,3.968,Eric Adams,674,617,0,1,0,0,0,0,1,0,0,0,1,1,0,0,1,0,0,0,1,0,1
74061,169.442,149.759,13.428,6.255,Eric Adams,738,646,0,1,0,0,0,0,1,0,0,0,1,1,0,1,0,1,0,0,1,0,1
74062,132.532,103.451,22.478,6.603,Eric Adams,672,609,0,1,0,0,0,0,1,0,0,0,1,1,0,0,1,1,0,0,1,0,0
74063,262.459,226.5,23.765,12.194,Eric Adams,360,332,0,1,0,0,0,0,1,0,0,0,1,1,0,1,0,1,0,0,1,0,1
74064,62.406,46.804,13.201,2.4,Eric Adams,122,115,0,0,1,0,0,0,1,0,0,0,1,1,0,0,1,1,0,0,1,0,0
74065,129.093,99.302,24.826,4.965,Eric Adams,462,439,0,1,0,0,1,0,1,0,0,0,1,1,0,0,1,0,0,0,1,0,1
74066,22.089,17.695,3.401,0.993,Eric Adams,0,0,0,0,0,0,0,0,0,0,0,0,0,0,0,0,0,0,0,0,1,0,0
74068,8.805,7.564,0.993,0.248,Eric Adams,0,0,0,0,0,0,0,0,0,0,0,0,0,0,0,0,0,0,0,0,1,0,0
74070,0.078,0.061,0.011,0.006,Eric Adams,0,0,0,0,0,0,0,0,0,0,0,0,0,0,0,0,0,0,0,0,1,0,0
75001,465,377,64,24,Eric Adams,1471,1350,0,1,0,0,0,0,1,0,0,0,1,1,0,0,1,0,1,0,1,0,1
75002,551,461,75,15,Eric Adams,1671,1547,0,1,0,0,0,0,1,0,0,0,1,1,0,0,1,0,1,0,1,0,1
75003,516.744,427.976,75.814,12.953,Eric Adams,1487,1402,0,1,0,0,0,0,1,0,0,0,1,1,0,0,1,0,1,0,1,0,1
75004,218,177,39,2,Eric Adams,759,701,0,1,0,0,0,0,1,0,0,1,1,1,0,0,1,0,1,0,1,0,1
75005,290.157,234.162,51.152,4.843,Eric Adams,1393,1251,0,1,0,0,0,0,1,0,0,0,1,1,0,0,1,1,1,0,1,0,1
75006,513.105,395.573,97.914,19.619,Eric Adams,1605,1413,0,1,0,0,0,0,1,0,0,0,1,0,0,0,1,1,1,0,1,0,1
75007,287.794,231.897,45.161,10.736,Eric Adams,1246,1132,0,0,0,0,0,0,1,0,0,0,1,0,0,0,1,0,1,0,1,0,1
75008,545,445,79,21,Eric Adams,1781,1648,0,0,0,0,0,0,1,0,0,0,1,0,0,0,1,1,1,0,1,0,1
75009,108.055,87.332,15.912,4.811,Eric Adams,320,296,0,0,0,0,0,0,1,0,0,0,1,0,0,0,1,1,1,0,1,0,1
75010,428.206,315.103,99.839,13.264,Eric Adams,1747,1595,0,1,0,0,0,0,1,0,0,0,1,1,0,0,1,0,1,0,1,0,1
75011,155.991,114.494,37.249,4.247,Eric Adams,1125,958,0,1,0,0,0,1,1,0,0,0,1,1,0,0,1,0,1,0,1,0,1
75012,285.481,209.449,64.358,11.674,Eric Adams,1272,1126,0,1,0,0,0,0,1,0,0,0,1,1,0,0,1,0,1,0,1,0,1
75013,487.862,368.926,98.273,20.663,Eric Adams,1721,1471,0,1,0,0,0,1,1,0,0,0,1,1,0,0,1,0,1,0,1,0,1
75014,156.593,108.771,43.133,4.688,Eric Adams,1015,731,0,0,0,0,1,0,1,0,0,0,0,0,0,0,1,0,1,0,1,0,1
75015,241.865,177.916,50.568,13.381,Eric Adams,1266,1091,0,0,0,0,1,1,1,0,0,1,1,1,0,0,1,1,1,0,1,0,1
75016,107.493,75.017,23.899,8.576,Eric Adams,699,554,0,0,0,0,1,0,1,0,0,0,1,1,0,0,1,1,0,0,1,0,1
75017,253.94,215.923,25.01,13.008,Eric Adams,967,845,0,0,0,0,0,0,1,0,0,0,1,0,0,0,1,1,1,0,1,0,1
75018,63.061,48.024,12.127,2.911,Eric Adams,671,616,0,0,0,0,0,1,1,0,0,0,1,1,0,0,1,1,0,0,1,0,1
75019,7.193,4.996,1.981,0.215,Eric Adams,18,10,0,1,1,0,1,0,0,1,0,0,0,0,0,0,1,0,1,0,1,0,0
75020,187.183,145.658,34.338,7.186,Eric Adams,1370,997,0,0,0,0,0,0,1,0,0,0,1,1,0,0,1,1,0,0,1,0,1
75021,126.238,91.234,30.523,4.481,Eric Adams,695,624,0,1,0,0,0,0,1,0,0,0,1,1,0,0,1,1,0,0,1,0,1
75022,305.256,241.275,50.803,13.179,Eric Adams,1273,1146,0,1,0,0,0,0,1,0,0,0,1,1,0,0,1,1,0,0,1,0,1
75023,222.762,175.766,39.477,7.519,Eric Adams,1233,1053,0,0,0,0,1,0,1,0,0,0,1,0,0,0,1,1,0,0,1,0,1
75024,266.149,231.39,26.501,8.258,Eric Adams,1466,1317,0,1,0,0,0,0,1,0,0,0,1,1,0,0,1,1,0,0,1,0,1
75025,148.594,113.334,26.697,8.563,Eric Adams,650,583,0,1,0,0,0,0,1,0,0,0,1,1,0,0,1,1,0,0,1,0,1
75026,388.531,338.867,33.787,15.877,Eric Adams,1565,1427,0,1,0,0,0,0,1,0,0,0,1,1,0,0,1,1,0,0,1,0,1
75027,378.86,331.226,32.523,15.111,Eric Adams,1113,1032,0,1,0,0,0,0,1,0,0,0,1,1,0,0,1,1,0,0,1,0,1
75028,380.609,325.908,39.69,15.012,Eric Adams,1494,1353,0,1,0,0,0,0,1,0,0,0,1,1,0,0,1,0,1,0,1,0,1
75029,277.07,230.057,36.51,10.503,Eric Adams,1324,1192,0,0,0,0,0,0,1,0,0,0,1,1,0,0,1,0,0,0,1,0,1
75030,188.93,134.068,50.058,4.804,Eric Adams,1294,1073,0,0,0,0,1,0,1,0,0,0,1,1,0,0,1,0,1,0,1,0,1
75031,349,286,43,20,Eric Adams,1622,1393,0,0,0,0,0,0,1,0,0,0,1,1,0,0,1,1,0,0,1,0,1
75032,351,288,45,18,Eric Adams,1320,1126,0,0,0,0,0,0,1,0,0,0,1,0,0,0,1,1,1,0,1,0,1
75033,120.684,95.374,18.191,7.118,Eric Adams,1264,1080,0,0,0,0,1,0,1,0,0,0,1,0,0,0,1,1,1,0,1,0,1
75034,157.979,132.399,18.978,6.602,Eric Adams,1149,1027,0,0,0,0,1,0,1,0,0,0,1,0,0,0,1,1,0,0,1,0,1
75035,282.697,227.874,42.495,12.328,Eric Adams,1082,862,0,0,0,0,0,0,1,0,0,0,1,1,0,0,1,1,0,0,1,0,1
75036,277.69,215.834,47.855,14.001,Eric Adams,671,470,0,0,0,0,0,0,0,1,0,0,0,0,1,0,0,0,1,0,1,0,1
75037,435.822,308.649,89.115,38.057,Eric Adams,1290,1098,0,0,0,0,1,0,1,0,0,0,1,0,0,1,0,0,1,0,1,0,1
75038,532.561,384.801,103.314,44.446,Eric Adams,1160,1046,0,1,0,0,0,0,1,0,0,0,1,0,0,1,0,0,1,0,1,0,1
75039,467.619,338.551,92.572,36.497,Eric Adams,1048,962,0,1,1,0,0,0,1,0,0,0,1,0,0,1,0,0,1,0,1,0,1
75040,177,145,24,8,Eric Adams,1088,940,0,0,0,0,0,0,1,0,0,0,1,1,0,0,1,1,0,0,1,0,1
75041,391.076,317.304,52.196,21.576,Eric Adams,1353,1243,0,1,0,0,0,0,1,0,0,0,1,1,0,0,1,1,0,0,1,0,1
75042,362.924,305.696,43.804,13.424,Eric Adams,1232,1144,0,0,0,0,0,0,1,0,0,0,1,1,0,0,1,1,0,0,1,0,1
75043,683,482,147,54,Eric Adams,1476,1371,0,1,0,0,0,0,1,0,0,0,1,0,0,0,1,0,1,0,1,0,1
75044,493,443,40,10,Eric Adams,1564,1380,0,1,0,0,0,0,1,0,0,0,1,0,0,0,1,1,0,0,1,0,1
75045,313.008,267.34,30.001,15.667,Eric Adams,1243,1096,0,0,1,0,0,0,1,0,0,0,1,0,0,0,1,1,0,0,1,0,1
75046,343,296,32,15,Eric Adams,1307,1179,0,1,1,0,0,0,1,0,0,0,1,1,0,0,1,1,0,0,1,0,1
75047,255.507,221.506,25.001,9,Eric Adams,1242,1124,0,0,0,0,0,0,1,0,0,0,1,1,0,0,1,1,0,0,1,0,1
75048,210,182,22,6,Eric Adams,779,701,0,0,0,0,0,0,1,0,0,0,1,1,0,0,1,0,1,0,1,0,1
75049,479.064,386.248,76.316,16.5,Eric Adams,1591,1386,0,0,0,0,0,0,1,0,0,0,1,1,0,0,1,1,0,0,1,0,1
75050,260,195,41,24,Eric Adams,1180,1004,0,0,1,0,0,0,1,0,0,0,1,1,0,0,1,1,0,0,1,0,1
75051,454,364,68,22,Eric Adams,1722,1534,0,0,1,0,0,0,1,0,0,0,1,0,0,0,1,0,1,0,1,0,1
75052,627,518,80,29,Eric Adams,1193,1113,0,0,1,0,0,0,1,0,1,0,1,0,0,0,1,0,1,0,1,0,1
75053,589,489,79,21,Eric Adams,1154,1091,0,0,0,0,0,0,1,0,0,0,1,0,0,0,1,0,1,0,1,0,1
75054,272.212,201.914,51.894,18.404,Eric Adams,947,848,0,0,0,0,0,0,1,0,0,0,1,0,0,0,1,0,0,0,1,0,1
75055,142.609,103.258,30.152,9.2,Eric Adams,1179,837,0,0,0,0,0,0,1,0,0,0,1,0,0,0,1,1,0,0,1,0,1
75056,202.066,160.068,27.735,14.263,Eric Adams,1025,919,0,0,0,0,0,0,0,0,0,0,1,0,0,0,1,1,0,0,1,0,1
75057,280.865,221.566,42.399,16.9,Eric Adams,1824,1617,0,0,0,0,0,0,1,0,0,0,1,1,0,0,1,1,0,0,1,0,1
75058,251.94,192.137,47.252,12.551,Eric Adams,1315,1177,0,0,0,0,0,0,1,0,0,0,1,1,0,0,1,1,0,0,1,0,1
75059,200.874,171.91,21.944,7.021,Eric Adams,1896,1725,0,0,0,0,0,0,1,0,0,0,1,1,0,0,1,1,0,0,1,0,1
75060,458.855,393.071,43.589,22.195,Eric Adams,1270,1169,0,0,1,0,0,0,1,0,0,0,1,1,0,0,1,0,0,0,1,0,1
75061,87.205,66.159,16.255,4.791,Eric Adams,1107,719,1,0,0,0,0,0,0,0,1,0,1,0,0,1,0,0,1,0,1,0,1
75062,221.983,168.933,39.003,14.047,Eric Adams,1555,1239,0,0,0,0,0,0,1,0,1,0,1,0,0,0,1,0,1,0,1,0,1
75063,486.013,437.2,31.86,16.953,Eric Adams,1514,1462,0,1,1,0,0,0,1,0,0,0,1,0,0,0,1,0,1,0,1,0,1
75064,339.326,296.351,27.171,15.804,Eric Adams,1443,1279,0,0,0,0,0,0,1,0,0,0,1,0,0,0,1,1,0,0,1,0,1
75065,357.832,298.407,45.147,14.279,Eric Adams,1246,1022,0,0,0,0,0,0,1,0,0,0,1,0,0,0,1,1,0,0,1,0,1
75066,244.553,196.571,36.989,10.992,Eric Adams,1459,1120,0,0,0,0,0,0,0,0,1,0,1,0,0,0,1,1,1,0,1,0,1
75067,20.988,15.983,4.036,0.969,Eric Adams,84,73,0,1,0,0,1,1,1,0,0,1,1,1,0,0,1,1,0,0,1,0,0
75068,0,0,0,0,Tie,0,0,0,0,0,0,0,0,0,0,0,0,0,0,0,0,0,0,0,0,0,0,0
75070,0,0,0,0,Tie,0,0,0,0,0,0,0,0,0,0,0,0,0,0,0,0,0,0,0,0,0,0,0
75071,0.457,0.332,0.125,0,Eric Adams,0,0,0,0,0,0,0,0,0,0,0,0,0,0,0,0,0,0,0,0,1,0,0
76001,396.093,302.236,83.335,10.522,Eric Adams,1378,1293,0,1,0,0,0,0,1,0,0,0,1,1,0,0,1,0,1,0,1,0,1
76002,274.908,221.764,49.665,3.478,Eric Adams,887,819,0,1,0,0,0,0,1,0,0,0,1,1,0,0,1,0,1,0,1,0,1
76003,304.369,229.145,66.442,8.782,Eric Adams,1087,1010,0,1,0,0,0,0,1,0,0,0,1,1,0,0,1,0,1,0,1,0,1
76004,376.631,296.855,67.558,12.218,Eric Adams,1315,1249,0,1,0,0,0,0,1,0,0,0,1,1,0,0,1,0,1,0,1,0,1
76005,456,364,73,19,Eric Adams,1462,1314,0,1,0,0,0,0,1,0,0,0,1,1,0,0,1,0,1,0,1,0,1
76006,495,387,90,18,Eric Adams,1426,1315,0,1,1,0,0,0,1,0,0,0,1,0,0,0,1,1,1,0,1,0,1
76007,463.53,362.209,88.656,12.666,Eric Adams,1338,1234,0,1,1,0,0,0,1,0,0,0,1,0,0,0,1,1,1,0,1,0,1
76008,193.497,131.59,53.221,8.686,Eric Adams,1051,950,0,1,0,0,0,0,1,0,0,0,1,1,0,0,1,0,1,0,1,0,1
76009,418,316,88,14,Eric Adams,1650,1512,0,1,0,0,0,0,1,0,0,0,1,1,0,0,1,0,1,0,1,0,1
76010,286.925,220.88,47.801,18.243,Eric Adams,1075,1014,0,1,0,0,0,0,1,0,0,0,1,1,0,0,1,0,0,0,1,0,1
76011,517.432,356.668,145.837,14.928,Eric Adams,1376,1097,0,1,0,0,0,0,1,0,0,0,1,1,0,0,1,0,0,0,1,0,1
76012,270.421,199.203,59.646,11.571,Eric Adams,1417,1275,0,1,1,0,0,0,1,0,0,0,1,0,0,0,1,1,0,0,1,0,1
76013,289.749,221.537,56.399,11.813,Eric Adams,1294,1209,0,1,0,0,0,0,1,0,0,0,1,1,0,0,1,0,1,0,1,0,1
76014,508.548,414.983,78.019,15.545,Eric Adams,1261,1182,0,1,1,0,0,0,1,0,0,0,1,0,0,1,0,0,1,0,1,0,1
76015,349.274,280.182,54.769,14.323,Eric Adams,1410,1300,0,1,0,0,0,0,1,0,0,0,1,1,0,0,1,0,1,0,1,0,1
76016,387.452,301.977,74.246,11.228,Eric Adams,933,866,0,1,0,0,0,0,1,0,0,0,1,1,0,0,1,0,1,0,1,0,1
76017,465.939,366.778,85.72,13.442,Eric Adams,1178,1077,0,1,1,0,0,0,1,0,0,0,1,0,0,1,0,0,1,0,1,0,1
76018,406,306,86,14,Eric Adams,1126,1021,0,1,0,0,0,0,1,0,0,0,1,0,0,1,0,0,1,0,1,0,1
76019,329.586,259.533,56.912,13.141,Eric Adams,1678,1570,0,1,0,0,0,0,1,0,0,0,1,1,0,0,1,0,1,0,1,0,1
76020,641.364,472.322,148.883,20.16,Eric Adams,1635,1504,0,1,0,0,0,0,1,0,0,0,1,1,0,0,1,0,1,0,1,0,1
76021,450.148,349.311,86.905,13.931,Eric Adams,1331,1226,0,1,0,0,0,0,1,0,0,0,1,0,0,0,1,1,1,0,1,0,1
76022,523.96,415.488,95.841,12.631,Eric Adams,1346,1253,0,1,0,0,0,0,1,0,0,0,1,0,0,1,0,0,1,0,1,0,1
76023,465.973,371.899,90.036,4.038,Eric Adams,1092,1017,0,1,0,0,0,0,1,0,0,0,1,0,0,1,0,0,1,0,1,0,1
76024,278.205,204.719,63.934,9.552,Eric Adams,1607,1504,0,1,0,0,0,0,1,0,0,0,1,1,0,0,1,0,1,0,1,0,1
76025,338.434,252.962,75.184,10.288,Eric Adams,1133,1070,0,1,0,0,0,0,1,0,0,0,1,1,0,0,1,1,0,0,1,0,1
76026,407.132,308.678,87.178,11.277,Eric Adams,1349,1240,0,1,1,0,0,0,1,0,0,0,1,0,0,0,1,1,1,0,1,0,1
76027,389.895,295.423,74.786,19.685,Eric Adams,1147,1087,0,1,0,0,0,0,1,0,0,0,1,0,0,0,1,1,1,0,1,0,1
76028,516.605,403.626,99.707,13.272,Eric Adams,1503,1380,0,1,0,0,0,0,1,0,0,0,1,1,0,0,1,1,0,0,1,0,1
76029,340,262,67,11,Eric Adams,1026,945,0,1,1,0,0,0,1,0,0,0,1,0,0,0,1,1,1,0,1,0,1
76030,444.246,338.062,90.388,15.796,Eric Adams,1502,1381,0,1,1,0,0,0,1,0,0,0,1,1,0,0,1,1,0,0,1,0,1
76031,550.193,420.138,118.576,11.479,Eric Adams,1367,1271,0,1,0,0,0,0,1,0,0,0,1,1,0,0,1,0,1,0,1,0,1
76032,477.282,382.501,78.34,16.44,Eric Adams,1560,1431,0,1,0,0,0,0,1,0,0,0,1,1,0,0,1,0,1,0,1,0,1
76033,475.094,357.378,91.953,25.763,Eric Adams,1693,1589,0,1,0,0,0,0,1,0,0,0,1,1,0,0,1,0,1,0,1,0,1
76034,474.808,354.863,107.425,12.521,Eric Adams,1621,1506,0,1,0,0,0,0,1,0,0,0,1,1,0,0,1,0,1,0,1,0,1
76035,558.087,431.835,105.836,20.416,Eric Adams,1486,1401,0,1,1,0,0,0,1,0,0,0,1,1,0,0,1,0,1,0,1,0,1
76036,460.537,337.286,99.871,23.381,Eric Adams,1708,1581,0,1,1,0,0,0,1,0,0,0,1,1,0,0,1,0,1,0,1,0,1
76037,501.498,386.637,93.299,21.563,Eric Adams,1574,1488,0,1,0,0,0,0,1,0,0,0,1,1,0,0,1,0,1,0,1,0,1
76038,252,174,59,19,Eric Adams,1123,987,0,0,0,0,0,0,1,0,0,0,1,0,0,0,1,1,1,0,1,0,1
76039,601.165,495.034,91.721,14.41,Eric Adams,1407,1283,0,1,0,0,0,0,1,0,0,0,1,1,0,0,1,0,1,0,1,0,1
76040,405.835,311.966,82.279,11.59,Eric Adams,1146,1066,0,1,0,0,0,0,1,0,0,0,1,1,0,0,1,0,1,0,1,0,1
76041,470.58,305.817,146.747,18.016,Eric Adams,1285,1189,0,1,1,0,0,0,1,0,0,0,1,1,0,0,1,0,1,0,1,0,1
76042,613.42,504.183,93.253,15.984,Eric Adams,1434,1325,0,1,0,0,0,0,1,0,0,0,1,1,0,0,1,0,1,0,1,0,1
76043,430.502,345.363,69.702,15.437,Eric Adams,1129,1067,0,1,0,0,0,0,1,0,0,0,1,1,0,0,1,0,1,0,1,0,1
76044,587,490,78,19,Eric Adams,1598,1466,0,1,0,0,0,0,1,0,0,0,1,1,0,0,1,0,1,0,1,0,1
76045,508,390,94,24,Eric Adams,1494,1404,0,1,1,0,0,0,1,0,0,0,1,1,0,0,1,0,1,0,1,0,0
76046,535.057,417.366,100.476,17.215,Eric Adams,1422,1343,0,1,1,0,0,0,1,0,0,0,1,1,0,0,1,0,1,0,1,0,1
76047,345,270,53,22,Eric Adams,1117,1036,0,1,0,0,0,0,1,0,0,0,1,1,0,0,1,0,1,0,1,0,1
76048,363.886,293.489,61.108,9.289,Eric Adams,1405,1306,0,1,0,0,0,0,1,0,0,0,1,1,0,0,1,1,1,0,1,0,1
76049,476.17,365.833,93.755,16.581,Eric Adams,1410,1324,0,1,0,0,0,0,1,0,0,0,1,1,0,0,1,1,1,0,1,0,1
76050,563.92,409.042,126.327,28.551,Eric Adams,1560,1457,0,1,1,0,0,0,1,0,0,0,1,1,0,1,0,0,1,0,1,0,1
76051,457.08,359.958,86.673,10.449,Eric Adams,1261,1150,0,1,0,0,0,0,1,0,0,0,1,1,0,1,0,0,1,0,1,0,1
76052,386.945,298.678,76.137,12.13,Eric Adams,1340,1272,0,1,0,0,0,0,1,0,0,0,1,1,0,0,1,1,1,0,1,0,1
76053,530,415,94,21,Eric Adams,1443,1354,0,1,0,0,0,0,1,0,0,0,1,1,0,0,1,0,1,0,1,0,1
76054,622.033,475.617,120.457,25.959,Eric Adams,1733,1620,0,1,0,0,0,0,1,0,0,0,1,1,0,0,1,1,1,0,1,0,1
76055,478.967,378.383,78.543,22.041,Eric Adams,1535,1462,0,0,1,0,0,0,1,0,0,0,1,0,0,0,1,0,1,0,1,0,1
76056,416.573,315.761,80.045,20.766,Eric Adams,1559,1453,0,0,1,0,0,0,1,0,0,0,1,1,0,0,1,1,0,0,1,0,1
76057,399,302,84,13,Eric Adams,1045,981,0,1,0,0,0,0,1,0,0,0,1,1,0,0,1,0,1,0,1,0,1
76058,588.491,464.658,99.502,24.331,Eric Adams,1633,1507,0,1,1,0,0,0,1,0,0,0,1,1,0,0,1,0,1,0,1,0,1
76059,367.362,297.114,52.041,18.207,Eric Adams,1303,1122,0,0,0,0,0,0,1,0,0,0,1,0,0,0,1,0,1,0,1,0,1
76060,239.872,194.631,29.481,15.76,Eric Adams,1201,1083,0,0,0,0,1,0,1,0,0,0,1,1,0,0,1,0,0,0,1,0,1
76061,373.581,290.871,62.523,20.186,Eric Adams,1257,1082,0,0,0,0,0,0,1,0,0,0,1,0,0,0,1,0,1,0,1,0,1
76062,405.186,305.384,74.955,24.847,Eric Adams,1676,1440,0,0,0,0,0,0,1,0,0,0,1,0,0,0,1,0,1,0,1,0,1
76065,0,0,0,0,Tie,0,0,0,0,0,0,0,0,0,0,0,0,0,0,0,0,0,0,0,0,0,0,0
76067,0,0,0,0,Tie,0,0,0,0,0,0,0,0,0,0,0,0,0,0,0,0,0,0,0,0,0,0,0
76068,0.271,0.216,0.034,0.021,Eric Adams,0,0,0,0,0,0,0,0,0,0,0,0,0,0,0,0,0,0,0,0,1,0,0
77001,161.873,124.353,31.203,6.316,Eric Adams,1410,996,1,0,0,0,0,0,0,0,1,0,0,0,0,0,1,1,0,0,1,0,0
77002,154.86,119.626,28.712,6.522,Eric Adams,1521,1165,1,0,0,0,0,0,0,0,1,0,0,0,0,0,1,1,0,0,1,0,0
77003,194.699,167.876,23.888,2.935,Eric Adams,1573,1085,1,0,0,0,0,0,0,1,0,0,0,0,1,0,1,1,0,0,1,0,0
77004,36.375,28.913,4.954,2.508,Eric Adams,460,366,0,0,0,0,0,0,0,1,0,0,0,0,0,0,1,0,0,0,1,0,0
77005,179.078,156.409,17.364,5.306,Eric Adams,1492,1080,1,0,0,0,0,0,0,0,1,0,0,0,1,0,1,0,0,0,1,0,0
77006,254.045,225.241,25.874,2.93,Eric Adams,1623,1130,1,0,0,0,0,0,0,0,1,0,0,0,1,0,1,1,0,0,1,0,1
77007,214.402,188.919,21.17,4.314,Eric Adams,1640,1220,1,0,0,0,0,0,0,1,1,0,0,0,1,0,1,0,0,0,1,0,0
77008,275.741,246.421,24.974,4.346,Eric Adams,1430,1050,1,0,0,0,0,0,0,0,1,0,0,0,0,0,1,1,1,0,1,0,1
77009,260.923,222.084,34.282,4.557,Eric Adams,1652,1225,1,0,0,0,0,0,0,0,1,0,0,0,0,0,1,1,1,0,1,0,1
77010,213.794,190.483,19.629,3.682,Eric Adams,1495,1103,1,0,0,0,0,0,0,0,1,0,0,0,1,0,0,1,0,0,1,0,1
77011,286.756,255.993,25.964,4.799,Eric Adams,1609,1221,1,0,0,0,0,0,0,1,1,0,0,0,1,0,1,0,1,0,1,0,1
77012,235.298,205.196,23.288,6.814,Eric Adams,1421,1137,1,0,0,0,0,0,0,0,1,0,0,0,1,0,1,0,1,0,1,0,1
77013,275.914,246.929,24.437,4.549,Eric Adams,1723,1276,1,0,0,0,0,0,0,0,1,0,0,0,1,0,1,0,1,0,1,0,1
77014,169.489,147.676,19.801,2.013,Eric Adams,1574,1195,1,0,0,0,0,0,0,0,1,0,0,0,1,0,1,0,1,0,1,0,1
77015,21.302,18.261,2.037,1.004,Eric Adams,140,107,1,0,1,0,0,0,0,0,1,0,0,0,1,0,1,1,0,0,1,0,0
77016,52.01,47.402,3.95,0.658,Eric Adams,272,204,1,0,0,0,0,0,0,0,1,0,0,0,0,0,0,1,0,0,1,0,0
77017,173,150,22,1,Eric Adams,1104,796,0,0,0,0,0,0,0,1,0,0,0,0,1,0,0,1,0,0,1,0,1
77018,181,159,18,4,Eric Adams,1081,815,0,0,0,0,0,0,0,1,1,0,0,0,1,0,0,1,0,0,1,0,1
77019,193.975,171.418,20.55,2.007,Eric Adams,1070,814,0,0,0,0,0,0,0,1,1,0,0,0,1,0,1,0,0,0,1,0,1
77020,38.394,33.877,4.517,0,Eric Adams,379,294,1,0,0,0,0,0,0,1,0,0,0,0,1,0,1,0,0,0,1,0,0
77021,118.17,93.858,21.717,2.594,Eric Adams,1227,856,1,0,0,0,0,0,0,0,1,0,0,0,0,0,0,1,0,0,1,0,0
77022,164.633,142.698,17.277,4.658,Eric Adams,1042,746,1,0,0,0,0,0,0,0,1,0,0,0,1,0,1,1,1,0,1,0,1
77023,220.061,190.542,23.292,6.227,Eric Adams,1575,1125,0,0,0,0,0,0,0,1,0,0,0,0,1,0,1,1,0,0,1,0,0
77024,178.858,149.225,25.592,4.041,Eric Adams,1278,943,0,0,0,0,0,0,0,1,1,0,0,0,1,0,1,1,0,0,1,0,0
77025,100.983,84.994,14.306,1.683,Eric Adams,806,561,1,0,0,0,0,0,0,0,1,0,0,0,0,0,1,1,0,0,1,0,1
77026,183.943,160.071,18.408,5.464,Eric Adams,1223,888,1,0,0,0,0,0,0,0,1,0,0,0,1,0,1,1,0,0,1,0,0
77027,178.5,155.648,18.06,4.792,Eric Adams,1601,1090,1,0,0,0,0,0,0,0,1,0,0,0,0,0,1,1,0,0,1,0,1
77028,133.594,112.164,17.982,3.448,Eric Adams,929,654,0,0,0,0,0,0,0,1,1,0,0,0,1,0,1,1,0,0,1,0,0
77029,73,54,13,6,Eric Adams,324,242,1,0,0,0,0,0,0,0,1,0,0,0,0,0,1,1,0,0,1,0,0
77030,105.989,96.598,8.05,1.342,Eric Adams,480,326,1,0,0,0,0,0,0,1,0,0,0,0,1,0,1,1,0,0,1,0,0
77031,185.996,161.425,18.824,5.747,Eric Adams,987,739,1,0,0,0,0,0,0,1,1,0,0,0,1,0,1,1,0,0,1,0,0
77032,171.431,147.613,18.468,5.351,Eric Adams,1227,898,1,0,0,0,0,0,0,0,1,0,0,0,1,0,1,1,0,0,1,0,0
77033,87.729,66.917,17.812,3,Eric Adams,814,549,1,0,0,0,0,0,0,0,1,0,0,0,0,0,0,1,0,0,1,0,0
77034,208.316,170.68,35.391,2.244,Eric Adams,1374,1040,1,0,0,0,0,0,0,0,1,0,0,0,0,0,1,1,0,0,1,0,0
77035,177.646,150.945,17.5,9.202,Eric Adams,1331,908,1,0,0,0,0,0,0,0,1,0,0,0,0,0,1,1,0,0,1,0,0
77036,104.746,89.101,13.092,2.553,Eric Adams,1150,812,1,0,0,0,0,0,0,1,0,0,0,0,1,0,1,1,0,0,1,0,0
77037,163.245,144.186,17.002,2.057,Eric Adams,1422,1008,0,0,0,0,0,0,0,1,1,0,0,0,1,0,1,1,0,0,1,0,0
77038,91.237,80.594,10.64,0.002,Eric Adams,849,623,0,0,0,0,0,0,0,1,1,0,0,0,1,0,1,0,1,0,1,0,0
77039,223.689,182.223,36.494,4.973,Eric Adams,1442,1049,1,0,0,0,0,0,0,1,1,0,0,0,1,0,0,1,0,0,1,0,0
77040,126.321,106.022,17.744,2.555,Eric Adams,1103,803,1,0,0,0,0,0,0,0,1,0,0,0,0,0,1,1,0,0,1,0,0
77041,205.568,174.046,22.87,8.652,Eric Adams,1298,938,0,0,0,0,0,0,0,1,1,0,0,0,1,0,1,0,1,0,1,0,0
77042,227.444,202.66,22.73,2.053,Eric Adams,1601,1163,1,0,0,0,0,0,0,1,1,0,0,0,1,0,0,1,1,0,1,0,0
77043,127.636,96.658,24.409,6.569,Eric Adams,1057,762,1,0,0,0,0,0,0,0,1,0,0,0,0,0,1,1,0,1,1,0,0
77044,207.121,179.527,21.121,6.473,Eric Adams,1485,1038,0,0,0,0,0,0,0,0,1,0,0,0,1,0,0,1,1,0,1,0,1
77045,64.521,54.745,8.798,0.978,Eric Adams,434,331,1,0,0,0,0,0,0,0,1,0,0,0,1,0,1,1,0,0,1,0,0
77046,210.898,179.053,27.261,4.584,Eric Adams,1701,1221,0,0,0,0,0,0,0,1,1,0,0,0,0,0,1,1,0,0,1,0,0
77047,349.05,292.04,33.009,24.001,Eric Adams,1218,1003,0,0,0,0,0,0,0,0,1,0,0,0,0,0,1,0,1,0,1,0,1
77048,235.684,201.98,22.483,11.222,Eric Adams,1119,822,1,0,0,0,0,0,0,1,1,0,0,0,0,0,1,0,1,0,1,0,1
77049,318.867,286.315,18.18,14.371,Eric Adams,1162,988,0,0,0,0,0,0,0,1,0,0,0,0,0,0,1,0,1,0,1,0,1
77050,228.203,196.45,28.351,3.402,Eric Adams,1608,1197,0,0,0,0,0,0,0,1,1,0,0,0,1,0,1,1,0,0,1,0,0
77051,169.04,145.075,15.125,8.84,Eric Adams,861,659,0,0,0,0,0,0,0,0,1,0,0,0,1,0,0,1,0,0,1,0,0
77052,274.605,241.06,27.473,6.071,Eric Adams,1653,1175,0,0,0,0,0,0,0,1,1,0,0,0,0,0,1,1,0,0,1,0,0
77053,156.538,137.851,14.98,3.707,Eric Adams,1302,955,0,0,0,0,0,0,0,1,1,0,0,0,0,0,1,0,1,0,1,0,0
77054,3.474,3.291,0.138,0.046,Eric Adams,0,0,0,0,0,0,0,0,0,0,0,0,0,0,0,0,0,0,0,0,1,0,0
77055,0.97,0.847,0.084,0.039,Eric Adams,0,0,0,0,0,0,0,0,0,0,0,0,0,0,0,0,0,0,0,0,1,0,0
77056,119.336,108.506,9.581,1.25,Eric Adams,0,0,0,0,0,0,0,0,0,0,0,0,0,0,0,0,0,0,0,0,1,0,0
77057,5.302,4.745,0.451,0.106,Eric Adams,0,0,0,0,0,0,0,0,0,0,0,0,0,0,0,0,0,0,0,0,1,0,0
77058,0,0,0,0,Tie,0,0,0,0,0,0,0,0,0,0,0,0,0,0,0,0,0,0,0,0,0,0,0
77059,10.377,9.085,1.05,0.242,Eric Adams,0,0,0,0,0,0,0,0,0,0,0,0,0,0,0,0,0,0,0,0,1,0,0
78001,207.021,173.37,25.488,8.163,Eric Adams,1332,913,1,0,0,0,0,0,0,1,1,0,0,0,0,0,1,1,0,0,1,0,1
78002,254,220,23,11,Eric Adams,1426,1030,1,0,0,0,0,0,0,1,1,0,0,0,0,0,1,1,0,0,1,0,1
78003,207.979,168.63,31.512,7.837,Eric Adams,1359,1003,1,0,0,0,0,0,0,0,1,0,0,0,1,0,1,1,0,0,1,0,1
78004,151.677,131.186,15.243,5.248,Eric Adams,1257,884,1,0,0,0,0,0,0,0,1,0,0,0,1,0,1,1,0,0,1,0,0
78005,176.242,141.231,29.596,5.416,Eric Adams,983,673,1,0,0,0,0,0,0,0,1,0,0,0,1,0,1,1,1,0,1,0,0
78006,100.658,76.906,21.149,2.603,Eric Adams,922,700,1,0,0,0,0,0,0,0,1,0,0,0,1,0,1,1,1,0,1,0,0
78007,190,135,43,12,Eric Adams,1175,929,1,0,0,0,0,0,0,0,1,0,0,0,1,0,1,1,0,0,1,0,1
78008,75.903,39.822,26.766,9.315,Eric Adams,928,676,1,0,0,0,0,0,0,0,1,0,0,0,1,0,1,1,0,0,1,0,0
78009,116.095,77.769,29.614,8.711,Eric Adams,930,654,1,0,0,0,0,0,0,0,1,0,0,0,1,0,1,1,0,0,1,0,0
78010,176.094,156.527,14.632,4.935,Eric Adams,1362,980,0,0,0,0,0,0,0,1,1,0,0,0,1,0,1,1,0,0,1,0,1
78011,78.799,50.067,19.549,9.183,Eric Adams,697,558,0,0,1,0,0,0,1,0,0,0,0,0,1,0,1,1,0,0,1,0,1
78012,119.813,89.051,24.009,6.753,Eric Adams,1302,800,1,0,0,0,0,0,0,0,1,0,0,0,1,0,1,1,1,0,1,0,0
78013,154.62,126.263,21.83,6.527,Eric Adams,710,561,1,0,0,0,0,0,0,0,1,0,0,0,1,0,1,1,1,0,1,0,0
78014,167.823,137.673,23.697,6.454,Eric Adams,1142,840,1,0,0,0,0,0,0,0,1,0,0,0,1,0,1,1,0,0,1,0,0
78015,62.063,47.92,9.665,4.478,Eric Adams,289,192,1,0,0,0,0,0,0,1,1,0,0,0,1,0,1,1,0,0,1,0,0
78016,71.918,60.182,7.329,4.407,Eric Adams,919,641,1,0,0,0,0,0,0,0,1,0,0,0,1,0,1,1,0,0,1,0,1
78017,167.037,127.268,32.817,6.952,Eric Adams,1470,1034,1,0,0,0,0,0,0,0,1,0,0,0,1,0,1,1,0,0,1,0,1
78018,167.757,137.072,27.438,3.248,Eric Adams,1501,1064,1,0,0,0,0,0,0,0,1,0,0,0,1,0,0,1,0,0,1,0,0
78019,113.57,92.388,17.072,4.111,Eric Adams,1288,898,1,0,0,0,0,0,0,0,1,0,0,0,1,0,1,1,0,0,1,0,0
78020,171.053,137.296,24.017,9.741,Eric Adams,1292,956,1,0,0,0,0,0,0,0,1,0,0,0,1,0,1,1,0,0,1,0,0
78021,116.726,93.105,20.113,3.508,Eric Adams,1289,885,1,0,0,0,0,0,0,0,1,0,0,0,0,0,1,1,0,0,1,0,0
78022,144.782,107.455,28.9,8.428,Eric Adams,1430,1031,1,0,0,0,0,0,0,0,1,0,0,0,0,0,1,1,0,0,1,0,0
78023,167,120,36,11,Eric Adams,1358,1023,1,0,0,0,0,0,0,0,1,0,0,0,1,0,1,1,1,0,1,0,0
78024,55.235,43.728,9.666,1.841,Eric Adams,238,160,0,0,0,0,0,0,0,0,1,0,0,0,0,0,1,1,0,0,1,0,1
78025,277.578,198.682,63.033,15.863,Eric Adams,1015,856,1,0,0,0,0,0,0,0,1,0,0,0,1,0,1,0,1,0,1,0,1
78026,161.457,121.27,34.196,5.992,Eric Adams,1051,819,1,0,0,0,0,0,0,0,1,0,0,0,1,0,1,0,1,0,1,0,1
78027,212.365,151.043,51.153,10.169,Eric Adams,1360,1085,1,0,0,0,0,0,0,0,1,0,0,0,1,0,1,0,1,0,1,0,1
78028,266,187,67,12,Eric Adams,1777,1391,1,0,0,0,0,0,0,0,1,0,0,0,0,0,1,1,0,0,1,0,1
78029,74.501,52.246,17.922,4.333,Eric Adams,1011,796,1,0,0,0,0,0,0,0,1,0,0,0,0,0,1,1,0,0,1,0,0
78030,230.996,154.997,59.999,16,Eric Adams,1267,1041,1,0,0,0,0,0,0,0,1,0,0,0,0,0,1,1,0,0,1,0,1
78031,201.249,141.39,43.497,16.362,Eric Adams,795,594,1,0,0,0,0,0,0,0,1,0,0,0,0,0,1,1,0,0,1,0,0
78032,676.869,561.005,88.766,27.099,Eric Adams,1485,1318,0,0,0,0,0,0,0,1,0,0,0,0,0,1,0,0,0,0,1,0,0
78033,91.231,71.076,18.251,1.905,Eric Adams,1515,1055,1,0,0,0,0,0,0,0,1,0,0,0,1,0,1,1,1,0,1,0,0
78034,158.457,128.143,23.602,6.712,Eric Adams,1467,1058,1,0,0,0,0,0,0,0,1,0,0,0,0,0,1,1,0,0,1,0,0
78035,177.261,144.407,28.022,4.833,Eric Adams,1369,974,1,0,0,0,0,0,0,0,1,0,0,0,0,0,1,1,0,1,1,0,0
78036,93.684,73.52,16.147,4.017,Eric Adams,887,681,1,0,0,0,0,0,0,0,1,0,0,0,1,0,1,1,0,0,1,0,0
78037,231.935,194.918,29.978,7.039,Eric Adams,1583,1166,1,0,0,0,0,0,0,0,1,0,0,0,1,0,1,1,0,0,1,0,0
78038,102,83,15,4,Eric Adams,1175,801,1,0,0,0,0,0,0,0,1,0,0,0,1,0,1,1,0,0,1,0,1
78039,123.053,101.023,17.664,4.366,Eric Adams,1392,1023,1,0,0,0,0,0,0,0,1,0,0,0,0,0,1,1,0,0,1,0,0
78040,115.947,90.978,21.336,3.634,Eric Adams,1055,779,1,0,0,0,0,0,0,0,1,0,0,0,1,0,1,1,1,0,1,0,0
78041,119.568,97.14,17.654,4.774,Eric Adams,1370,960,1,0,0,0,0,0,0,0,1,0,0,0,0,0,1,1,0,1,1,0,0
78042,142.432,111.86,22.346,8.226,Eric Adams,1285,934,1,0,0,0,0,0,0,0,1,0,0,0,1,0,1,1,1,0,1,0,0
78043,213.479,164.118,43.725,5.637,Eric Adams,1568,1156,1,0,0,0,0,0,0,0,1,0,0,0,1,0,1,1,1,1,1,0,0
78044,223.285,178.733,39.112,5.44,Eric Adams,1570,1214,1,0,0,0,0,0,0,0,1,0,0,0,0,0,1,1,1,0,1,0,0
78045,168.255,117.367,44.582,6.306,Eric Adams,1136,900,1,0,0,0,0,0,0,0,1,0,0,0,0,0,1,1,0,0,1,0,0
78046,143.022,123.014,16.006,4.002,Eric Adams,1086,793,1,0,0,0,0,0,0,0,1,0,0,0,0,0,1,1,1,0,1,0,0
78047,147,114,26,7,Eric Adams,1374,993,1,0,0,0,0,0,0,0,1,0,0,0,0,0,1,1,1,0,1,0,0
78048,1,1,0,0,Eric Adams,10,8,0,0,0,0,0,0,0,1,0,0,0,0,0,0,0,0,0,1,1,0,0
78049,124.289,85.818,33.106,5.365,Eric Adams,1097,919,1,0,0,0,0,0,0,0,1,0,0,0,1,0,1,0,1,0,1,0,1
78050,0,0,0,0,Tie,1,0,0,0,0,0,0,0,0,0,0,0,0,0,0,0,0,0,1,1,0,0,0
78051,42.246,28.206,12.704,1.337,Eric Adams,0,0,0,0,0,0,0,0,0,0,0,0,0,0,0,0,0,0,0,0,1,0,0
78052,23.478,17.229,5.405,0.845,Eric Adams,0,0,0,0,0,0,0,0,0,0,0,0,0,0,0,0,0,0,0,0,1,0,0
78053,0.074,0.052,0.022,0,Eric Adams,0,0,0,0,0,0,0,0,0,0,0,0,0,0,0,0,0,0,0,0,1,0,0
79001,252.998,214.997,35.001,3,Eric Adams,1376,981,1,0,0,0,0,0,0,1,1,0,0,0,0,0,1,1,1,0,1,0,1
79002,62.502,50.692,9.194,2.616,Eric Adams,237,167,1,0,0,0,0,0,0,1,1,0,0,0,1,0,1,0,0,0,1,0,0
79003,148.497,126.156,18.341,4,Eric Adams,1195,868,1,0,0,0,0,0,0,0,1,0,0,0,1,0,1,1,1,0,1,0,1
79004,133.483,110.868,18.429,4.187,Eric Adams,987,696,1,0,0,0,0,0,0,0,1,0,0,0,1,0,1,1,0,0,1,0,0
79005,113.808,106.877,6.554,0.377,Eric Adams,982,673,1,0,0,0,0,0,0,0,1,0,0,0,1,0,1,1,0,0,1,0,1
79006,66.745,53.972,11.273,1.499,Eric Adams,769,538,1,0,0,0,0,0,0,0,1,0,0,0,1,0,1,1,0,0,1,0,1
79007,75.985,63.332,9.139,3.514,Eric Adams,988,595,1,0,0,0,0,0,0,0,1,0,0,0,1,0,1,1,0,0,1,0,0
79008,170.937,151.104,14.821,5.012,Eric Adams,973,686,1,0,0,0,0,0,0,1,1,0,0,0,0,0,0,1,0,0,1,0,1
79009,63.821,57.787,5.07,0.964,Eric Adams,465,350,0,0,0,0,0,0,0,1,1,0,0,0,0,0,1,1,0,0,1,0,1
79010,140.274,123.053,14.919,2.301,Eric Adams,1317,904,1,0,0,0,0,0,0,0,1,0,0,0,1,0,1,1,1,0,1,0,1
79011,198.022,184.349,12.638,1.034,Eric Adams,1495,983,1,0,0,0,0,0,0,0,1,0,0,0,1,0,1,1,1,0,1,0,1
79012,188.376,162.798,21.878,3.701,Eric Adams,1423,1089,0,0,0,0,0,0,0,1,1,0,0,0,1,0,1,1,0,0,1,0,1
79013,145,137,7,1,Eric Adams,1300,869,0,0,0,0,0,0,0,1,0,0,0,0,1,0,1,1,1,0,1,0,1
79014,170.61,157.227,9.702,3.681,Eric Adams,1393,959,1,0,0,0,0,0,0,0,1,0,0,0,1,0,1,1,1,0,1,0,1
79015,334.313,286.424,33.467,14.421,Eric Adams,1665,1186,0,0,0,0,0,0,0,1,1,0,0,0,1,0,1,0,0,0,1,0,0
79016,84.744,68.098,14.376,2.27,Eric Adams,727,528,1,0,0,0,0,0,0,1,1,0,0,0,1,0,1,0,0,0,1,0,0
79017,176.313,161.695,11.628,2.989,Eric Adams,1268,846,1,0,0,0,0,0,0,1,1,0,0,0,1,0,1,1,0,0,1,0,1
79018,149.13,137.386,9.059,2.685,Eric Adams,977,702,0,0,0,0,0,0,0,1,0,0,0,0,1,0,1,1,0,0,1,0,0
79019,66.011,58.292,7.719,0,Eric Adams,580,424,0,0,0,0,0,0,0,1,1,0,0,0,1,0,1,0,0,0,1,0,0
79020,153.465,133.526,17.452,2.488,Eric Adams,1312,926,0,0,0,0,0,0,0,1,1,0,0,0,1,0,1,0,0,0,1,0,0
79021,164.712,144.59,18.609,1.512,Eric Adams,889,662,0,0,0,0,0,0,0,0,1,0,0,0,1,0,1,0,0,0,1,0,0
79022,187.212,161.099,23.676,2.437,Eric Adams,1347,913,1,0,0,0,0,0,0,0,1,0,0,0,1,0,1,1,0,0,1,0,1
79023,188.599,168.532,18.282,1.785,Eric Adams,1512,1038,1,0,0,0,0,0,0,0,1,0,0,0,1,0,1,0,1,0,1,0,1
79024,147.634,128.381,16.804,2.45,Eric Adams,1062,743,1,0,0,0,0,0,0,1,1,0,0,0,1,0,1,0,1,0,1,0,0
79025,60.335,51.092,7.939,1.303,Eric Adams,788,509,1,0,0,0,0,0,0,0,1,0,0,0,1,0,1,0,1,0,1,0,0
79026,133.715,111.282,16.95,5.483,Eric Adams,764,555,1,0,0,0,0,0,0,1,1,0,0,0,0,0,1,0,0,0,1,0,0
79027,190.904,171.578,11.899,7.427,Eric Adams,1343,971,1,0,0,0,0,0,0,0,1,0,0,0,1,0,1,0,1,0,1,0,0
79028,179.836,150.925,22.642,6.269,Eric Adams,1673,1186,1,0,0,0,0,0,0,1,1,0,0,0,1,0,1,1,0,0,1,0,0
79029,234.965,195.938,34.969,4.058,Eric Adams,1527,1080,0,0,0,0,0,0,0,1,1,0,0,0,1,0,1,0,0,0,1,0,0
79030,134.534,123.478,9.044,2.013,Eric Adams,1033,735,1,0,0,0,0,0,0,1,0,0,0,0,1,0,1,0,0,0,1,0,0
79031,140.049,122.502,15.36,2.188,Eric Adams,1056,764,1,0,0,0,0,0,0,0,1,0,0,0,1,0,1,0,0,0,1,0,1
79032,261.209,207.969,44.868,8.373,Eric Adams,1537,1151,1,0,0,0,0,0,0,0,1,0,0,0,1,0,1,0,0,0,1,0,1
79033,95.933,82.445,12.34,1.149,Eric Adams,793,572,0,0,0,0,0,0,0,0,1,0,0,0,1,0,1,1,0,0,1,0,1
79034,223.919,200.197,18.357,5.364,Eric Adams,1484,1079,0,0,0,0,0,0,0,0,1,0,0,0,1,0,1,1,0,0,1,0,1
79035,214.952,190.197,18.437,6.318,Eric Adams,1517,1074,0,0,0,0,0,0,0,1,0,0,0,0,1,0,1,1,0,0,1,0,1
79036,90.122,75.609,12.266,2.247,Eric Adams,1137,810,0,0,0,0,0,0,0,0,1,0,0,0,1,0,1,1,0,0,1,0,1
79037,178.701,154.935,19.06,4.705,Eric Adams,1489,1056,1,0,0,0,0,0,0,0,1,0,0,0,1,0,1,0,1,0,1,0,1
79038,161.549,142.316,17.654,1.578,Eric Adams,1248,820,1,0,0,0,0,0,0,0,1,0,0,0,1,0,1,1,0,0,1,0,1
79039,145.697,124.325,18.435,2.936,Eric Adams,971,656,1,0,0,0,0,0,0,0,1,0,0,0,1,0,1,1,0,0,1,0,1
79040,315,273,37,5,Eric Adams,1545,1131,1,0,0,0,0,0,0,1,1,0,0,0,1,0,1,1,0,0,1,0,1
79041,156.24,132.642,17.783,5.815,Eric Adams,1071,810,0,0,0,0,0,0,0,1,1,0,0,0,1,0,0,1,0,0,1,0,1
79042,183.944,157.205,20.904,5.834,Eric Adams,1213,828,1,0,0,0,0,0,0,1,0,0,0,0,1,0,1,1,1,0,1,0,1
79043,163.69,140.709,16.253,6.728,Eric Adams,1631,1313,0,0,0,0,0,0,0,1,1,0,0,0,1,0,1,1,0,0,1,0,0
79044,148.295,126.722,15.489,6.084,Eric Adams,1116,785,1,0,0,0,0,0,0,1,1,0,0,0,1,0,1,1,0,0,1,0,0
79045,183.662,152.051,28.559,3.051,Eric Adams,1367,1018,0,0,0,0,0,0,0,1,0,0,0,0,1,0,1,1,0,0,1,0,0
79046,246.726,192.937,39.999,13.79,Eric Adams,1578,1160,1,0,0,0,0,0,0,0,1,0,0,0,1,0,1,1,0,0,1,0,0
79047,207.993,173.274,25.025,9.694,Eric Adams,1618,1152,1,0,0,0,0,0,0,0,1,0,0,0,1,0,1,1,0,0,1,0,0
79048,28.485,20.168,7.277,1.04,Eric Adams,246,180,1,0,0,0,0,0,0,0,1,0,0,0,1,0,1,0,0,0,1,0,1
79049,174.444,144.657,21.556,8.231,Eric Adams,1012,762,1,0,0,0,0,0,0,0,1,0,0,0,1,0,1,1,0,0,1,0,0
79050,201.111,168.274,26.593,6.245,Eric Adams,1534,1017,1,0,0,0,0,0,0,0,1,0,0,0,1,0,1,1,0,0,1,0,0
79051,197.859,161.981,27.097,8.781,Eric Adams,1621,1086,1,0,0,0,0,0,0,1,1,0,0,0,1,0,1,1,1,0,1,0,0
79052,223.662,186.082,29.046,8.534,Eric Adams,1482,978,1,0,0,0,0,0,0,0,1,0,0,0,1,0,1,1,1,0,1,0,0
79053,125.937,115.938,6.001,3.999,Eric Adams,1094,701,1,0,0,0,0,0,0,1,1,0,0,0,0,0,1,1,1,0,1,0,0
79054,448.556,404.986,35.251,8.319,Eric Adams,1145,942,0,0,0,0,0,0,0,1,0,0,0,0,0,0,1,0,1,0,1,0,0
79055,543.865,482.84,51.102,9.923,Eric Adams,1317,1144,0,0,0,0,0,0,0,1,0,0,0,0,0,0,1,0,1,0,1,0,0
79056,244.135,218.16,20.898,5.077,Eric Adams,1027,725,0,0,0,0,0,0,0,1,0,0,0,0,0,0,1,1,1,0,1,0,0
79057,65.38,56.895,6.488,1.996,Eric Adams,685,446,1,0,0,0,0,0,0,0,1,0,0,0,1,0,1,0,1,0,1,0,0
80001,96.565,71.227,20.08,5.258,Eric Adams,831,630,1,0,0,0,0,0,0,0,1,0,0,0,0,0,1,1,0,0,1,0,0
80002,128.658,95.365,25.776,7.517,Eric Adams,1085,783,1,0,0,0,0,0,0,0,1,0,0,0,0,0,1,1,0,0,1,0,0
80003,97.066,76.925,16.875,3.266,Eric Adams,736,586,1,0,0,0,0,0,0,0,1,0,0,0,1,0,1,0,0,0,1,0,1
80004,239.671,82.668,147.778,9.225,Curtis Sliwa,773,624,0,0,1,0,0,1,1,0,0,0,0,0,0,1,0,0,1,1,0,1,1
80005,117.626,87.596,26.263,3.766,Eric Adams,1343,984,1,0,0,1,0,0,0,0,1,0,0,0,0,0,1,1,0,0,1,0,1
80006,270.007,129.872,129.997,10.138,Curtis Sliwa,1561,1180,1,0,0,1,0,0,0,0,1,0,0,0,0,0,1,1,0,1,0,1,1
80007,215.31,117.593,88.505,9.212,Eric Adams,1203,918,0,0,0,0,0,0,0,0,0,0,0,0,0,1,0,0,1,0,1,0,0
80008,190.307,124.513,54.2,11.594,Eric Adams,1455,1113,1,0,0,1,0,0,0,0,1,0,0,0,1,0,1,1,0,0,1,0,1
80009,233.055,151.69,70.495,10.869,Eric Adams,1121,864,1,0,0,0,0,0,0,0,1,0,0,0,0,0,1,1,0,0,1,0,1
80010,175.924,74.366,90.444,11.114,Curtis Sliwa,994,795,0,0,0,0,0,1,0,0,1,0,0,0,0,0,1,0,1,1,0,1,1
80011,355.865,232.037,108.244,15.583,Eric Adams,1123,886,0,0,0,0,0,0,0,0,1,0,0,0,0,0,1,0,1,0,1,0,1
80012,187.676,136.753,43.132,7.791,Eric Adams,1460,1138,1,0,0,0,0,0,0,0,1,0,0,0,0,0,1,1,0,0,1,0,1
80013,291.345,200.832,78.11,12.402,Eric Adams,1471,1150,1,0,0,0,0,0,0,0,1,0,0,0,0,0,1,0,1,0,1,0,1
80014,161.065,120.249,32.678,8.137,Eric Adams,1044,855,0,0,0,0,0,0,0,0,1,0,0,0,0,0,1,1,0,0,1,0,1
80015,251.423,181.854,59.89,9.68,Eric Adams,1304,1080,1,0,0,0,0,0,0,0,1,0,0,0,0,0,1,1,0,0,1,0,1
80016,201.815,146.782,46.15,8.884,Eric Adams,1155,947,1,0,0,0,0,0,0,0,1,0,0,0,0,0,1,1,0,0,1,0,0
80017,309.391,218.688,74.482,16.221,Eric Adams,1452,1174,1,0,0,0,0,0,0,0,1,0,0,0,0,0,1,1,0,0,1,0,1
80018,291.761,160.759,122.187,8.815,Eric Adams,1081,870,0,0,0,0,0,0,0,0,1,0,0,0,0,0,1,0,1,1,1,0,1
80019,218.125,94.636,121.337,2.151,Curtis Sliwa,947,730,0,0,1,0,0,1,1,0,0,0,0,0,0,1,0,0,0,1,0,1,0
80020,408.719,148.23,247.79,12.699,Curtis Sliwa,1426,1195,0,0,1,0,0,1,1,0,0,0,0,0,0,1,0,0,1,1,0,1,0
80021,205.837,120.693,72.959,12.186,Eric Adams,1232,1026,0,0,0,0,0,0,1,0,0,0,1,0,0,0,1,1,0,0,1,0,1
80022,155.241,89.976,63.226,2.039,Eric Adams,796,641,0,0,0,0,0,0,0,0,0,0,0,1,0,1,0,0,1,0,1,0,0
80023,372.689,175.195,189.608,7.886,Curtis Sliwa,1504,1197,0,0,0,0,0,1,0,0,0,0,0,1,0,1,0,0,1,1,0,1,1
80024,209.198,123.598,79.874,5.726,Eric Adams,998,826,0,0,1,0,0,0,0,0,0,0,0,1,0,1,0,0,1,0,1,0,0
80025,160,111,41,8,Eric Adams,554,484,0,0,0,0,0,0,0,1,0,0,0,0,0,0,1,0,1,0,1,0,0
80026,284.44,188.59,88.037,7.813,Eric Adams,1452,1158,0,0,0,0,0,0,0,1,1,0,0,0,0,1,0,0,1,0,1,0,0
80027,68.967,55.824,13.143,0,Eric Adams,420,338,0,0,0,0,0,0,0,1,0,0,0,0,0,0,1,0,0,0,1,0,0
80028,38.123,26.09,8.028,4.004,Eric Adams,279,202,1,0,0,0,0,0,0,0,1,0,0,0,0,0,1,1,0,0,1,0,1
80029,282.15,210.963,60.213,10.973,Eric Adams,1385,1108,0,0,0,0,0,0,0,0,1,0,0,0,0,0,1,1,0,0,1,0,0
80030,265.204,202.258,53.83,9.116,Eric Adams,1421,1099,0,0,0,0,0,0,0,1,0,0,0,0,0,0,1,1,1,0,1,0,0
80031,182.108,150.413,26.932,4.763,Eric Adams,1344,1050,0,0,0,0,0,0,0,1,1,0,0,0,0,0,1,1,1,0,1,0,0
80032,53.126,39.638,11.353,2.135,Eric Adams,855,618,1,0,0,0,0,0,0,0,1,0,0,0,0,0,1,1,0,0,1,0,1
80033,97.212,34.733,60.341,2.138,Curtis Sliwa,424,327,0,0,0,0,0,1,1,0,1,0,0,0,0,0,1,0,1,0,0,1,0
80034,236.788,198.299,34.896,3.593,Eric Adams,1463,1084,0,0,0,0,0,0,0,1,1,0,0,0,0,0,1,1,0,0,1,0,1
80035,253.567,212.914,34.872,5.781,Eric Adams,1568,1220,1,0,0,0,0,0,0,1,1,0,0,0,0,1,0,0,1,0,1,0,1
80036,131.778,110.074,16.788,4.916,Eric Adams,736,547,0,0,0,0,0,0,0,1,0,0,0,0,0,0,1,0,1,0,1,0,1
80037,161.356,136.144,22.004,3.208,Eric Adams,1325,960,0,0,0,0,0,0,0,1,1,0,0,0,1,0,1,1,0,0,1,0,1
80038,146.464,124.262,19.556,2.646,Eric Adams,1368,959,0,0,0,0,0,0,0,1,1,0,0,0,1,0,1,1,0,0,1,0,1
80039,173.259,142.385,26.922,3.953,Eric Adams,901,688,1,0,0,0,0,0,0,0,1,0,0,0,1,0,1,0,0,0,1,0,0
80040,130.424,95.964,29.919,4.54,Eric Adams,1441,1052,1,0,0,1,0,0,0,0,1,0,0,0,0,0,1,1,0,0,1,0,1
80041,229.921,98.707,123.673,7.54,Curtis Sliwa,1665,1335,0,0,0,0,0,0,1,0,0,0,0,0,0,1,0,0,1,1,0,1,1
80042,247.26,128.837,106.274,12.149,Eric Adams,1286,1041,0,0,0,0,0,0,0,0,1,0,0,0,0,1,0,1,1,0,1,0,0
80043,207.492,126.41,65.722,15.359,Eric Adams,1150,856,0,0,0,0,0,0,0,0,0,0,0,0,0,0,1,0,1,0,1,0,0
80044,173.695,141.566,26.404,5.725,Eric Adams,1185,875,1,0,0,0,0,0,0,0,1,0,0,0,1,0,1,1,1,0,1,0,0
80045,148.413,102.571,37.66,8.183,Eric Adams,1409,1006,1,0,0,0,0,0,0,0,0,0,0,0,0,0,1,1,0,0,1,0,1
80046,120.815,91.86,20.968,7.988,Eric Adams,827,631,1,0,0,0,0,0,0,0,1,0,0,0,0,0,1,1,0,0,1,0,0
80047,232.867,155.575,66.393,10.9,Eric Adams,1079,795,0,0,0,0,0,0,0,0,1,0,0,0,0,0,1,1,0,1,1,0,1
80048,204.24,133.982,63.047,7.211,Eric Adams,994,782,0,0,0,0,0,0,0,0,0,0,0,0,0,0,1,1,1,1,1,0,1
80049,152.114,106.258,41.394,4.462,Eric Adams,927,760,1,0,0,0,0,0,0,0,1,0,0,0,0,0,1,0,1,0,1,0,1
80050,129.253,100.039,23.765,5.449,Eric Adams,1203,876,0,0,0,0,0,0,0,1,1,0,0,0,0,0,1,1,1,0,1,0,1
80051,161,127,26,8,Eric Adams,1105,833,1,0,0,0,0,0,0,0,1,0,0,0,0,0,1,0,1,0,1,0,1
80052,19.862,13.906,5.957,0,Eric Adams,97,86,1,0,0,0,1,0,1,0,0,0,0,0,1,0,1,1,0,0,1,0,1
80053,167.911,121.776,37.772,8.363,Eric Adams,1251,931,1,0,0,0,0,0,0,0,1,0,0,0,0,0,1,1,0,0,1,0,1
80054,565,532,28,5,Eric Adams,1708,1422,0,0,0,0,0,0,0,1,0,0,0,0,0,0,1,0,1,0,1,0,1
80055,149.955,109.468,32.538,7.949,Eric Adams,1220,942,1,0,0,0,0,0,0,0,1,0,0,0,1,0,1,1,0,0,1,0,1
80056,194.657,148.634,35.651,10.373,Eric Adams,1417,1076,0,0,0,1,0,0,0,0,1,0,0,0,0,0,1,1,0,0,1,0,1
80057,183.686,129.185,49.415,5.086,Eric Adams,1548,1219,1,0,0,1,0,0,0,0,1,0,0,0,1,0,1,0,0,0,1,0,0
80058,100.801,88.278,9.58,2.943,Eric Adams,0,0,0,0,0,0,0,0,0,0,0,0,0,0,0,0,0,0,0,0,1,0,0
80059,6.648,5.829,0.626,0.193,Eric Adams,0,0,0,0,0,0,0,0,0,0,0,0,0,0,0,0,0,0,0,0,1,0,0
80060,22.923,17.414,4.415,1.094,Eric Adams,0,0,0,0,0,0,0,0,0,0,0,0,0,0,0,0,0,0,0,1,1,0,0
80061,0,0,0,0,Eric Adams,0,0,0,0,0,0,0,0,0,0,0,0,0,0,0,0,0,0,0,1,1,0,0
81001,170.761,120.809,41.816,8.136,Eric Adams,1187,890,1,0,0,0,0,0,0,0,1,0,0,0,0,0,1,1,1,0,1,0,0
81002,244.9,184.671,52.576,7.654,Eric Adams,1373,1046,1,0,0,0,0,0,0,0,1,0,0,0,0,0,1,1,1,0,1,0,0
81003,113.262,68.939,38.456,5.866,Eric Adams,975,708,1,0,0,0,0,0,0,0,1,0,0,0,0,0,1,1,1,1,1,0,0
81004,102.91,81.387,19.077,2.445,Eric Adams,863,604,1,0,0,0,0,0,0,0,1,0,0,0,1,0,1,0,0,0,1,0,0
81005,170.831,112.611,47.88,10.34,Eric Adams,909,699,1,0,0,0,0,0,0,0,1,0,0,0,0,0,1,1,0,0,1,0,0
81006,243.228,177.821,53.813,11.594,Eric Adams,1405,1042,1,0,0,0,0,0,0,0,1,0,0,0,0,0,1,1,0,0,1,0,0
81007,182.757,133.073,37.533,12.151,Eric Adams,913,730,1,0,0,0,0,0,0,0,1,0,0,0,0,0,1,0,1,0,1,0,0
81008,202.995,143.151,39.783,20.061,Eric Adams,1090,879,1,0,0,0,0,0,0,0,1,0,0,0,0,0,1,0,1,0,1,0,0
81009,312.273,231.589,67.579,13.106,Eric Adams,931,766,1,0,0,0,0,0,0,0,1,0,0,0,0,0,1,0,1,0,1,0,0
81010,227.686,150.411,65.176,12.099,Eric Adams,1343,1117,1,0,0,0,0,0,0,0,1,0,0,0,0,0,1,0,1,0,1,0,1
81011,256.905,170.159,72.638,14.108,Eric Adams,1821,1441,1,0,0,0,0,0,0,0,1,0,0,0,0,0,1,1,0,0,1,0,0
81012,275.334,184.372,68.441,22.521,Eric Adams,1458,1207,1,0,1,0,0,0,0,0,1,0,1,0,0,0,1,0,1,0,1,0,1
81013,25.662,15.862,8.244,1.556,Eric Adams,180,131,1,0,0,0,0,0,0,0,1,0,0,0,0,0,1,0,1,0,1,0,1
81014,356.798,203.683,135.555,17.56,Eric Adams,1409,1296,0,1,1,0,0,0,1,0,0,0,1,1,0,1,0,0,1,0,1,0,1
81015,651.74,496.582,126.008,29.15,Eric Adams,1115,1042,0,1,0,0,0,0,1,0,0,0,1,1,0,1,0,0,1,0,1,0,0
81016,332.856,229.031,90.202,13.623,Eric Adams,836,738,0,1,0,0,0,0,1,0,0,0,1,1,0,1,0,0,1,0,1,0,1
81017,416.226,281.38,112.455,22.391,Eric Adams,1461,1264,0,0,0,0,0,0,1,0,0,0,0,0,0,1,0,0,1,0,1,0,0
81018,168.234,140.271,22.028,5.935,Eric Adams,1119,861,0,0,0,0,0,0,0,1,1,0,0,0,0,0,1,0,1,0,1,0,1
81019,513.63,385.38,101.649,26.601,Eric Adams,1365,1231,0,1,1,0,0,0,1,0,0,0,1,0,0,1,0,0,1,0,1,0,0
81020,278.892,212.225,54.03,12.637,Eric Adams,1006,905,0,1,0,0,0,0,1,0,0,0,1,0,0,1,0,0,1,0,1,0,0
81021,323.758,234.39,61.442,27.927,Eric Adams,1225,1112,0,1,0,0,0,0,1,0,0,0,0,0,0,1,0,0,1,0,1,0,0
81022,452.051,328.345,99.098,24.608,Eric Adams,1381,1183,0,1,0,0,0,0,1,0,0,0,1,0,0,1,0,0,1,0,1,0,0
81023,281.304,200.281,67.278,13.745,Eric Adams,1123,995,0,0,1,0,0,0,1,0,0,0,1,0,0,1,0,1,1,0,1,0,1
81024,152.649,124.024,24.375,4.25,Eric Adams,1092,806,0,0,0,0,0,0,0,1,0,0,0,0,0,0,1,0,1,0,1,0,1
81025,259.206,179.989,74.684,4.533,Eric Adams,984,865,0,1,0,0,0,0,1,0,0,0,1,0,0,1,0,1,1,0,1,0,1
81026,42.721,30.675,9.361,2.684,Eric Adams,1268,1089,0,0,1,0,0,0,0,0,1,0,1,0,0,0,1,1,0,0,1,0,1
81027,556.261,396.428,136.62,23.212,Eric Adams,1524,1363,0,1,1,0,0,0,1,0,0,0,1,0,0,1,0,0,1,0,1,0,1
81028,602.818,437.235,144.09,21.492,Eric Adams,1532,1402,0,1,0,0,0,0,1,0,0,0,1,0,0,1,0,0,1,0,1,0,1
81029,662.055,486.675,149.784,25.596,Eric Adams,1516,1400,0,1,0,0,0,0,1,0,0,0,1,1,0,0,1,0,1,0,1,0,0
81030,346.223,253.003,82.502,10.717,Eric Adams,1324,1196,0,1,0,0,0,0,1,0,0,0,1,0,0,0,1,0,1,0,1,0,0
81031,481.086,360.972,100.919,19.195,Eric Adams,1666,1518,0,1,0,0,0,0,1,0,0,0,1,0,0,0,1,0,1,0,1,0,0
81032,453.646,314.318,113.683,25.646,Eric Adams,1149,1017,0,1,0,0,0,0,1,0,0,0,1,0,0,0,1,0,1,0,1,0,0
81033,664.287,477.15,155.784,31.353,Eric Adams,965,862,0,1,1,0,0,0,1,0,0,0,1,1,0,0,1,1,0,0,1,0,0
81034,544.692,420.359,102.728,21.605,Eric Adams,1171,1062,0,0,0,0,0,0,1,0,0,0,1,0,0,1,0,0,1,0,1,0,0
81035,316.166,204.784,91.927,19.456,Eric Adams,1183,1062,0,0,1,0,0,0,1,0,0,0,1,0,0,1,0,0,1,0,1,0,0
81036,253.663,157.501,81.032,15.13,Eric Adams,890,790,0,0,1,0,0,0,1,0,0,0,1,0,0,1,0,0,1,0,1,0,0
81037,158.754,92.137,59.535,7.081,Eric Adams,1477,1278,0,0,1,0,0,0,0,0,1,0,0,0,0,1,0,0,1,0,1,0,1
81038,211.166,117.921,83.3,9.944,Eric Adams,1050,914,0,0,1,0,0,0,1,0,0,0,1,1,0,1,0,0,1,0,1,0,1
81039,265.713,157.466,95.542,12.705,Eric Adams,1228,1077,0,0,1,0,0,0,1,0,0,0,0,0,0,1,0,0,1,0,1,0,1
81040,222.023,137.082,73.393,11.548,Eric Adams,1061,925,0,0,1,0,0,0,1,0,0,0,1,1,0,1,0,0,1,0,1,0,1
81041,315,104,192,19,Curtis Sliwa,1107,952,0,0,1,0,0,1,1,0,0,0,0,0,0,1,0,1,1,1,0,1,0
81042,196.658,66.909,114.214,15.534,Curtis Sliwa,1118,953,0,0,1,0,0,1,1,0,0,0,1,0,0,0,1,0,0,1,0,1,0
81043,403.629,139.826,234.297,29.505,Curtis Sliwa,1421,1174,0,0,1,0,0,1,1,0,0,0,0,0,0,1,0,1,1,1,0,1,0
81044,348.614,294.984,46.496,7.133,Eric Adams,1554,1220,0,0,0,0,0,0,0,1,0,0,0,1,0,0,1,0,1,0,1,0,1
81045,309.966,177.332,111.357,21.277,Eric Adams,1226,998,0,0,1,0,0,0,1,0,0,0,1,0,0,0,1,0,0,0,1,0,1
81046,475.663,307.7,137.69,30.273,Eric Adams,527,462,0,0,0,0,0,0,0,0,1,0,0,0,0,1,0,0,1,0,1,0,1
81047,387.514,246.111,126.686,14.717,Eric Adams,1537,1163,1,0,0,0,0,0,0,0,1,0,0,0,1,0,1,1,0,0,1,0,1
81048,118.074,92.228,21.315,4.532,Eric Adams,1630,1294,0,0,0,1,0,0,0,0,1,0,0,0,0,0,1,1,0,0,1,0,0
81049,255.625,192.951,53.834,8.84,Eric Adams,1325,1008,1,0,0,0,0,0,0,0,1,0,0,0,0,0,1,1,0,0,1,0,0
81050,198.915,137.823,53.078,8.014,Eric Adams,1165,925,1,0,0,0,0,0,0,0,1,0,0,0,1,0,1,1,0,0,1,0,0
81051,357.551,277.697,63.837,16.017,Eric Adams,1282,1005,1,0,0,0,0,0,0,0,1,0,0,0,0,0,1,1,0,0,1,0,0
81052,124.498,105.028,16.649,2.822,Eric Adams,1024,821,0,0,0,0,0,0,0,1,0,0,0,0,0,0,1,0,1,0,1,0,1
81053,339.515,202.491,116.126,20.898,Eric Adams,1393,1157,1,0,0,0,0,0,0,0,1,0,0,0,0,0,1,0,1,0,1,0,0
81054,415.786,279.632,115.959,20.195,Eric Adams,1236,1083,0,0,0,0,0,0,0,0,0,0,0,0,0,1,0,0,1,0,1,0,0
81055,156,142,11,3,Eric Adams,1058,789,0,0,0,0,0,0,0,1,1,0,0,0,1,0,1,0,0,0,1,0,1
81056,436.805,300.257,112.842,23.707,Eric Adams,1541,1322,1,0,0,0,0,0,0,0,1,0,0,0,0,0,1,0,1,0,1,0,1
81057,189.334,172.971,13.047,3.315,Eric Adams,1114,843,0,0,0,0,0,0,0,1,0,0,0,1,0,0,1,0,1,0,1,0,1
81058,212.671,177.721,26.404,8.546,Eric Adams,987,773,0,0,0,0,0,0,0,1,0,0,0,1,0,0,1,0,1,0,1,0,0
81059,48.271,32.241,12.608,3.422,Eric Adams,0,0,0,0,0,0,0,0,0,0,0,0,0,0,0,0,0,0,0,0,1,0,0
81061,71.834,51.72,15.644,4.47,Eric Adams,0,0,0,0,0,0,0,0,0,0,0,0,0,0,0,0,0,0,0,0,1,0,0
81062,0.164,0.147,0.013,0.005,Eric Adams,0,0,0,0,0,0,0,0,0,0,0,0,0,0,0,0,0,0,0,0,1,0,0
82001,737.317,165.071,542.789,29.457,Curtis Sliwa,1350,1157,0,0,1,0,0,1,1,0,0,0,0,0,0,1,0,1,0,1,0,1,0
82002,93.167,17.702,73.602,1.863,Curtis Sliwa,573,475,0,0,1,0,0,1,1,0,0,0,0,0,0,1,0,1,0,1,0,1,0
82003,281.788,102.077,172.707,7.005,Curtis Sliwa,1266,1020,0,0,1,0,0,1,0,0,1,0,0,0,0,1,0,1,0,1,0,1,0
82004,313.697,119.265,184.956,9.475,Curtis Sliwa,1286,1014,1,0,1,0,0,1,0,0,1,0,0,0,0,1,0,0,1,1,0,1,0
82005,362.664,92.431,257.897,12.336,Curtis Sliwa,1039,833,1,0,1,0,0,0,0,0,0,0,0,0,0,1,0,1,1,1,0,1,0
82006,518.389,127.468,374.736,16.186,Curtis Sliwa,1084,951,0,0,1,0,0,1,1,0,0,0,0,0,0,1,0,1,1,1,0,1,0
82007,269.539,114.049,148.661,6.829,Curtis Sliwa,1200,946,1,0,1,0,0,1,1,0,1,0,0,0,0,0,1,1,1,1,0,1,0
82008,293.384,85.375,197.258,10.751,Curtis Sliwa,1217,957,1,0,1,0,0,1,0,0,0,0,0,0,0,1,0,0,1,1,0,1,0
82009,238.057,110.484,118.944,8.629,Curtis Sliwa,1209,990,1,0,1,0,0,0,0,0,1,0,0,0,0,1,0,0,1,1,0,1,0
82010,441.488,233.383,191.052,17.053,Eric Adams,1477,1183,1,0,0,0,0,0,0,0,1,0,0,0,0,1,0,0,1,0,1,0,1
82011,188.696,84.474,91.852,12.369,Curtis Sliwa,1324,987,1,0,0,0,0,0,0,0,1,0,0,0,1,0,1,1,1,0,0,1,0
82012,124.872,100.754,21.409,2.709,Eric Adams,973,638,1,0,1,0,0,0,0,0,1,0,0,0,1,0,1,1,1,0,1,0,0
82013,108.128,84.246,18.591,5.291,Eric Adams,952,626,1,0,0,0,0,0,0,1,1,0,0,0,1,0,1,1,1,0,1,0,0
82014,185.88,155.098,23.403,7.38,Eric Adams,822,603,1,0,0,0,0,0,0,0,1,0,0,0,1,0,1,1,1,0,1,0,1
82015,292.206,119.609,158.83,13.767,Curtis Sliwa,1377,1090,1,0,1,0,0,0,0,0,1,0,0,0,0,0,1,0,0,1,0,1,0
82016,166.243,81.689,76.853,7.701,Eric Adams,1337,1089,1,0,0,0,0,0,0,0,1,0,0,0,0,0,1,0,0,1,1,0,0
82017,172.989,76.64,87.522,8.827,Curtis Sliwa,139,107,1,0,0,0,0,1,0,1,1,0,0,0,1,0,1,1,1,0,0,1,1
82018,129.631,28.277,97.308,4.046,Curtis Sliwa,1321,1070,0,0,1,0,0,1,1,0,0,0,0,0,0,1,0,1,1,1,0,1,0
82019,428.583,84.58,330.257,13.745,Curtis Sliwa,1458,1159,0,0,1,0,0,1,1,0,0,0,0,0,0,1,0,1,1,1,0,1,0
82020,400.635,72.514,311.216,16.904,Curtis Sliwa,1601,1339,0,0,1,0,0,1,1,0,0,0,0,1,0,1,0,0,0,1,0,1,0
82021,191.281,38.688,145.067,7.527,Curtis Sliwa,1098,890,0,0,1,0,0,1,1,0,0,0,0,0,0,1,0,0,0,1,0,1,0
82022,361.034,85.828,258.582,16.624,Curtis Sliwa,900,747,0,0,1,0,0,1,1,0,0,0,0,0,0,1,0,0,1,1,0,1,0
82023,202.467,45.39,148.878,8.199,Curtis Sliwa,953,767,0,0,1,0,0,1,1,0,0,0,0,1,0,1,0,0,0,1,0,1,1
82024,210.207,68.698,138.131,3.377,Curtis Sliwa,838,665,0,0,1,0,0,1,1,0,0,0,0,0,0,0,1,1,0,1,0,1,0
82025,214.247,109.352,97.393,7.502,Eric Adams,1436,1193,1,0,0,0,0,0,0,0,1,0,0,0,0,0,1,0,0,0,1,0,1
82026,174.079,80.729,81.69,11.659,Curtis Sliwa,1085,874,1,0,1,0,0,0,0,0,1,0,0,0,0,0,1,0,0,1,0,1,1
82027,294.151,119.093,156.688,18.369,Curtis Sliwa,1011,805,0,0,1,0,0,1,1,0,0,0,0,0,0,0,1,0,0,1,0,1,1
82028,275.329,116.09,145.432,13.806,Curtis Sliwa,1541,1265,1,0,1,0,0,0,0,0,1,0,0,0,0,0,1,0,1,0,0,1,1
82029,292.548,165.13,114.752,12.666,Eric Adams,1331,1122,1,0,1,0,0,0,0,0,1,0,0,0,0,0,1,0,1,0,1,0,0
82030,319.635,173.797,123.444,22.394,Eric Adams,1260,1038,1,0,1,0,0,0,0,0,1,0,0,0,0,0,1,0,1,0,1,0,0
82031,280.039,103.534,159.565,16.939,Curtis Sliwa,1186,933,1,0,1,0,0,1,0,0,1,0,0,0,0,0,1,1,0,1,0,1,1
82032,273.283,99.503,160.187,13.592,Curtis Sliwa,1647,1272,0,0,1,0,0,1,1,0,1,0,0,0,0,0,1,1,0,1,0,1,1
82033,164.448,62.942,93.599,7.907,Curtis Sliwa,1181,941,1,0,1,0,0,1,1,0,1,0,0,0,0,0,1,1,0,1,0,1,0
82034,301.364,120.727,165.173,15.465,Curtis Sliwa,1045,797,1,0,0,0,0,0,0,0,1,0,0,0,0,1,0,0,1,0,0,1,1
82035,292.608,184.772,93.955,13.881,Eric Adams,481,355,1,0,0,1,0,0,1,0,1,0,0,0,0,0,1,1,1,0,1,0,1
82036,91.303,65.877,22.444,2.982,Eric Adams,1210,987,0,0,0,1,0,0,0,0,0,1,0,0,0,0,1,1,0,0,1,0,1
82037,22.134,18.435,3.696,0.003,Eric Adams,99,56,0,0,0,0,0,0,0,1,0,0,0,0,1,0,1,0,1,0,1,0,1
82038,259.938,119.926,133.477,6.535,Curtis Sliwa,1505,1214,0,0,0,0,0,1,1,0,1,0,0,0,0,0,1,1,0,1,0,1,1
82039,230.228,86.275,136.263,7.69,Curtis Sliwa,1178,955,0,0,1,0,0,1,1,0,0,0,0,0,0,1,0,0,1,1,0,1,1
82040,185.824,118.601,59.592,7.631,Eric Adams,1200,919,1,0,0,1,0,0,0,0,1,0,0,0,0,0,1,1,0,0,1,0,0
82041,577.372,263.01,293.094,21.269,Curtis Sliwa,1508,1355,0,0,1,0,0,1,1,0,0,0,0,0,0,1,0,0,1,1,0,1,0
82042,589.29,258.377,302.245,28.668,Curtis Sliwa,1462,1292,0,0,1,0,0,1,1,0,0,0,0,0,0,1,0,0,1,1,0,1,0
82043,203.478,80.833,113.96,8.684,Curtis Sliwa,861,689,0,0,1,0,0,1,1,0,0,0,0,0,0,1,0,1,1,1,0,1,0
82044,232.498,108.099,123.541,0.858,Curtis Sliwa,886,708,0,0,0,0,0,1,0,0,1,0,0,0,0,0,1,1,0,1,0,1,0
82045,307.873,259.147,31.803,16.923,Eric Adams,1120,928,0,0,0,0,0,0,0,0,1,0,0,0,1,0,1,0,1,0,1,0,0
82046,159.229,137.348,17.014,4.867,Eric Adams,1364,1158,0,0,0,0,0,0,0,1,0,0,0,0,0,0,1,0,1,0,1,0,1
82047,540.31,482.951,46.675,10.684,Eric Adams,1039,878,0,0,0,0,0,0,0,1,0,0,0,0,0,0,1,0,1,0,1,0,0
82048,236.106,214.008,17.084,5.013,Eric Adams,1533,1290,0,0,0,0,0,0,0,1,0,0,0,0,0,0,1,0,1,0,1,0,1
82049,330.812,287.684,35.638,7.49,Eric Adams,1308,1101,0,0,0,0,0,0,0,1,0,0,0,0,0,0,1,0,1,0,1,0,1
82050,161.606,142.389,17.695,1.522,Eric Adams,1072,931,0,0,0,0,0,0,0,1,0,0,0,0,0,0,1,0,1,0,1,0,1
82051,283.743,250.479,25.193,8.071,Eric Adams,1130,957,0,0,0,0,0,0,0,1,0,0,0,0,0,0,1,0,1,0,1,0,1
82052,422.122,369.051,42.4,10.672,Eric Adams,1399,1200,0,0,0,0,0,0,0,1,0,0,0,0,1,0,1,0,1,0,1,0,0
82053,69.502,26.808,38.722,3.972,Curtis Sliwa,482,359,0,0,0,0,0,1,0,0,1,0,0,0,0,1,0,1,0,1,0,1,1
82054,970.962,857.466,95.385,18.112,Eric Adams,1575,1346,0,0,0,0,0,0,0,1,1,0,0,0,0,0,1,0,1,0,1,0,1
82055,376.669,323.753,43.935,8.98,Eric Adams,1495,1266,0,0,0,0,0,0,0,1,0,0,0,0,0,0,1,0,1,0,1,0,0
82056,371.696,336.392,30.364,4.94,Eric Adams,1271,1063,0,0,0,0,0,0,0,1,0,0,0,0,0,0,1,0,1,0,1,0,0
82057,514.927,464.034,40.412,10.481,Eric Adams,1548,1308,0,0,0,0,0,0,0,1,0,0,0,0,0,0,1,0,1,0,1,0,0
82058,290.457,252.932,34.933,2.592,Eric Adams,1403,1231,0,0,0,0,0,0,0,1,0,0,0,0,0,1,0,0,1,0,1,0,0
82059,545.207,483.509,53.514,8.184,Eric Adams,1549,1299,0,0,0,0,0,0,0,1,0,0,0,0,0,1,0,0,1,0,1,0,0
82060,722.224,632.56,79.525,10.139,Eric Adams,1412,1199,0,0,0,0,0,0,0,1,0,0,0,0,0,1,0,0,1,0,1,0,0
82061,470.635,411.886,50.016,8.733,Eric Adams,1430,1211,0,0,0,0,0,0,0,1,0,0,0,0,0,0,1,1,1,0,1,0,0
82062,174.907,156.595,14.857,3.455,Eric Adams,1306,1089,0,0,0,0,0,0,0,0,1,0,0,0,0,0,1,0,1,0,1,0,1
82063,463.865,404.749,45.679,13.436,Eric Adams,1448,1235,0,0,0,0,0,0,0,1,0,0,0,0,0,0,1,0,1,0,1,0,0
82064,540.294,463.126,66.193,10.975,Eric Adams,1552,1331,0,0,0,0,0,0,0,1,0,0,0,0,1,0,1,0,1,0,1,0,0
82065,0,0,0,0,Tie,0,0,0,0,0,0,0,0,0,0,0,0,0,0,0,0,0,0,0,0,0,0,0
82066,12.16,10.772,1.184,0.204,Eric Adams,0,0,0,0,0,0,0,0,0,0,0,0,0,0,0,0,0,0,0,0,1,0,0
82067,0,0,0,0,Tie,0,0,0,0,0,0,0,0,0,0,0,0,0,0,0,0,0,0,0,0,0,0,0
82068,0,0,0,0,Tie,0,0,0,0,0,0,0,0,0,0,0,0,0,0,0,0,0,0,0,0,0,0,0
82069,0.283,0.109,0.157,0.016,Curtis Sliwa,0,0,0,0,0,0,0,0,0,0,0,0,0,0,0,0,0,0,0,0,0,1,0
82070,0.048,0.019,0.027,0.003,Curtis Sliwa,0,0,0,0,0,0,0,0,0,0,0,0,0,0,0,0,0,0,0,0,0,1,0
82071,0.025,0.01,0.014,0.001,Curtis Sliwa,0,0,0,0,0,0,0,0,0,0,0,0,0,0,0,0,0,0,0,0,0,1,0
82072,2.205,1.078,1.049,0.078,Eric Adams,0,0,0,0,0,0,0,0,0,0,0,0,0,0,0,0,0,0,0,0,1,0,0
82073,0.025,0.01,0.014,0.001,Curtis Sliwa,0,0,0,0,0,0,0,0,0,0,0,0,0,0,0,0,0,0,0,0,0,1,0
82074,0.024,0.009,0.013,0.001,Curtis Sliwa,0,0,0,0,0,0,0,0,0,0,0,0,0,0,0,0,0,0,0,0,0,1,0
82075,0.011,0.004,0.006,0.001,Curtis Sliwa,0,0,0,0,0,0,0,0,0,0,0,0,0,0,0,0,0,0,0,0,0,1,0
82076,1.459,1.31,0.143,0.006,Eric Adams,0,0,0,0,0,0,0,0,0,0,0,0,0,0,0,0,0,0,0,0,1,0,0
82077,0,0,0,0,Tie,0,0,0,0,0,0,0,0,0,0,0,0,0,0,0,0,0,0,0,0,0,0,0
83001,317.553,282.097,28.727,6.729,Eric Adams,1579,1232,0,0,0,0,0,0,0,1,0,0,0,0,0,1,0,1,0,0,1,0,0
83002,387.843,353.91,24.033,9.9,Eric Adams,1510,1202,0,0,0,0,0,0,0,1,0,0,0,0,0,1,0,1,1,0,1,0,0
83003,337.775,306.65,27.76,3.365,Eric Adams,1661,1228,0,0,0,0,0,0,0,1,1,0,0,0,0,1,0,0,1,0,1,0,0
83004,219.179,202.405,12.107,4.667,Eric Adams,997,778,0,0,0,0,0,0,0,1,0,0,0,0,0,1,0,1,1,0,1,0,0
83005,323.581,287.019,28.169,8.394,Eric Adams,1208,980,0,0,0,0,0,0,0,1,0,0,0,0,0,1,0,1,1,0,1,0,0
83006,240.55,215.476,18.441,6.633,Eric Adams,1403,1113,0,0,0,0,0,0,0,1,0,0,0,0,0,1,0,1,1,0,1,0,0
83007,307.775,286.471,16.791,4.513,Eric Adams,1572,1206,0,0,0,0,0,0,0,1,0,0,0,0,0,1,0,1,1,0,1,0,0
83008,229.533,211.399,13.899,4.236,Eric Adams,1153,882,0,0,0,0,0,0,0,1,0,0,0,0,0,0,1,1,0,0,1,0,0
83009,201.268,180.812,15.456,5,Eric Adams,1231,816,1,0,0,0,0,0,0,1,1,0,0,0,0,0,1,1,0,0,1,0,0
83010,250.047,226.437,20.249,3.36,Eric Adams,1161,910,0,0,0,0,0,0,0,1,0,0,0,0,0,0,1,1,0,0,1,0,0
83011,240.088,218.716,17.624,3.749,Eric Adams,1445,1110,0,0,0,0,0,0,0,1,0,0,0,0,0,1,0,1,0,0,1,0,0
83012,196.817,161.795,29.461,5.561,Eric Adams,1028,793,0,0,0,0,0,0,0,1,0,0,0,0,0,0,1,1,1,0,1,0,0
83013,180.988,162.561,14.011,4.416,Eric Adams,1008,787,0,0,0,0,0,0,0,1,1,0,0,0,0,0,1,0,0,0,1,0,1
83014,245.665,211.226,27.92,6.519,Eric Adams,1116,805,1,0,0,0,0,0,0,0,1,0,0,0,1,0,1,1,0,0,1,0,1
83015,205.449,192.345,12.309,0.795,Eric Adams,1449,1072,0,0,0,0,0,0,0,1,0,0,0,0,0,0,1,1,0,0,1,0,1
83016,160.396,150.444,7.226,2.726,Eric Adams,1140,938,0,0,0,0,0,0,0,1,0,0,0,0,0,0,1,0,1,0,1,0,0
83017,338.361,310.973,19.088,8.3,Eric Adams,1368,1041,0,0,0,0,0,0,0,1,0,0,0,0,0,0,1,0,1,0,1,0,0
83018,243.574,222.071,15.455,6.048,Eric Adams,1020,798,0,0,0,0,0,0,0,1,1,0,0,0,0,0,1,1,0,0,1,0,1
83019,265.183,236.069,22.598,6.516,Eric Adams,1338,977,0,0,0,0,0,0,0,1,0,0,0,0,0,0,1,1,0,0,1,0,1
83020,266.944,246.951,15.428,4.564,Eric Adams,1452,1137,0,0,0,0,0,0,0,1,0,0,0,0,0,1,0,1,0,0,1,0,1
83021,302.409,279.791,18.439,4.178,Eric Adams,1552,1174,0,0,0,0,0,0,0,1,0,0,0,0,0,1,0,1,1,0,1,0,0
83022,360.636,334.125,21.253,5.258,Eric Adams,1456,1177,0,0,0,0,0,0,0,1,0,0,0,0,0,0,1,0,1,0,1,0,0
83023,320.477,299.429,18.376,2.672,Eric Adams,1537,1181,0,0,0,0,0,0,0,1,0,0,0,0,0,1,0,0,1,0,1,0,0
83024,218.215,198.217,14.588,5.411,Eric Adams,1176,919,0,0,0,0,0,0,0,1,0,0,0,0,0,0,1,0,1,0,1,0,0
83025,269.833,253.951,13.907,1.975,Eric Adams,1586,1216,0,0,0,0,0,0,0,1,0,0,0,0,1,0,1,0,1,0,1,0,0
83026,351.457,315.54,32.046,3.871,Eric Adams,1509,1127,0,0,0,0,0,0,0,1,0,0,0,0,0,0,1,0,1,0,1,0,1
83027,116.342,97.859,16.354,2.129,Eric Adams,991,760,0,0,0,0,0,0,0,1,0,0,0,0,0,0,1,0,1,0,1,0,1
83028,131.539,121.346,8.25,1.942,Eric Adams,1037,796,0,0,0,0,0,0,0,1,0,0,0,0,1,0,1,0,1,0,1,0,1
83029,216.34,205.488,7.284,3.568,Eric Adams,1388,1044,0,0,0,0,0,0,0,1,0,0,0,0,1,1,0,1,1,0,1,0,0
83030,211.404,188.977,16.192,6.235,Eric Adams,1414,1090,0,0,0,0,0,0,0,1,1,0,0,0,1,0,1,1,0,0,1,0,1
83031,240.113,222.376,16.812,0.925,Eric Adams,1270,990,0,0,0,0,0,0,0,1,0,0,0,0,1,0,1,1,0,0,1,0,1
83032,259.863,243.758,12.701,3.404,Eric Adams,1509,1121,0,0,0,0,0,0,0,1,0,0,0,0,0,0,1,1,0,0,1,0,1
83033,264.87,249.964,12.19,2.716,Eric Adams,1328,1031,0,0,0,0,0,0,0,1,0,0,0,0,0,1,0,0,0,0,1,0,0
83034,301.533,284.258,14.201,3.074,Eric Adams,1462,1151,0,0,0,0,0,0,0,1,0,0,0,0,0,1,0,1,1,0,1,0,0
83035,257.837,230.288,23.583,3.967,Eric Adams,1288,1036,0,0,0,0,0,0,0,1,0,0,0,0,0,0,1,0,1,0,1,0,1
83036,134.829,120.874,10.252,3.703,Eric Adams,850,672,0,0,0,0,0,0,0,1,0,0,0,0,1,0,1,1,0,0,1,0,0
83037,249.695,231.796,13.424,4.475,Eric Adams,854,712,0,0,0,0,0,0,0,1,0,0,0,0,1,0,1,1,0,0,1,0,0
83038,156.004,140.667,13.082,2.255,Eric Adams,1127,847,0,0,0,0,0,0,0,1,0,0,0,0,1,0,1,1,0,0,1,0,0
83039,345.448,309.183,29.59,6.675,Eric Adams,1130,856,0,0,0,0,0,0,0,1,0,0,0,0,1,0,1,1,0,0,1,0,0
83040,164.042,147.323,13.229,3.489,Eric Adams,805,635,0,0,0,0,0,0,0,1,0,0,0,0,0,0,1,1,1,0,1,0,0
83041,255.17,238.457,12.601,4.111,Eric Adams,1455,1132,0,0,0,0,0,0,0,1,0,0,0,0,0,1,0,1,1,0,1,0,0
83042,117.899,110.039,6.431,1.429,Eric Adams,679,544,0,0,0,0,0,0,0,1,0,0,0,0,1,0,1,0,1,0,1,0,0
83043,307.075,283.11,21.311,2.654,Eric Adams,1779,1352,0,0,0,0,0,0,0,1,0,0,0,0,0,1,0,1,1,0,1,0,0
83044,408.675,381.013,23.978,3.683,Eric Adams,1604,1294,0,0,0,0,0,0,0,1,0,0,0,0,0,1,0,0,1,0,1,0,0
83045,169.927,149.461,17.891,2.575,Eric Adams,794,648,0,0,0,0,0,0,0,1,0,0,0,0,0,0,1,0,0,0,1,0,0
83046,325.493,285.155,36.016,4.322,Eric Adams,1532,1200,0,0,0,0,0,0,0,1,0,0,0,0,0,1,0,1,0,0,1,0,0
83047,239.713,215.843,20.683,3.187,Eric Adams,1163,955,0,0,0,0,0,0,0,1,0,0,0,0,0,1,0,1,1,0,1,0,0
83048,231.738,213.554,14.341,3.843,Eric Adams,1395,1146,0,0,0,0,0,0,0,1,0,0,0,0,0,1,0,1,1,0,1,0,0
83049,122.251,110.234,7.899,4.119,Eric Adams,922,638,0,0,0,0,0,0,0,1,1,0,0,0,1,0,1,1,0,0,1,0,0
83050,123.386,102.391,13.206,7.789,Eric Adams,1171,784,1,0,0,0,0,0,0,1,1,0,0,0,1,0,0,1,0,0,1,0,0
83051,141.407,127.508,12.276,1.624,Eric Adams,922,595,1,0,0,0,0,0,0,1,1,0,0,0,1,0,0,1,0,0,1,0,0
83052,198.182,175.136,19.365,3.681,Eric Adams,1163,777,0,0,0,0,0,0,0,1,1,0,0,0,1,0,0,1,0,0,1,0,0
83053,183.14,173.268,6.33,3.542,Eric Adams,823,656,0,0,0,0,0,0,0,1,0,0,0,0,0,1,0,1,1,0,1,0,0
83054,238.717,210.223,22.933,5.561,Eric Adams,1072,846,0,0,0,0,0,0,0,1,0,0,0,0,0,1,0,0,1,0,1,0,0
83055,147.43,128.3,15.651,3.478,Eric Adams,557,443,0,0,0,0,0,0,0,1,0,0,0,0,0,1,0,0,1,0,1,0,0
83056,188.703,169.429,13.016,6.258,Eric Adams,1077,863,0,0,0,0,0,0,0,1,0,0,0,0,0,0,1,0,1,0,1,0,0
83057,31.134,28.201,2.256,0.677,Eric Adams,164,130,0,0,0,0,0,0,0,1,0,0,0,0,0,0,1,1,1,0,1,0,0
83058,0,0,0,0,Tie,0,0,0,0,0,0,0,0,0,0,0,0,0,0,0,0,0,0,0,0,0,0,0
83059,0.066,0.025,0.037,0.004,Curtis Sliwa,0,0,0,0,0,0,0,0,0,0,0,0,0,0,0,0,0,0,0,0,0,1,0
84001,232.346,200.504,27.289,4.553,Eric Adams,1677,1186,1,0,0,0,0,0,0,0,1,0,0,0,0,0,0,1,0,0,1,0,0
84002,105.782,86.732,17.33,1.72,Eric Adams,924,690,1,0,0,0,0,0,0,0,1,0,0,0,0,0,0,0,1,0,1,0,1
84003,171.728,135.912,32.378,3.438,Eric Adams,1428,1009,1,0,0,0,0,0,0,0,1,0,0,0,1,0,0,1,0,0,1,0,0
84004,135.031,110.819,17.694,6.519,Eric Adams,1058,791,1,0,0,0,0,0,0,0,1,0,0,0,1,0,0,1,0,0,1,0,0
84005,207.3,176.256,25.351,5.693,Eric Adams,1315,961,1,0,0,0,0,0,0,0,1,0,0,0,1,0,0,1,0,0,1,0,1
84006,255.671,222.607,28.244,4.82,Eric Adams,1707,1228,1,0,0,0,0,0,0,0,1,0,0,0,1,0,1,0,0,0,1,0,1
84007,160.585,137.438,20.169,2.978,Eric Adams,1157,876,1,0,0,0,0,0,0,0,1,0,0,0,1,0,0,1,0,0,1,0,0
84008,124.396,100.446,22.765,1.186,Eric Adams,1433,1107,1,0,0,0,0,0,0,1,1,0,0,0,0,0,1,1,0,0,1,0,0
84009,237.618,187.064,38.743,11.811,Eric Adams,908,647,1,0,0,0,0,0,0,0,1,0,0,0,0,0,1,1,0,0,1,0,0
84010,200.718,169.817,25.33,5.571,Eric Adams,1167,889,1,0,0,0,0,0,0,1,1,0,0,0,0,0,1,1,0,0,1,0,1
84011,218.593,173.04,29.76,15.794,Eric Adams,1366,971,1,0,0,0,0,0,0,0,1,0,0,0,0,0,1,1,0,0,1,0,1
84012,75.907,62.249,8.763,4.895,Eric Adams,1160,847,1,0,0,0,0,0,0,0,1,0,0,0,0,0,1,0,0,0,1,0,0
84013,143.177,124.338,11.304,7.536,Eric Adams,891,663,1,0,0,0,0,0,0,1,0,0,0,0,0,0,1,0,0,0,1,0,0
84014,237.54,209.074,19.193,9.274,Eric Adams,1180,947,1,0,0,0,0,0,0,0,1,0,0,0,0,0,1,1,0,0,1,0,0
84015,134.352,104.217,27.996,2.138,Eric Adams,1258,907,1,0,0,0,0,0,0,0,1,0,0,0,0,0,0,1,0,0,1,0,0
84016,65.661,52.572,8.958,4.131,Eric Adams,556,453,0,0,0,0,0,0,0,1,0,0,0,0,0,0,1,0,0,0,1,0,1
84017,252.456,219.923,25.807,6.726,Eric Adams,1261,1011,1,0,0,0,0,0,0,0,1,0,0,0,1,0,1,1,0,0,1,0,0
84018,71.948,57.745,11.364,2.839,Eric Adams,1133,773,1,0,0,0,0,0,0,0,1,0,0,0,1,0,1,1,1,0,1,0,1
84019,236.914,196.069,33.61,7.236,Eric Adams,1144,815,1,0,0,0,0,0,0,0,1,0,0,0,1,0,1,1,0,0,1,0,1
84020,173.394,135.085,34.543,3.767,Eric Adams,1314,920,1,0,0,0,0,0,0,0,1,0,0,0,1,0,1,1,0,0,1,0,1
84021,165.532,135.218,24.663,5.651,Eric Adams,1115,689,1,0,0,0,0,0,0,0,1,0,0,0,1,0,1,1,0,0,1,0,1
84022,174,139,27,8,Eric Adams,1662,1024,1,0,0,0,0,0,0,0,1,0,0,0,1,0,0,0,1,0,1,0,1
84023,193.03,142.663,38.462,11.905,Eric Adams,1240,845,1,0,0,0,0,0,0,0,1,0,0,0,1,0,1,0,0,0,1,0,0
84024,143.857,112.914,26.147,4.796,Eric Adams,754,538,1,0,0,0,0,0,0,0,1,0,0,0,1,0,1,0,0,0,1,0,1
84025,251,192,49,10,Eric Adams,1723,1208,1,0,0,0,0,0,0,0,1,0,0,0,0,0,1,1,0,0,1,0,0
84026,124.001,94,24,6,Eric Adams,1102,729,1,0,0,0,0,0,0,0,1,0,0,0,0,0,1,1,0,0,1,0,1
84027,55,41,7,7,Eric Adams,514,348,1,0,0,0,0,0,0,0,1,0,0,0,1,0,0,0,1,0,1,0,0
84028,225.465,167.113,56.667,1.685,Eric Adams,1512,1101,1,0,0,0,0,0,0,1,1,0,0,0,1,0,1,1,0,0,1,0,1
84029,156.324,130.785,19.627,5.911,Eric Adams,1552,1179,1,0,0,0,0,0,0,0,1,0,0,0,1,0,1,1,0,0,1,0,1
84030,249.371,198.756,47.305,3.31,Eric Adams,1510,1068,1,0,0,0,0,0,0,0,1,0,0,0,1,0,1,1,0,0,1,0,1
84031,298.676,248.142,46.257,4.277,Eric Adams,1392,984,1,0,0,0,0,0,0,0,1,0,0,0,1,0,1,0,1,0,1,0,1
84032,146.984,107.061,33.054,6.869,Eric Adams,1266,874,1,0,0,0,0,0,0,1,1,0,0,0,1,0,1,1,0,0,1,0,1
84033,102,84,17,1,Eric Adams,880,571,1,0,0,0,0,0,0,0,1,0,0,0,1,0,1,1,0,0,1,0,0
84034,92.239,80.165,11.004,1.07,Eric Adams,1438,1004,1,0,0,0,0,0,0,0,1,0,0,0,1,0,1,0,1,0,1,0,0
84035,181.681,150.093,27.831,3.758,Eric Adams,1613,1119,1,0,0,0,0,0,0,0,1,0,0,0,1,0,1,1,0,0,1,0,1
84036,262.165,223.894,31.266,7.005,Eric Adams,1642,1019,1,0,0,0,0,0,0,0,1,0,0,0,1,0,1,0,1,0,1,0,1
84037,129.659,107.973,18.272,3.413,Eric Adams,1275,830,1,0,0,0,0,0,0,0,1,0,0,0,1,0,1,0,1,0,1,0,1
84038,127.285,105.009,14.326,7.95,Eric Adams,1415,924,1,0,0,0,0,0,0,0,1,0,0,0,1,0,1,1,0,0,1,0,1
84039,178.528,137.029,33.89,7.609,Eric Adams,1536,1024,1,0,0,0,0,0,0,0,1,0,0,0,1,0,1,1,0,0,1,0,1
84040,77.449,61.366,11.038,5.045,Eric Adams,845,553,1,0,0,0,0,0,0,0,1,0,0,0,1,0,1,1,1,0,1,0,1
84041,162.392,138.049,17.423,6.92,Eric Adams,1416,959,1,0,0,0,0,0,0,0,1,0,0,0,1,0,1,1,0,0,1,0,1
84042,128.096,103.733,21.242,3.121,Eric Adams,1096,786,1,0,0,0,0,0,0,0,1,0,0,0,1,0,0,1,0,0,1,0,1
84043,186.341,159.124,23.617,3.601,Eric Adams,1315,898,1,0,0,0,0,0,0,0,1,0,0,0,1,0,0,1,0,0,1,0,1
84044,242.705,207.667,29.781,5.257,Eric Adams,1531,1203,1,0,0,0,0,0,0,0,1,0,0,0,1,0,1,1,1,0,1,0,1
84045,244.411,203.974,34.814,5.622,Eric Adams,1682,1209,1,0,0,0,0,0,0,0,1,0,0,0,1,0,1,1,0,0,1,0,1
84046,119.694,101.911,14.916,2.866,Eric Adams,1238,840,1,0,0,0,0,0,0,0,1,0,0,0,1,0,1,1,0,0,1,0,1
84047,111.853,97.731,11.031,3.09,Eric Adams,998,616,1,0,0,0,0,0,0,0,1,0,0,0,1,0,1,1,1,0,1,0,1
84048,123.521,107.584,12.704,3.233,Eric Adams,1547,980,1,0,0,0,0,0,0,0,1,0,0,0,1,0,1,1,1,0,1,0,0
84049,105.871,95.17,8.479,2.222,Eric Adams,870,461,1,0,0,0,0,0,0,1,1,0,0,0,1,0,1,1,1,0,1,0,0
84050,184.985,153.771,25.617,5.597,Eric Adams,1492,926,1,0,0,0,0,0,0,0,1,0,0,0,1,0,1,1,1,0,1,0,1
84051,94.611,79.062,11.101,4.449,Eric Adams,1255,1041,0,0,0,0,0,0,0,0,1,0,0,0,0,0,0,1,0,0,1,0,1
84052,17.281,13.839,2.569,0.873,Eric Adams,271,193,1,0,0,0,0,0,0,0,1,0,0,0,0,0,1,1,0,0,1,0,1
84053,167.743,137.95,22.395,7.398,Eric Adams,1206,844,1,0,0,0,0,0,0,0,1,0,0,0,1,0,1,1,0,0,1,0,0
84054,20.97,15.337,4.538,1.095,Eric Adams,187,126,1,0,1,0,0,0,0,0,1,0,0,0,1,0,0,0,1,0,1,0,0
84055,168.67,142.393,24.416,1.861,Eric Adams,1488,1065,1,0,0,0,0,0,0,0,1,0,0,0,0,0,1,1,0,0,1,0,1
84056,76.572,67.469,6.961,2.142,Eric Adams,551,362,1,0,0,0,0,0,0,1,1,0,0,0,1,0,1,1,0,0,1,0,0
84057,268.343,218.617,45.587,4.14,Eric Adams,1291,923,1,0,0,0,0,0,0,0,1,0,0,0,1,0,1,1,0,0,1,0,1
84058,41.228,34.714,4.36,2.155,Eric Adams,0,0,0,0,0,0,0,0,0,0,0,0,0,0,0,0,0,0,0,0,1,0,0
84059,56.153,44.78,9.951,1.422,Eric Adams,0,0,0,0,0,0,0,0,0,0,0,0,0,0,0,0,0,0,0,0,1,0,0
85001,290.195,226.017,57.83,6.349,Eric Adams,1714,1400,1,0,0,0,0,0,0,1,1,0,0,0,0,1,0,1,0,0,1,0,1
85002,309.903,230.315,68.971,10.617,Eric Adams,1414,1084,1,0,0,0,0,0,0,0,1,0,0,0,0,1,0,1,0,0,1,0,1
85003,190.358,124.23,57.448,8.68,Eric Adams,1326,911,1,0,0,0,0,0,0,0,1,0,0,0,0,1,0,1,0,0,1,0,1
85004,170.862,123.628,39.546,7.688,Eric Adams,1514,1043,1,0,0,0,0,0,0,0,1,0,0,0,0,1,0,1,0,0,1,0,1
85005,382.876,294.268,78.016,10.592,Eric Adams,1748,1264,1,0,0,0,0,0,0,0,1,0,0,0,0,1,0,1,1,0,1,0,1
85006,119.822,86.66,26.511,6.651,Eric Adams,1221,806,1,0,0,0,0,0,0,0,1,0,0,0,1,0,1,1,0,0,1,0,1
85007,100.936,82.099,15.466,3.371,Eric Adams,1158,700,1,0,0,0,0,0,0,0,1,0,0,0,1,0,1,1,1,0,1,0,0
85008,96.416,77.939,17.354,1.123,Eric Adams,829,576,1,0,0,0,0,0,0,0,1,0,0,0,0,0,1,1,0,0,1,0,0
85009,260.713,208.345,45.99,6.378,Eric Adams,1638,1170,1,0,0,0,0,0,0,0,1,0,0,0,1,0,1,0,1,0,1,0,1
85010,128.922,106.758,20.189,1.975,Eric Adams,1134,783,1,0,0,0,0,0,0,1,1,0,0,0,1,0,0,1,1,0,1,0,1
85011,198.589,167.236,29.277,2.076,Eric Adams,1399,895,1,0,0,0,0,0,0,0,1,0,0,0,1,0,1,0,1,0,1,0,1
85012,165.268,141.052,22.197,2.019,Eric Adams,1375,833,1,0,0,0,0,0,0,1,1,0,0,0,1,0,0,1,1,0,1,0,1
85013,236.928,195.587,34.44,6.901,Eric Adams,1476,969,1,0,0,0,0,0,0,1,1,0,0,0,1,0,1,0,1,0,1,0,1
85014,229.749,199.641,25.898,4.209,Eric Adams,1491,967,1,0,0,0,0,0,0,1,1,0,0,0,0,0,1,0,0,0,1,0,1
85015,305.957,261.526,32.507,11.924,Eric Adams,1475,1163,0,0,0,0,0,0,0,0,1,0,0,0,0,0,1,0,0,0,1,0,1
85016,265.805,223.405,36.001,6.4,Eric Adams,1179,872,1,0,0,0,0,0,0,1,1,0,0,0,0,0,1,0,0,0,1,0,1
85017,159.721,133.276,22.305,4.139,Eric Adams,1012,744,1,0,0,0,0,0,0,0,1,0,0,0,1,0,1,0,0,0,1,0,1
85018,230.13,199.673,25.227,5.23,Eric Adams,1432,1114,0,0,0,0,0,0,0,1,1,0,0,0,0,0,1,1,0,1,1,0,1
85019,173.815,143.227,25.775,4.814,Eric Adams,1663,1048,1,0,0,0,0,0,0,0,1,0,0,0,1,0,1,1,1,0,1,0,1
85020,202.411,170.884,28.23,3.298,Eric Adams,1366,916,1,0,0,0,0,0,0,0,1,0,0,0,1,0,1,1,1,0,1,0,1
85021,190.78,149.854,34.257,6.67,Eric Adams,1639,1175,1,0,0,0,0,0,0,0,1,0,0,0,1,0,1,1,1,0,1,0,1
85022,209.59,169.775,34.07,5.745,Eric Adams,1742,1194,1,0,0,0,0,0,0,0,1,0,0,0,1,0,1,0,0,0,1,0,0
85023,179.877,145.715,28.114,6.049,Eric Adams,831,610,1,0,0,0,0,0,0,0,1,0,0,0,1,0,1,1,0,0,1,0,0
85024,86.085,68.477,16.63,0.978,Eric Adams,588,426,1,0,0,0,0,0,0,0,1,0,0,0,1,0,1,0,0,0,1,0,0
85025,195.749,176.671,16.675,2.403,Eric Adams,1299,854,1,0,0,0,0,0,0,1,1,0,0,0,1,0,1,1,1,0,1,0,0
85026,162.382,140.312,17.579,4.491,Eric Adams,937,624,1,0,0,0,0,0,0,0,1,0,0,0,1,0,1,1,1,0,1,0,1
85027,135.007,110.899,16.54,7.568,Eric Adams,1299,878,1,0,0,0,0,0,0,0,1,0,0,0,1,0,1,1,0,0,1,0,1
85028,242.195,201.06,31.943,9.192,Eric Adams,1540,1151,0,0,0,0,0,0,0,1,1,0,0,0,0,0,1,0,0,0,1,0,1
85029,269.391,201.046,62.396,5.95,Eric Adams,1745,1218,1,0,0,0,0,0,0,0,1,0,0,0,1,0,1,1,0,0,1,0,1
85030,152.169,118.283,29.781,4.105,Eric Adams,1116,774,1,0,0,0,0,0,0,0,1,0,0,0,0,0,1,1,0,0,1,0,1
85031,141.806,108.145,28.728,4.934,Eric Adams,1220,875,1,0,0,0,0,0,0,0,1,0,0,0,0,0,1,1,0,0,1,0,1
85032,179.836,142.041,34.163,3.632,Eric Adams,1157,848,1,0,0,0,0,0,0,0,1,0,0,0,0,0,1,1,0,0,1,0,1
85033,169.142,137.154,25.496,6.492,Eric Adams,1521,1128,1,0,0,0,0,0,0,0,1,0,0,0,0,0,1,0,0,0,1,0,0
85034,197.936,155.338,38.062,4.536,Eric Adams,1184,946,1,0,0,0,0,0,0,0,1,0,0,0,1,0,1,1,1,0,1,0,0
85035,146.78,125.472,17.808,3.5,Eric Adams,1340,946,1,0,0,0,0,0,0,0,1,0,0,0,1,0,1,1,1,0,1,0,0
85036,204.202,142.352,55.582,6.268,Eric Adams,1619,1152,1,0,0,0,0,0,0,0,1,0,0,0,1,0,1,0,1,0,1,0,1
85037,165.806,131.134,30.222,4.449,Eric Adams,1195,795,1,0,0,0,0,0,0,0,1,0,0,0,1,0,1,0,0,0,1,0,1
85038,341.901,298.302,35.128,8.47,Eric Adams,1429,1172,0,0,0,0,0,0,0,1,0,0,0,0,0,0,1,1,0,1,1,0,1
85039,127.719,103.942,22.264,1.513,Eric Adams,1576,1105,1,0,0,0,0,0,0,0,1,0,0,0,1,0,1,1,0,0,1,0,0
85040,151.249,124.573,23.111,3.565,Eric Adams,1245,845,1,0,0,0,0,0,0,1,1,0,0,0,1,0,1,1,0,0,1,0,1
85041,192.926,162.538,25.425,4.963,Eric Adams,1493,1100,1,0,0,0,0,0,0,0,1,0,0,0,1,0,1,1,0,0,1,0,1
85042,236.787,197.965,30.856,7.965,Eric Adams,1148,796,1,0,0,0,0,0,0,0,1,0,0,0,1,0,1,1,0,0,1,0,1
85043,124.726,97.674,24.888,2.163,Eric Adams,1565,995,1,0,0,0,0,0,0,0,1,0,0,0,0,0,1,1,0,0,1,0,1
85044,175.3,147.668,23.919,3.714,Eric Adams,1164,861,1,0,0,0,0,0,0,0,1,0,0,0,1,0,1,1,0,0,1,0,1
85045,88.25,73.84,13.12,1.29,Eric Adams,1099,769,1,0,0,0,0,0,0,0,1,0,0,0,1,0,1,1,0,0,1,0,0
85046,165.685,134.07,27.586,4.029,Eric Adams,1601,1110,1,0,0,0,0,0,0,1,1,0,0,0,1,0,1,1,0,0,1,0,1
85047,121.592,96.831,21.489,3.272,Eric Adams,644,444,1,0,0,0,0,0,0,0,1,0,0,0,1,0,1,1,0,0,1,0,0
85048,120.193,89.649,24.762,5.781,Eric Adams,933,588,1,0,0,0,0,0,0,0,1,0,0,0,0,0,1,1,0,0,1,0,0
85049,127.969,105.327,16.842,5.8,Eric Adams,1049,619,1,0,0,0,0,0,0,0,1,0,0,0,1,0,1,1,0,0,1,0,0
85050,174.826,151.114,21.47,2.242,Eric Adams,1220,797,1,0,0,0,0,0,0,0,1,0,0,0,0,0,1,1,0,0,1,0,0
85051,418.054,380.668,30.272,7.113,Eric Adams,1678,1418,0,0,0,0,0,0,0,1,0,0,0,0,0,0,1,1,0,0,1,0,1
85052,1,1,0,0,Eric Adams,0,0,0,0,0,0,0,0,0,0,0,0,0,0,0,0,0,0,0,0,1,0,0
85053,0,0,0,0,Tie,0,0,0,0,0,0,0,0,0,0,0,0,0,0,0,0,0,0,0,0,0,0,0
85054,0,0,0,0,Tie,0,0,0,0,0,0,0,0,0,0,0,0,0,0,0,0,0,0,0,0,0,0,0
85056,0,0,0,0,Tie,0,0,0,0,0,0,0,0,0,0,0,0,0,0,0,0,0,0,0,0,0,0,0
85057,0,0,0,0,Tie,0,0,0,0,0,0,0,0,0,0,0,0,0,0,0,0,0,0,0,0,0,0,0
85059,0,0,0,0,Tie,0,0,0,0,0,0,0,0,0,0,0,0,0,0,0,0,0,0,0,0,0,0,0
85060,0,0,0,0,Tie,0,0,0,0,0,0,0,0,0,0,0,0,0,0,0,0,0,0,0,0,0,0,0
85061,7.786,6.209,1.281,0.296,Eric Adams,0,0,0,0,0,0,0,0,0,0,0,0,0,0,0,0,0,0,0,0,1,0,0
85065,0,0,0,0,Tie,0,0,0,0,0,0,0,0,0,0,0,0,0,0,0,0,0,0,0,0,0,0,0
85066,0,0,0,0,Tie,0,0,0,0,0,0,0,0,0,0,0,0,0,0,0,0,0,0,0,0,0,0,0
85067,0,0,0,0,Tie,0,0,0,0,0,0,0,0,0,0,0,0,0,0,0,0,0,0,0,0,0,0,0
85068,0,0,0,0,Tie,0,0,0,0,0,0,0,0,0,0,0,0,0,0,0,0,0,0,0,0,0,0,0
85069,0,0,0,0,Tie,0,0,0,0,0,0,0,0,0,0,0,0,0,0,0,0,0,0,0,0,0,0,0
85070,0,0,0,0,Tie,0,0,0,0,0,0,0,0,0,0,0,0,0,0,0,0,0,0,0,0,0,0,0
85071,0,0,0,0,Tie,0,0,0,0,0,0,0,0,0,0,0,0,0,0,0,0,0,0,0,0,0,0,0
85072,0,0,0,0,Tie,0,0,0,0,0,0,0,0,0,0,0,0,0,0,0,0,0,0,0,0,0,0,0
85073,0,0,0,0,Tie,0,0,0,0,0,0,0,0,0,0,0,0,0,0,0,0,0,0,0,0,0,0,0
85074,0,0,0,0,Tie,0,0,0,0,0,0,0,0,0,0,0,0,0,0,0,0,0,0,0,0,0,0,0
85075,0,0,0,0,Tie,0,0,0,0,0,0,0,0,0,0,0,0,0,0,0,0,0,0,0,0,0,0,0
85076,0,0,0,0,Tie,0,0,0,0,0,0,0,0,0,0,0,0,0,0,0,0,0,0,0,0,0,0,0
85077,0,0,0,0,Tie,0,0,0,0,0,0,0,0,0,0,0,0,0,0,0,0,0,0,0,0,0,0,0
85078,0,0,0,0,Tie,0,0,0,0,0,0,0,0,0,0,0,0,0,0,0,0,0,0,0,0,0,0,0
85079,0,0,0,0,Tie,0,0,0,0,0,0,0,0,0,0,0,0,0,0,0,0,0,0,0,0,0,0,0
85080,0,0,0,0,Tie,0,0,0,0,0,0,0,0,0,0,0,0,0,0,0,0,0,0,0,0,0,0,0
85081,0,0,0,0,Tie,0,0,0,0,0,0,0,0,0,0,0,0,0,0,0,0,0,0,0,0,0,0,0
86001,116.838,94.869,18.973,2.996,Eric Adams,1119,840,1,0,0,0,0,0,0,0,1,0,0,0,1,0,1,1,0,0,1,0,1
86002,148.84,129.643,15.095,4.102,Eric Adams,1440,1060,1,0,0,0,0,0,0,0,1,0,0,0,0,0,1,1,0,0,1,0,1
86003,19.017,16.006,2.694,0.317,Eric Adams,142,104,1,0,0,0,0,0,0,0,1,0,0,0,1,0,1,0,0,0,1,0,1
86004,157.214,134.898,19.221,3.095,Eric Adams,1142,837,1,0,0,0,0,0,0,0,1,0,0,0,0,0,1,1,0,0,1,0,1
86005,191.786,160.102,24.779,6.905,Eric Adams,1235,888,1,0,0,0,0,0,0,0,1,0,0,0,0,0,1,1,1,0,1,0,1
86006,173,141,29,3,Eric Adams,1196,840,1,0,0,0,0,0,0,0,1,0,0,0,1,0,1,0,0,0,1,0,1
86007,259.139,225.114,30.021,4.003,Eric Adams,1559,1146,1,0,0,0,0,0,0,0,1,0,0,0,1,0,1,0,0,0,1,0,0
86008,149.609,130.613,13.025,5.97,Eric Adams,1092,813,1,0,0,0,0,0,0,0,1,0,0,0,0,0,1,1,1,0,1,0,0
86009,291.748,232.641,48.884,10.222,Eric Adams,1674,1264,1,0,0,0,0,0,0,0,1,0,0,0,1,0,1,1,0,0,1,0,1
86010,203.264,175.618,21.972,5.674,Eric Adams,1759,1277,1,0,0,0,0,0,0,0,1,0,0,0,1,0,1,1,0,0,1,0,1
86011,178.663,147.27,27.077,4.316,Eric Adams,1403,1027,1,0,0,0,0,0,0,0,1,0,0,0,1,0,1,1,0,0,1,0,1
86012,194.574,162.064,28.093,4.418,Eric Adams,1446,1148,1,0,0,0,0,0,0,0,1,0,0,0,1,0,0,1,0,0,1,0,1
86013,202.294,149.992,41.013,11.29,Eric Adams,1619,1143,1,0,0,0,0,0,0,0,1,0,0,0,1,0,0,1,0,1,1,0,1
86014,134.96,102.246,27.937,4.777,Eric Adams,1075,788,1,0,0,0,0,0,0,1,1,0,0,0,0,0,0,1,0,0,1,0,0
86015,132.212,104.539,24.421,3.252,Eric Adams,849,615,1,0,0,0,0,0,0,0,1,0,0,0,1,0,1,0,0,0,1,0,1
86016,189.087,149.999,34.449,4.639,Eric Adams,1443,1040,1,0,0,0,0,0,0,0,1,0,0,0,1,0,1,0,0,0,1,0,1
86017,101,83,16,2,Eric Adams,1047,728,1,0,0,0,0,0,0,0,1,0,0,0,0,0,0,0,0,0,1,0,1
86018,164.863,132.993,26.403,5.467,Eric Adams,1516,1006,1,0,0,0,0,0,0,0,1,0,0,0,1,0,1,0,0,0,1,0,1
86019,165.827,135.485,21.425,8.917,Eric Adams,1364,940,1,0,0,0,0,0,0,1,1,0,0,0,1,0,1,1,0,0,1,0,1
86020,123.113,103.107,15.004,5.001,Eric Adams,986,742,1,0,0,0,0,0,0,0,1,0,0,0,1,0,1,1,0,0,1,0,0
86021,174.548,142.787,29.013,2.749,Eric Adams,1207,853,1,0,0,0,0,0,0,0,1,0,0,0,0,0,1,1,1,0,1,0,1
86022,157.21,120.634,30.465,6.11,Eric Adams,1020,766,1,0,0,0,0,0,0,0,1,0,0,0,0,0,1,1,0,0,1,0,0
86023,32.674,25.261,5.766,1.647,Eric Adams,1105,795,1,0,0,0,0,0,0,0,1,0,0,0,1,0,1,1,0,0,1,0,0
86024,114,91,21,2,Eric Adams,1153,810,1,0,0,0,0,0,0,0,1,0,0,0,0,0,1,1,1,1,1,0,0
86025,140,100,36,4,Eric Adams,904,698,1,0,0,0,0,0,0,0,1,0,0,0,0,0,1,1,1,1,1,0,0
86026,186.213,156.941,24.846,4.425,Eric Adams,1536,1100,1,0,0,0,0,0,0,0,1,0,0,0,1,0,1,1,0,0,1,0,0
86027,165.156,137.618,19.404,8.134,Eric Adams,1157,805,1,0,0,0,0,0,0,0,1,0,0,0,0,0,0,0,0,0,1,0,0
86028,133.02,107.553,17.075,8.393,Eric Adams,1036,734,1,0,0,0,0,0,0,0,1,0,0,0,1,0,1,1,0,0,1,0,1
86029,149.408,122.552,18.639,8.217,Eric Adams,1022,741,1,0,0,0,0,0,0,0,1,0,0,0,1,0,1,1,0,0,1,0,1
86030,177.015,132.259,40.141,4.615,Eric Adams,1445,1025,1,0,0,0,0,0,0,0,1,0,0,0,1,0,1,1,0,0,1,0,1
86031,176.734,150.142,24.122,2.471,Eric Adams,1427,1040,0,0,0,0,0,0,0,1,1,0,0,0,1,0,1,1,0,0,1,0,1
86032,159.704,129.847,23.979,5.878,Eric Adams,1204,861,1,0,0,0,0,0,0,1,1,0,0,0,1,0,1,1,0,0,1,0,1
86033,211.983,169.319,37.993,4.672,Eric Adams,1617,1148,1,0,0,0,0,0,0,1,1,0,0,0,0,0,1,1,0,0,1,0,1
86034,130.509,113.38,14.271,2.858,Eric Adams,1117,818,1,0,0,0,0,0,0,0,1,0,0,0,0,0,1,1,1,0,1,0,1
86035,42.299,33.756,6.082,2.461,Eric Adams,666,443,1,0,0,0,0,0,0,0,1,0,0,0,1,0,1,1,0,0,1,0,1
86036,194.734,161.857,26.457,6.419,Eric Adams,1113,787,1,0,0,0,0,0,0,0,1,0,0,0,1,0,1,1,0,0,1,0,1
86037,129.041,108.645,16.6,3.796,Eric Adams,1394,956,1,0,0,0,0,0,0,1,1,0,0,0,1,0,1,1,0,0,1,0,1
86038,160.887,139.215,14.219,7.453,Eric Adams,1394,982,1,0,0,0,0,0,0,0,1,0,0,0,1,0,1,1,0,0,1,0,1
86039,116.891,102.706,13.487,0.697,Eric Adams,982,688,1,0,0,0,0,0,0,0,1,0,0,0,0,0,1,1,0,0,1,0,1
86040,139.406,121.582,16.208,1.617,Eric Adams,1048,780,1,0,0,0,0,0,0,0,1,0,0,0,0,0,1,1,0,0,1,0,0
86041,126.957,107.945,17.256,1.756,Eric Adams,1324,967,1,0,0,0,0,0,0,1,1,0,0,0,0,0,1,1,0,0,1,0,1
86042,232.182,201.463,27.558,3.161,Eric Adams,1555,1123,1,0,0,0,0,0,0,0,1,0,0,0,0,0,1,1,0,0,1,0,1
86043,102.166,87.097,14.059,1.01,Eric Adams,1164,827,1,0,0,0,0,0,0,0,1,0,0,0,1,0,1,1,0,0,1,0,0
86044,186.458,157.422,24.547,4.489,Eric Adams,1278,944,1,0,0,0,0,0,0,0,1,0,0,0,0,0,1,1,0,0,1,0,1
86045,36.945,33.179,3.422,0.343,Eric Adams,338,215,1,0,0,0,0,0,0,0,1,0,0,0,0,0,1,1,0,0,1,0,1
86046,126.721,107.475,17.519,1.727,Eric Adams,1013,749,1,0,0,0,0,0,0,0,1,0,0,0,0,0,0,1,0,0,1,0,0
86047,145.788,123.11,19.106,3.572,Eric Adams,1259,882,1,0,0,0,0,0,0,0,1,0,0,0,0,0,1,1,0,0,1,0,1
86048,166.19,140.037,23.791,2.362,Eric Adams,1073,764,1,0,0,0,0,0,0,1,1,0,0,0,0,0,1,1,1,0,1,0,1
86049,136.24,118.231,14.441,3.567,Eric Adams,1464,1110,0,0,0,0,0,0,0,1,1,0,0,0,1,0,1,1,0,0,1,0,1
86050,172.402,145.219,24.248,2.935,Eric Adams,1325,1004,1,0,0,0,0,0,0,1,1,0,0,0,0,0,1,1,0,0,1,0,1
86051,47.652,41.718,5.201,0.733,Eric Adams,0,0,0,0,0,0,0,0,0,0,0,0,0,0,0,0,0,0,0,0,1,0,0
86052,40.163,30.537,8.63,0.996,Eric Adams,0,0,0,0,0,0,0,0,0,0,0,0,0,0,0,0,0,0,0,0,1,0,0
87001,156.269,130.581,20.119,5.569,Eric Adams,1524,1007,1,0,0,0,0,0,0,0,1,0,0,0,1,0,1,1,0,0,1,0,1
87002,180,151,23,6,Eric Adams,1468,970,1,0,0,0,0,0,0,0,1,0,0,0,1,0,1,1,0,0,1,0,1
87003,86.843,68.7,16.358,1.786,Eric Adams,977,674,1,0,0,0,0,0,0,0,1,0,0,0,1,0,1,1,0,0,1,0,1
87004,260.726,208.793,43.18,8.752,Eric Adams,1542,1067,1,0,0,0,0,0,0,0,1,0,0,0,1,0,1,1,0,0,1,0,1
87005,140.391,106.265,27.86,6.266,Eric Adams,1375,1024,1,0,0,0,0,0,0,1,1,0,0,0,1,0,1,1,1,0,1,0,0
87006,109.433,87.898,17.136,4.399,Eric Adams,1084,836,1,0,0,0,0,0,0,0,1,0,0,0,1,0,1,1,0,0,1,0,1
87007,219,174,36,9,Eric Adams,1570,1078,1,0,0,0,0,0,0,0,1,0,0,0,1,0,1,1,0,0,1,0,1
87008,101.202,70.886,26.68,3.636,Eric Adams,849,661,0,0,0,1,0,0,0,0,1,0,0,0,0,0,1,1,1,0,1,0,0
87009,162.899,121.659,36.754,4.486,Eric Adams,1441,1055,1,0,0,0,0,0,0,0,1,0,0,0,0,0,1,1,0,0,1,0,0
87010,93.967,64.659,25.899,3.408,Eric Adams,996,711,1,0,0,0,0,0,0,0,1,0,0,0,0,0,1,1,0,0,1,0,0
87011,205.452,163.515,37.144,4.793,Eric Adams,1377,1032,1,0,0,0,0,0,0,0,1,0,0,0,0,0,1,1,0,0,1,0,0
87012,172.882,138.522,28.995,5.366,Eric Adams,1056,831,1,0,0,0,0,0,0,0,1,0,0,0,0,0,1,1,0,0,1,0,0
87013,92.379,71.725,18.714,1.94,Eric Adams,1009,795,0,0,0,1,0,0,0,0,0,0,0,0,0,0,1,1,0,0,1,0,0
87014,134.602,108.509,21.619,4.473,Eric Adams,1271,1046,0,0,0,1,0,0,0,0,0,0,0,0,0,0,1,1,0,0,1,0,0
87015,202.846,168.782,28.834,5.23,Eric Adams,1260,1029,0,0,0,0,0,0,0,1,0,0,0,0,0,0,1,1,0,0,1,0,0
87016,144.986,111.985,26.339,6.662,Eric Adams,1240,1038,0,0,0,1,0,0,0,1,1,0,0,0,0,0,1,1,0,0,1,0,0
87017,114,91,19,4,Eric Adams,1027,864,0,0,0,1,0,0,0,1,0,0,0,0,0,0,1,1,0,0,1,0,0
87018,252.976,211.607,31.912,9.457,Eric Adams,1309,1089,0,0,0,0,0,0,0,1,0,0,0,0,0,0,1,1,0,0,1,0,0
87019,191.946,160.326,26.08,5.541,Eric Adams,1349,1121,0,0,0,0,0,0,0,1,0,0,0,0,0,0,1,1,0,0,1,0,1
87020,172.975,137.222,30.628,5.126,Eric Adams,1058,898,0,0,0,1,0,0,0,0,1,0,0,0,0,0,1,0,1,0,1,0,0
87021,215.119,182.378,22.904,9.837,Eric Adams,1134,947,0,0,0,0,0,0,0,1,0,0,0,0,0,0,1,0,1,0,1,0,0
87022,183.261,151.919,28.337,3.005,Eric Adams,1191,1014,0,0,0,1,0,0,0,0,1,0,0,0,0,0,1,0,1,0,1,0,0
87023,266.143,223.963,28.556,13.624,Eric Adams,1467,1218,0,0,0,1,0,0,0,0,0,0,0,0,0,0,1,0,1,0,1,0,0
87024,144.578,110.805,26.024,7.749,Eric Adams,1372,1160,0,0,0,1,0,0,0,0,0,1,0,0,0,0,1,0,1,0,1,0,0
87025,226.406,184.76,35.93,5.716,Eric Adams,1322,1120,0,0,0,1,0,0,0,1,0,0,0,0,0,0,1,0,1,0,1,0,0
87026,165.516,130.815,27.567,7.134,Eric Adams,1327,1100,0,0,0,1,0,0,0,1,0,0,0,0,0,0,1,0,1,0,1,0,0
87027,170.279,130.214,34.562,5.502,Eric Adams,1527,1190,0,0,0,1,0,0,0,0,1,0,0,0,0,0,1,0,0,0,1,0,1
87028,176.249,124.307,44.565,7.378,Eric Adams,1390,1093,1,0,0,1,0,0,0,0,1,0,0,0,0,0,1,0,0,0,1,0,1
87029,317.59,238.009,72.594,6.987,Eric Adams,1332,973,1,0,0,1,0,0,0,0,1,0,0,0,0,0,1,0,1,0,1,0,0
87030,170.213,122.73,42.611,4.873,Eric Adams,1443,1085,0,0,0,1,0,0,0,0,1,0,0,0,0,0,1,1,0,0,1,0,0
87031,161.268,112.085,41.706,7.477,Eric Adams,1397,1069,0,0,0,1,0,0,0,0,1,0,0,0,0,0,1,1,0,0,1,0,0
87032,148.122,102.28,38.961,6.88,Eric Adams,1317,984,1,0,0,1,0,0,0,0,1,0,0,0,0,0,1,1,0,0,1,0,1
87033,22.249,17.908,4.341,0,Eric Adams,67,47,1,0,0,0,0,0,0,0,1,0,0,0,0,0,1,1,0,0,1,0,0
87034,238.61,202.532,29.944,6.135,Eric Adams,1489,1151,1,0,0,0,0,0,0,1,1,0,0,0,1,0,1,1,1,0,1,0,1
87035,151.795,128.274,19.899,3.621,Eric Adams,1605,1139,1,0,0,0,0,0,0,0,1,0,0,0,1,0,1,1,0,0,1,0,1
87036,12.284,10.682,1.213,0.388,Eric Adams,129,100,1,0,0,0,0,0,0,0,1,0,0,0,1,0,1,1,0,1,1,0,1
87037,249.011,200.715,40.196,8.1,Eric Adams,1374,973,1,0,0,0,0,0,0,1,1,0,0,0,0,0,1,0,1,0,1,0,1
87038,178.482,142,33.168,3.315,Eric Adams,1609,1079,1,0,0,1,0,0,0,1,1,0,0,0,0,0,1,1,1,0,1,0,0
87039,208.157,147.282,47.829,13.046,Eric Adams,1550,1106,0,0,0,1,0,0,0,0,0,1,0,0,0,0,1,1,1,0,1,0,0
87040,174.637,136.355,31.458,6.825,Eric Adams,1520,1061,0,0,0,1,0,0,0,0,1,0,0,0,1,0,1,1,1,0,1,0,1
87041,131.252,94.166,28.289,8.797,Eric Adams,1219,866,0,0,0,1,0,0,0,0,0,1,0,0,0,0,1,1,1,0,1,0,0
87042,153.657,115.423,29.602,8.632,Eric Adams,1425,1062,1,0,0,1,0,0,0,0,1,0,0,0,0,0,1,1,1,0,1,0,0
87043,243.592,190.359,43.675,9.558,Eric Adams,1206,945,0,0,0,1,0,0,0,0,1,0,0,0,0,0,1,0,1,0,1,0,1
87044,164.248,124.218,35.892,4.138,Eric Adams,1235,920,1,0,0,1,0,0,0,1,1,0,0,0,0,0,1,1,0,0,1,0,1
87045,144.952,117.263,23.533,4.155,Eric Adams,1352,1094,1,0,0,1,0,0,0,0,1,0,0,0,0,0,1,1,0,0,1,0,0
87046,196.944,161.016,29.666,6.262,Eric Adams,1264,939,1,0,0,0,0,0,0,0,1,0,0,0,0,0,1,0,1,0,1,0,1
87047,176.104,123.463,47.026,5.615,Eric Adams,1504,1079,1,0,0,0,0,0,0,0,1,0,0,0,0,0,1,0,1,0,1,0,0
87048,205.406,144.074,55.082,6.25,Eric Adams,1499,1061,1,0,0,0,0,0,0,0,1,0,0,0,0,0,1,0,0,0,1,0,1
87049,353.865,303.194,47.337,3.334,Eric Adams,1251,998,1,0,0,0,0,0,0,0,1,0,0,0,0,0,1,0,1,0,1,0,0
87050,133.21,106.47,23.366,3.374,Eric Adams,1184,782,1,0,0,0,0,0,0,1,1,0,0,0,1,0,1,1,1,0,1,0,0
87051,276.131,212.205,56.124,7.802,Eric Adams,1351,874,1,0,0,0,0,0,0,0,1,0,0,0,1,0,1,1,1,0,1,0,0
87052,103.509,90.855,10.674,1.98,Eric Adams,1259,756,1,0,0,0,0,0,0,0,1,0,0,0,1,0,1,1,1,0,1,0,0
87053,0.165,0.131,0.03,0.004,Eric Adams,0,0,0,0,0,0,0,0,0,0,0,0,0,0,0,0,0,0,0,0,1,0,0
87054,17.447,13.914,2.874,0.659,Eric Adams,0,0,0,0,0,0,0,0,0,0,0,0,0,0,0,0,0,0,0,0,1,0,0
87055,62.634,47.58,12.043,3.011,Eric Adams,0,0,0,0,0,0,0,0,0,0,0,0,0,0,0,0,0,0,0,0,1,0,0
