aded25,gen25tot,gen25zm,gen25ac,gen25cs,gen25ea,gen25othr,win25
23001,0,0,0,0,0,0,Andrew Cuomo
23002,0,0,0,0,0,0,Andrew Cuomo
23003,0,0,0,0,0,0,Eric Adams
23004,0,0,0,0,0,0,Andrew Cuomo
23005,0,0,0,0,0,0,Andrew Cuomo
23006,0,0,0,0,0,0,Andrew Cuomo
23007,0,0,0,0,0,0,Andrew Cuomo
23008,0,0,0,0,0,0,Zohran Mamdani
23009,0,0,0,0,0,0,Zohran Mamdani
23010,0,0,0,0,0,0,Andrew Cuomo
23011,0,0,0,0,0,0,Zohran Mamdani
23012,0,0,0,0,0,0,Zohran Mamdani
23013,0,0,0,0,0,0,Zohran Mamdani
23014,0,0,0,0,0,0,Andrew Cuomo
23015,0,0,0,0,0,0,Andrew Cuomo
23016,0,0,0,0,0,0,Zohran Mamdani
23017,0,0,0,0,0,0,Andrew Cuomo
23018,0,0,0,0,0,0,Zohran Mamdani
23019,0,0,0,0,0,0,Zohran Mamdani
23020,0,0,0,0,0,0,Andrew Cuomo
23021,0,0,0,0,0,0,Andrew Cuomo
23022,0,0,0,0,0,0,Andrew Cuomo
23023,0,0,0,0,0,0,Andrew Cuomo
23024,0,0,0,0,0,0,Andrew Cuomo
23025,0,0,0,0,0,0,Andrew Cuomo
23026,0,0,0,0,0,0,Andrew Cuomo
23027,0,0,0,0,0,0,Andrew Cuomo
23028,0,0,0,0,0,0,Andrew Cuomo
23029,0,0,0,0,0,0,Andrew Cuomo
23030,0,0,0,0,0,0,Andrew Cuomo
23031,0,0,0,0,0,0,Andrew Cuomo
23032,0,0,0,0,0,0,Andrew Cuomo
23033,0,0,0,0,0,0,Andrew Cuomo
23034,0,0,0,0,0,0,Andrew Cuomo
23035,0,0,0,0,0,0,Andrew Cuomo
23036,0,0,0,0,0,0,Zohran Mamdani
23037,0,0,0,0,0,0,Zohran Mamdani
23038,0,0,0,0,0,0,Andrew Cuomo
23039,0,0,0,0,0,0,Zohran Mamdani
23040,0,0,0,0,0,0,Zohran Mamdani
23041,0,0,0,0,0,0,Zohran Mamdani
23042,0,0,0,0,0,0,Zohran Mamdani
23043,0,0,0,0,0,0,Zohran Mamdani
23044,0,0,0,0,0,0,Andrew Cuomo
23045,0,0,0,0,0,0,Andrew Cuomo
23046,0,0,0,0,0,0,Zohran Mamdani
23047,0,0,0,0,0,0,Zohran Mamdani
23048,0,0,0,0,0,0,Zohran Mamdani
23049,0,0,0,0,0,0,Zohran Mamdani
23050,0,0,0,0,0,0,Zohran Mamdani
23051,0,0,0,0,0,0,Zohran Mamdani
23052,0,0,0,0,0,0,Zohran Mamdani
23053,0,0,0,0,0,0,Zohran Mamdani
23054,0,0,0,0,0,0,Zohran Mamdani
23055,0,0,0,0,0,0,Zohran Mamdani
23056,0,0,0,0,0,0,Zohran Mamdani
23057,0,0,0,0,0,0,Zohran Mamdani
23058,0,0,0,0,0,0,Zohran Mamdani
23059,0,0,0,0,0,0,Andrew Cuomo
23060,0,0,0,0,0,0,Zohran Mamdani
23061,0,0,0,0,0,0,Zohran Mamdani
23062,0,0,0,0,0,0,Zohran Mamdani
23063,0,0,0,0,0,0,Zohran Mamdani
23064,0,0,0,0,0,0,Zohran Mamdani
23065,0,0,0,0,0,0,Andrew Cuomo
23066,0,0,0,0,0,0,Andrew Cuomo
23067,0,0,0,0,0,0,Zohran Mamdani
23068,0,0,0,0,0,0,Zohran Mamdani
23069,0,0,0,0,0,0,Zohran Mamdani
23070,0,0,0,0,0,0,Curtis Sliwa
23071,0,0,0,0,0,0,Curtis Sliwa
23072,0,0,0,0,0,0,Curtis Sliwa
23073,0,0,0,0,0,0,Curtis Sliwa
23074,0,0,0,0,0,0,Curtis Sliwa
24001,0,0,0,0,0,0,Zohran Mamdani
24002,0,0,0,0,0,0,Zohran Mamdani
24003,0,0,0,0,0,0,Zohran Mamdani
24004,0,0,0,0,0,0,Zohran Mamdani
24005,0,0,0,0,0,0,Zohran Mamdani
24006,0,0,0,0,0,0,Zohran Mamdani
24007,0,0,0,0,0,0,Zohran Mamdani
24008,0,0,0,0,0,0,Zohran Mamdani
24009,0,0,0,0,0,0,Zohran Mamdani
24010,0,0,0,0,0,0,Zohran Mamdani
24011,0,0,0,0,0,0,Zohran Mamdani
24012,0,0,0,0,0,0,Zohran Mamdani
24013,0,0,0,0,0,0,Zohran Mamdani
24014,0,0,0,0,0,0,Zohran Mamdani
24015,0,0,0,0,0,0,Zohran Mamdani
24016,0,0,0,0,0,0,Zohran Mamdani
24017,0,0,0,0,0,0,Zohran Mamdani
24018,0,0,0,0,0,0,Zohran Mamdani
24019,0,0,0,0,0,0,Zohran Mamdani
24020,0,0,0,0,0,0,Zohran Mamdani
24021,0,0,0,0,0,0,Zohran Mamdani
24022,0,0,0,0,0,0,Curtis Sliwa
24023,0,0,0,0,0,0,Zohran Mamdani
24024,0,0,0,0,0,0,Zohran Mamdani
24025,0,0,0,0,0,0,Zohran Mamdani
24026,0,0,0,0,0,0,Zohran Mamdani
24027,0,0,0,0,0,0,Zohran Mamdani
24028,0,0,0,0,0,0,Zohran Mamdani
24029,0,0,0,0,0,0,Zohran Mamdani
24030,0,0,0,0,0,0,Zohran Mamdani
24031,0,0,0,0,0,0,Zohran Mamdani
24032,0,0,0,0,0,0,Zohran Mamdani
24033,0,0,0,0,0,0,Curtis Sliwa
24034,0,0,0,0,0,0,Zohran Mamdani
24035,0,0,0,0,0,0,Zohran Mamdani
24036,0,0,0,0,0,0,Zohran Mamdani
24037,0,0,0,0,0,0,Zohran Mamdani
24038,0,0,0,0,0,0,Zohran Mamdani
24039,0,0,0,0,0,0,Zohran Mamdani
24040,0,0,0,0,0,0,Zohran Mamdani
24041,0,0,0,0,0,0,Zohran Mamdani
24042,0,0,0,0,0,0,Zohran Mamdani
24043,0,0,0,0,0,0,Zohran Mamdani
24044,0,0,0,0,0,0,Zohran Mamdani
24045,0,0,0,0,0,0,Zohran Mamdani
24046,0,0,0,0,0,0,Zohran Mamdani
24047,0,0,0,0,0,0,Zohran Mamdani
24048,0,0,0,0,0,0,Zohran Mamdani
24049,0,0,0,0,0,0,Andrew Cuomo
24050,0,0,0,0,0,0,Andrew Cuomo
24051,0,0,0,0,0,0,Andrew Cuomo
24052,0,0,0,0,0,0,Andrew Cuomo
24053,0,0,0,0,0,0,Andrew Cuomo
24054,0,0,0,0,0,0,Zohran Mamdani
24055,0,0,0,0,0,0,Zohran Mamdani
24056,0,0,0,0,0,0,Zohran Mamdani
24057,0,0,0,0,0,0,Zohran Mamdani
24058,0,0,0,0,0,0,Andrew Cuomo
24059,0,0,0,0,0,0,Andrew Cuomo
24060,0,0,0,0,0,0,Andrew Cuomo
24061,0,0,0,0,0,0,Zohran Mamdani
24062,0,0,0,0,0,0,Andrew Cuomo
24063,0,0,0,0,0,0,Andrew Cuomo
24064,0,0,0,0,0,0,Zohran Mamdani
24065,0,0,0,0,0,0,Zohran Mamdani
24066,0,0,0,0,0,0,Curtis Sliwa
25001,0,0,0,0,0,0,Zohran Mamdani
25002,0,0,0,0,0,0,Zohran Mamdani
25003,0,0,0,0,0,0,Tie
25004,0,0,0,0,0,0,Zohran Mamdani
25005,0,0,0,0,0,0,Zohran Mamdani
25006,0,0,0,0,0,0,Zohran Mamdani
25007,0,0,0,0,0,0,Curtis Sliwa
25008,0,0,0,0,0,0,Curtis Sliwa
25009,0,0,0,0,0,0,Andrew Cuomo
25010,0,0,0,0,0,0,Zohran Mamdani
25011,0,0,0,0,0,0,Andrew Cuomo
25012,0,0,0,0,0,0,Andrew Cuomo
25013,0,0,0,0,0,0,Zohran Mamdani
25014,0,0,0,0,0,0,Andrew Cuomo
25015,0,0,0,0,0,0,Zohran Mamdani
25016,0,0,0,0,0,0,Andrew Cuomo
25017,0,0,0,0,0,0,Andrew Cuomo
25018,0,0,0,0,0,0,Andrew Cuomo
25019,0,0,0,0,0,0,Zohran Mamdani
25020,0,0,0,0,0,0,Zohran Mamdani
25021,0,0,0,0,0,0,Zohran Mamdani
25022,0,0,0,0,0,0,Zohran Mamdani
25023,0,0,0,0,0,0,Zohran Mamdani
25024,0,0,0,0,0,0,Zohran Mamdani
25025,0,0,0,0,0,0,Zohran Mamdani
25026,0,0,0,0,0,0,Andrew Cuomo
25027,0,0,0,0,0,0,Zohran Mamdani
25028,0,0,0,0,0,0,Zohran Mamdani
25029,0,0,0,0,0,0,Zohran Mamdani
25030,0,0,0,0,0,0,Zohran Mamdani
25031,0,0,0,0,0,0,Zohran Mamdani
25032,0,0,0,0,0,0,Zohran Mamdani
25033,0,0,0,0,0,0,Zohran Mamdani
25034,0,0,0,0,0,0,Zohran Mamdani
25035,0,0,0,0,0,0,Zohran Mamdani
25036,0,0,0,0,0,0,Zohran Mamdani
25037,0,0,0,0,0,0,Zohran Mamdani
25038,0,0,0,0,0,0,Zohran Mamdani
25039,0,0,0,0,0,0,Zohran Mamdani
25040,0,0,0,0,0,0,Zohran Mamdani
25041,0,0,0,0,0,0,Zohran Mamdani
25042,0,0,0,0,0,0,Zohran Mamdani
25043,0,0,0,0,0,0,Andrew Cuomo
25044,0,0,0,0,0,0,Zohran Mamdani
25045,0,0,0,0,0,0,Zohran Mamdani
25046,0,0,0,0,0,0,Zohran Mamdani
25047,0,0,0,0,0,0,Zohran Mamdani
25048,0,0,0,0,0,0,Curtis Sliwa
25049,0,0,0,0,0,0,Zohran Mamdani
26001,0,0,0,0,0,0,Zohran Mamdani
26002,0,0,0,0,0,0,Zohran Mamdani
26003,0,0,0,0,0,0,Zohran Mamdani
26004,0,0,0,0,0,0,Zohran Mamdani
26005,0,0,0,0,0,0,Zohran Mamdani
26006,0,0,0,0,0,0,Zohran Mamdani
26007,0,0,0,0,0,0,Zohran Mamdani
26008,0,0,0,0,0,0,Andrew Cuomo
26009,0,0,0,0,0,0,Zohran Mamdani
26010,0,0,0,0,0,0,Andrew Cuomo
26011,0,0,0,0,0,0,Andrew Cuomo
26012,0,0,0,0,0,0,Andrew Cuomo
26013,0,0,0,0,0,0,Zohran Mamdani
26014,0,0,0,0,0,0,Zohran Mamdani
26015,0,0,0,0,0,0,Zohran Mamdani
26016,0,0,0,0,0,0,Zohran Mamdani
26017,0,0,0,0,0,0,Andrew Cuomo
26018,0,0,0,0,0,0,Zohran Mamdani
26019,0,0,0,0,0,0,Zohran Mamdani
26020,0,0,0,0,0,0,Zohran Mamdani
26021,0,0,0,0,0,0,Andrew Cuomo
26022,0,0,0,0,0,0,Zohran Mamdani
26023,0,0,0,0,0,0,Zohran Mamdani
26024,0,0,0,0,0,0,Andrew Cuomo
26025,0,0,0,0,0,0,Zohran Mamdani
26026,0,0,0,0,0,0,Zohran Mamdani
26027,0,0,0,0,0,0,Zohran Mamdani
26028,0,0,0,0,0,0,Zohran Mamdani
26029,0,0,0,0,0,0,Zohran Mamdani
26030,0,0,0,0,0,0,Zohran Mamdani
26031,0,0,0,0,0,0,Zohran Mamdani
26032,0,0,0,0,0,0,Zohran Mamdani
26033,0,0,0,0,0,0,Zohran Mamdani
26034,0,0,0,0,0,0,Zohran Mamdani
26035,0,0,0,0,0,0,Zohran Mamdani
26036,0,0,0,0,0,0,Zohran Mamdani
26037,0,0,0,0,0,0,Zohran Mamdani
26038,0,0,0,0,0,0,Andrew Cuomo
26039,0,0,0,0,0,0,Zohran Mamdani
26040,0,0,0,0,0,0,Andrew Cuomo
26041,0,0,0,0,0,0,Andrew Cuomo
26042,0,0,0,0,0,0,Andrew Cuomo
26043,0,0,0,0,0,0,Andrew Cuomo
26044,0,0,0,0,0,0,Andrew Cuomo
26045,0,0,0,0,0,0,Andrew Cuomo
26046,0,0,0,0,0,0,Andrew Cuomo
26047,0,0,0,0,0,0,Zohran Mamdani
26048,0,0,0,0,0,0,Zohran Mamdani
26049,0,0,0,0,0,0,Zohran Mamdani
26050,0,0,0,0,0,0,Andrew Cuomo
26051,0,0,0,0,0,0,Zohran Mamdani
26052,0,0,0,0,0,0,Zohran Mamdani
26053,0,0,0,0,0,0,Zohran Mamdani
26054,0,0,0,0,0,0,Zohran Mamdani
26055,0,0,0,0,0,0,Zohran Mamdani
26056,0,0,0,0,0,0,Zohran Mamdani
26057,0,0,0,0,0,0,Zohran Mamdani
26058,0,0,0,0,0,0,Zohran Mamdani
26059,0,0,0,0,0,0,Zohran Mamdani
26060,0,0,0,0,0,0,Zohran Mamdani
26061,0,0,0,0,0,0,Zohran Mamdani
26062,0,0,0,0,0,0,Zohran Mamdani
26063,0,0,0,0,0,0,Zohran Mamdani
26064,0,0,0,0,0,0,Zohran Mamdani
26065,0,0,0,0,0,0,Zohran Mamdani
27001,0,0,0,0,0,0,Zohran Mamdani
27002,0,0,0,0,0,0,Zohran Mamdani
27003,0,0,0,0,0,0,Zohran Mamdani
27004,0,0,0,0,0,0,Zohran Mamdani
27005,0,0,0,0,0,0,Zohran Mamdani
27006,0,0,0,0,0,0,Zohran Mamdani
27007,0,0,0,0,0,0,Zohran Mamdani
27008,0,0,0,0,0,0,Zohran Mamdani
27009,0,0,0,0,0,0,Andrew Cuomo
27010,0,0,0,0,0,0,Zohran Mamdani
27011,0,0,0,0,0,0,Zohran Mamdani
27012,0,0,0,0,0,0,Andrew Cuomo
27013,0,0,0,0,0,0,Zohran Mamdani
27014,0,0,0,0,0,0,Andrew Cuomo
27015,0,0,0,0,0,0,Andrew Cuomo
27016,0,0,0,0,0,0,Andrew Cuomo
27017,0,0,0,0,0,0,Zohran Mamdani
27018,0,0,0,0,0,0,Andrew Cuomo
27019,0,0,0,0,0,0,Zohran Mamdani
27020,0,0,0,0,0,0,Andrew Cuomo
27021,0,0,0,0,0,0,Andrew Cuomo
27022,0,0,0,0,0,0,Andrew Cuomo
27023,0,0,0,0,0,0,Andrew Cuomo
27024,0,0,0,0,0,0,Andrew Cuomo
27025,0,0,0,0,0,0,Andrew Cuomo
27026,0,0,0,0,0,0,Zohran Mamdani
27027,0,0,0,0,0,0,Andrew Cuomo
27028,0,0,0,0,0,0,Andrew Cuomo
27029,0,0,0,0,0,0,Andrew Cuomo
27030,0,0,0,0,0,0,Andrew Cuomo
27031,0,0,0,0,0,0,Zohran Mamdani
27032,0,0,0,0,0,0,Zohran Mamdani
27033,0,0,0,0,0,0,Zohran Mamdani
27034,0,0,0,0,0,0,Zohran Mamdani
27035,0,0,0,0,0,0,Zohran Mamdani
27036,0,0,0,0,0,0,Zohran Mamdani
27037,0,0,0,0,0,0,Zohran Mamdani
27038,0,0,0,0,0,0,Zohran Mamdani
27039,0,0,0,0,0,0,Zohran Mamdani
27040,0,0,0,0,0,0,Zohran Mamdani
27041,0,0,0,0,0,0,Zohran Mamdani
27042,0,0,0,0,0,0,Andrew Cuomo
27043,0,0,0,0,0,0,Zohran Mamdani
27044,0,0,0,0,0,0,Andrew Cuomo
27045,0,0,0,0,0,0,Andrew Cuomo
27046,0,0,0,0,0,0,Zohran Mamdani
27047,0,0,0,0,0,0,Zohran Mamdani
27048,0,0,0,0,0,0,Zohran Mamdani
27049,0,0,0,0,0,0,Zohran Mamdani
27050,0,0,0,0,0,0,Zohran Mamdani
27051,0,0,0,0,0,0,Andrew Cuomo
27052,0,0,0,0,0,0,Eric Adams
27053,0,0,0,0,0,0,Eric Adams
27054,0,0,0,0,0,0,Eric Adams
27055,0,0,0,0,0,0,Eric Adams
27056,0,0,0,0,0,0,Eric Adams
27057,0,0,0,0,0,0,Eric Adams
27058,0,0,0,0,0,0,Eric Adams
27059,0,0,0,0,0,0,Eric Adams
27060,0,0,0,0,0,0,Eric Adams
27061,0,0,0,0,0,0,Eric Adams
27062,0,0,0,0,0,0,Eric Adams
27063,0,0,0,0,0,0,Eric Adams
27064,0,0,0,0,0,0,Eric Adams
27065,0,0,0,0,0,0,Eric Adams
27066,0,0,0,0,0,0,Eric Adams
27067,0,0,0,0,0,0,Eric Adams
27068,0,0,0,0,0,0,Eric Adams
28001,0,0,0,0,0,0,Zohran Mamdani
28002,0,0,0,0,0,0,Zohran Mamdani
28003,0,0,0,0,0,0,Zohran Mamdani
28004,0,0,0,0,0,0,Zohran Mamdani
28005,0,0,0,0,0,0,Zohran Mamdani
28006,0,0,0,0,0,0,Andrew Cuomo
28007,0,0,0,0,0,0,Zohran Mamdani
28008,0,0,0,0,0,0,Zohran Mamdani
28009,0,0,0,0,0,0,Zohran Mamdani
28010,0,0,0,0,0,0,Zohran Mamdani
28011,0,0,0,0,0,0,Zohran Mamdani
28012,0,0,0,0,0,0,Zohran Mamdani
28013,0,0,0,0,0,0,Zohran Mamdani
28014,0,0,0,0,0,0,Zohran Mamdani
28015,0,0,0,0,0,0,Zohran Mamdani
28016,0,0,0,0,0,0,Zohran Mamdani
28017,0,0,0,0,0,0,Zohran Mamdani
28018,0,0,0,0,0,0,Eric Adams
28019,0,0,0,0,0,0,Zohran Mamdani
28020,0,0,0,0,0,0,Zohran Mamdani
28021,0,0,0,0,0,0,Eric Adams
28022,0,0,0,0,0,0,Zohran Mamdani
28023,0,0,0,0,0,0,Zohran Mamdani
28024,0,0,0,0,0,0,Andrew Cuomo
28025,0,0,0,0,0,0,Andrew Cuomo
28026,0,0,0,0,0,0,Zohran Mamdani
28027,0,0,0,0,0,0,Zohran Mamdani
28028,0,0,0,0,0,0,Zohran Mamdani
28029,0,0,0,0,0,0,Zohran Mamdani
28030,0,0,0,0,0,0,Zohran Mamdani
28031,0,0,0,0,0,0,Zohran Mamdani
28032,0,0,0,0,0,0,Zohran Mamdani
28033,0,0,0,0,0,0,Zohran Mamdani
28034,0,0,0,0,0,0,Zohran Mamdani
28035,0,0,0,0,0,0,Zohran Mamdani
28036,0,0,0,0,0,0,Zohran Mamdani
28037,0,0,0,0,0,0,Andrew Cuomo
28038,0,0,0,0,0,0,Zohran Mamdani
28039,0,0,0,0,0,0,Zohran Mamdani
28040,0,0,0,0,0,0,Zohran Mamdani
28041,0,0,0,0,0,0,Eric Adams
28042,0,0,0,0,0,0,Eric Adams
28043,0,0,0,0,0,0,Andrew Cuomo
28044,0,0,0,0,0,0,Andrew Cuomo
28045,0,0,0,0,0,0,Zohran Mamdani
28046,0,0,0,0,0,0,Zohran Mamdani
28047,0,0,0,0,0,0,Zohran Mamdani
28048,0,0,0,0,0,0,Zohran Mamdani
28049,0,0,0,0,0,0,Zohran Mamdani
28050,0,0,0,0,0,0,Zohran Mamdani
28051,0,0,0,0,0,0,Zohran Mamdani
28052,0,0,0,0,0,0,Zohran Mamdani
28053,0,0,0,0,0,0,Zohran Mamdani
28054,0,0,0,0,0,0,Andrew Cuomo
28055,0,0,0,0,0,0,Zohran Mamdani
28056,0,0,0,0,0,0,Zohran Mamdani
28057,0,0,0,0,0,0,Zohran Mamdani
28058,0,0,0,0,0,0,Zohran Mamdani
28059,0,0,0,0,0,0,Zohran Mamdani
28060,0,0,0,0,0,0,Zohran Mamdani
28061,0,0,0,0,0,0,Andrew Cuomo
28062,0,0,0,0,0,0,Zohran Mamdani
28063,0,0,0,0,0,0,Eric Adams
28064,0,0,0,0,0,0,Zohran Mamdani
28065,0,0,0,0,0,0,Zohran Mamdani
28066,0,0,0,0,0,0,Zohran Mamdani
28067,0,0,0,0,0,0,Zohran Mamdani
28068,0,0,0,0,0,0,Zohran Mamdani
28069,0,0,0,0,0,0,Zohran Mamdani
28070,0,0,0,0,0,0,Zohran Mamdani
28071,0,0,0,0,0,0,Zohran Mamdani
28072,0,0,0,0,0,0,Zohran Mamdani
28073,0,0,0,0,0,0,Zohran Mamdani
28074,0,0,0,0,0,0,Zohran Mamdani
28075,0,0,0,0,0,0,Zohran Mamdani
29001,0,0,0,0,0,0,Andrew Cuomo
29002,0,0,0,0,0,0,Andrew Cuomo
29003,0,0,0,0,0,0,Andrew Cuomo
29004,0,0,0,0,0,0,Andrew Cuomo
29005,0,0,0,0,0,0,Andrew Cuomo
29006,0,0,0,0,0,0,Andrew Cuomo
29007,0,0,0,0,0,0,Andrew Cuomo
29008,0,0,0,0,0,0,Andrew Cuomo
29009,0,0,0,0,0,0,Andrew Cuomo
29010,0,0,0,0,0,0,Andrew Cuomo
29011,0,0,0,0,0,0,Andrew Cuomo
29012,0,0,0,0,0,0,Andrew Cuomo
29013,0,0,0,0,0,0,Andrew Cuomo
29014,0,0,0,0,0,0,Andrew Cuomo
29015,0,0,0,0,0,0,Zohran Mamdani
29016,0,0,0,0,0,0,Zohran Mamdani
29017,0,0,0,0,0,0,Andrew Cuomo
29018,0,0,0,0,0,0,Andrew Cuomo
29019,0,0,0,0,0,0,Andrew Cuomo
29020,0,0,0,0,0,0,Andrew Cuomo
29021,0,0,0,0,0,0,Andrew Cuomo
29022,0,0,0,0,0,0,Andrew Cuomo
29023,0,0,0,0,0,0,Andrew Cuomo
29024,0,0,0,0,0,0,Zohran Mamdani
29025,0,0,0,0,0,0,Andrew Cuomo
29026,0,0,0,0,0,0,Zohran Mamdani
29027,0,0,0,0,0,0,Andrew Cuomo
29028,0,0,0,0,0,0,Andrew Cuomo
29029,0,0,0,0,0,0,Andrew Cuomo
29030,0,0,0,0,0,0,Andrew Cuomo
29031,0,0,0,0,0,0,Andrew Cuomo
29032,0,0,0,0,0,0,Andrew Cuomo
29033,0,0,0,0,0,0,Andrew Cuomo
29034,0,0,0,0,0,0,Andrew Cuomo
29035,0,0,0,0,0,0,Andrew Cuomo
29036,0,0,0,0,0,0,Andrew Cuomo
29037,0,0,0,0,0,0,Andrew Cuomo
29038,0,0,0,0,0,0,Andrew Cuomo
29039,0,0,0,0,0,0,Andrew Cuomo
29040,0,0,0,0,0,0,Andrew Cuomo
29041,0,0,0,0,0,0,Zohran Mamdani
29042,0,0,0,0,0,0,Curtis Sliwa
29043,0,0,0,0,0,0,Zohran Mamdani
29044,0,0,0,0,0,0,Zohran Mamdani
29045,0,0,0,0,0,0,Zohran Mamdani
29046,0,0,0,0,0,0,Zohran Mamdani
29047,0,0,0,0,0,0,Zohran Mamdani
29048,0,0,0,0,0,0,Zohran Mamdani
29049,0,0,0,0,0,0,Zohran Mamdani
29050,0,0,0,0,0,0,Zohran Mamdani
29051,0,0,0,0,0,0,Zohran Mamdani
29052,0,0,0,0,0,0,Zohran Mamdani
29053,0,0,0,0,0,0,Zohran Mamdani
29054,0,0,0,0,0,0,Zohran Mamdani
29055,0,0,0,0,0,0,Zohran Mamdani
29056,0,0,0,0,0,0,Andrew Cuomo
29057,0,0,0,0,0,0,Andrew Cuomo
29058,0,0,0,0,0,0,Zohran Mamdani
29059,0,0,0,0,0,0,Zohran Mamdani
29060,0,0,0,0,0,0,Zohran Mamdani
29061,0,0,0,0,0,0,Curtis Sliwa
29062,0,0,0,0,0,0,Curtis Sliwa
29063,0,0,0,0,0,0,Zohran Mamdani
29064,0,0,0,0,0,0,Curtis Sliwa
29065,0,0,0,0,0,0,Zohran Mamdani
29066,0,0,0,0,0,0,Andrew Cuomo
30001,0,0,0,0,0,0,Andrew Cuomo
30002,0,0,0,0,0,0,Curtis Sliwa
30003,0,0,0,0,0,0,Zohran Mamdani
30004,0,0,0,0,0,0,Zohran Mamdani
30005,0,0,0,0,0,0,Zohran Mamdani
30006,0,0,0,0,0,0,Zohran Mamdani
30007,0,0,0,0,0,0,Zohran Mamdani
30008,0,0,0,0,0,0,Zohran Mamdani
30009,0,0,0,0,0,0,Zohran Mamdani
30010,0,0,0,0,0,0,Zohran Mamdani
30011,0,0,0,0,0,0,Zohran Mamdani
30012,0,0,0,0,0,0,Zohran Mamdani
30013,0,0,0,0,0,0,Zohran Mamdani
30014,0,0,0,0,0,0,Zohran Mamdani
30015,0,0,0,0,0,0,Zohran Mamdani
30016,0,0,0,0,0,0,Zohran Mamdani
30017,0,0,0,0,0,0,Zohran Mamdani
30018,0,0,0,0,0,0,Zohran Mamdani
30019,0,0,0,0,0,0,Zohran Mamdani
30020,0,0,0,0,0,0,Zohran Mamdani
30021,0,0,0,0,0,0,Zohran Mamdani
30022,0,0,0,0,0,0,Zohran Mamdani
30023,0,0,0,0,0,0,Zohran Mamdani
30024,0,0,0,0,0,0,Zohran Mamdani
30025,0,0,0,0,0,0,Zohran Mamdani
30026,0,0,0,0,0,0,Curtis Sliwa
30027,0,0,0,0,0,0,Zohran Mamdani
30028,0,0,0,0,0,0,Zohran Mamdani
30029,0,0,0,0,0,0,Curtis Sliwa
30030,0,0,0,0,0,0,Zohran Mamdani
30031,0,0,0,0,0,0,Zohran Mamdani
30032,0,0,0,0,0,0,Zohran Mamdani
30033,0,0,0,0,0,0,Zohran Mamdani
30034,0,0,0,0,0,0,Zohran Mamdani
30035,0,0,0,0,0,0,Zohran Mamdani
30036,0,0,0,0,0,0,Zohran Mamdani
30037,0,0,0,0,0,0,Zohran Mamdani
30038,0,0,0,0,0,0,Zohran Mamdani
30039,0,0,0,0,0,0,Zohran Mamdani
30040,0,0,0,0,0,0,Zohran Mamdani
30041,0,0,0,0,0,0,Zohran Mamdani
30042,0,0,0,0,0,0,Zohran Mamdani
30043,0,0,0,0,0,0,Zohran Mamdani
30044,0,0,0,0,0,0,Zohran Mamdani
30045,0,0,0,0,0,0,Zohran Mamdani
30046,0,0,0,0,0,0,Zohran Mamdani
30047,0,0,0,0,0,0,Zohran Mamdani
30048,0,0,0,0,0,0,Zohran Mamdani
30049,0,0,0,0,0,0,Zohran Mamdani
30050,0,0,0,0,0,0,Zohran Mamdani
30051,0,0,0,0,0,0,Zohran Mamdani
30052,0,0,0,0,0,0,Zohran Mamdani
30053,0,0,0,0,0,0,Zohran Mamdani
30054,0,0,0,0,0,0,Zohran Mamdani
30055,0,0,0,0,0,0,Zohran Mamdani
30056,0,0,0,0,0,0,Zohran Mamdani
30057,0,0,0,0,0,0,Zohran Mamdani
30058,0,0,0,0,0,0,Zohran Mamdani
30059,0,0,0,0,0,0,Zohran Mamdani
31001,0,0,0,0,0,0,Andrew Cuomo
31002,0,0,0,0,0,0,Andrew Cuomo
31003,0,0,0,0,0,0,Andrew Cuomo
31004,0,0,0,0,0,0,Andrew Cuomo
31005,0,0,0,0,0,0,Andrew Cuomo
31006,0,0,0,0,0,0,Andrew Cuomo
31007,0,0,0,0,0,0,Zohran Mamdani
31008,0,0,0,0,0,0,Eric Adams
31009,0,0,0,0,0,0,Andrew Cuomo
31010,0,0,0,0,0,0,Andrew Cuomo
31011,0,0,0,0,0,0,Andrew Cuomo
31012,0,0,0,0,0,0,Andrew Cuomo
31013,0,0,0,0,0,0,Andrew Cuomo
31014,0,0,0,0,0,0,Andrew Cuomo
31015,0,0,0,0,0,0,Andrew Cuomo
31016,0,0,0,0,0,0,Zohran Mamdani
31017,0,0,0,0,0,0,Eric Adams
31018,0,0,0,0,0,0,Andrew Cuomo
31019,0,0,0,0,0,0,Zohran Mamdani
31020,0,0,0,0,0,0,Andrew Cuomo
31021,0,0,0,0,0,0,Zohran Mamdani
31022,0,0,0,0,0,0,Andrew Cuomo
31023,0,0,0,0,0,0,Andrew Cuomo
31024,0,0,0,0,0,0,Andrew Cuomo
31025,0,0,0,0,0,0,Andrew Cuomo
31026,0,0,0,0,0,0,Andrew Cuomo
31027,0,0,0,0,0,0,Andrew Cuomo
31028,0,0,0,0,0,0,Andrew Cuomo
31029,0,0,0,0,0,0,Andrew Cuomo
31030,0,0,0,0,0,0,Andrew Cuomo
31031,0,0,0,0,0,0,Andrew Cuomo
31032,0,0,0,0,0,0,Andrew Cuomo
31033,0,0,0,0,0,0,Zohran Mamdani
31034,0,0,0,0,0,0,Andrew Cuomo
31035,0,0,0,0,0,0,Andrew Cuomo
31036,0,0,0,0,0,0,Zohran Mamdani
31037,0,0,0,0,0,0,Andrew Cuomo
31038,0,0,0,0,0,0,Andrew Cuomo
31039,0,0,0,0,0,0,Zohran Mamdani
31040,0,0,0,0,0,0,Zohran Mamdani
31041,0,0,0,0,0,0,Andrew Cuomo
31042,0,0,0,0,0,0,Zohran Mamdani
31043,0,0,0,0,0,0,Zohran Mamdani
31044,0,0,0,0,0,0,Andrew Cuomo
31045,0,0,0,0,0,0,Zohran Mamdani
31046,0,0,0,0,0,0,Zohran Mamdani
31047,0,0,0,0,0,0,Zohran Mamdani
31048,0,0,0,0,0,0,Zohran Mamdani
31049,0,0,0,0,0,0,Zohran Mamdani
31050,0,0,0,0,0,0,Zohran Mamdani
31051,0,0,0,0,0,0,Zohran Mamdani
31052,0,0,0,0,0,0,Zohran Mamdani
31053,0,0,0,0,0,0,Zohran Mamdani
31054,0,0,0,0,0,0,Andrew Cuomo
31055,0,0,0,0,0,0,Andrew Cuomo
31056,0,0,0,0,0,0,Andrew Cuomo
31057,0,0,0,0,0,0,Zohran Mamdani
31058,0,0,0,0,0,0,Zohran Mamdani
31059,0,0,0,0,0,0,Zohran Mamdani
31060,0,0,0,0,0,0,Zohran Mamdani
31061,0,0,0,0,0,0,Eric Adams
31062,0,0,0,0,0,0,Eric Adams
31063,0,0,0,0,0,0,Eric Adams
32001,0,0,0,0,0,0,Eric Adams
32002,0,0,0,0,0,0,Eric Adams
32003,0,0,0,0,0,0,Eric Adams
32004,0,0,0,0,0,0,Eric Adams
32005,0,0,0,0,0,0,Eric Adams
32006,0,0,0,0,0,0,Eric Adams
32007,0,0,0,0,0,0,Eric Adams
32008,0,0,0,0,0,0,Zohran Mamdani
32009,0,0,0,0,0,0,Eric Adams
32010,0,0,0,0,0,0,Zohran Mamdani
32011,0,0,0,0,0,0,Eric Adams
32012,0,0,0,0,0,0,Zohran Mamdani
32013,0,0,0,0,0,0,Eric Adams
32014,0,0,0,0,0,0,Zohran Mamdani
32015,0,0,0,0,0,0,Zohran Mamdani
32016,0,0,0,0,0,0,Zohran Mamdani
32017,0,0,0,0,0,0,Zohran Mamdani
32018,0,0,0,0,0,0,Zohran Mamdani
32019,0,0,0,0,0,0,Andrew Cuomo
32020,0,0,0,0,0,0,Andrew Cuomo
32021,0,0,0,0,0,0,Andrew Cuomo
32022,0,0,0,0,0,0,Zohran Mamdani
32023,0,0,0,0,0,0,Andrew Cuomo
32024,0,0,0,0,0,0,Andrew Cuomo
32025,0,0,0,0,0,0,Andrew Cuomo
32026,0,0,0,0,0,0,Andrew Cuomo
32027,0,0,0,0,0,0,Andrew Cuomo
32028,0,0,0,0,0,0,Andrew Cuomo
32029,0,0,0,0,0,0,Andrew Cuomo
32030,0,0,0,0,0,0,Andrew Cuomo
32031,0,0,0,0,0,0,Andrew Cuomo
32032,0,0,0,0,0,0,Andrew Cuomo
32033,0,0,0,0,0,0,Zohran Mamdani
32034,0,0,0,0,0,0,Andrew Cuomo
32035,0,0,0,0,0,0,Andrew Cuomo
32036,0,0,0,0,0,0,Andrew Cuomo
32037,0,0,0,0,0,0,Andrew Cuomo
32038,0,0,0,0,0,0,Zohran Mamdani
32039,0,0,0,0,0,0,Andrew Cuomo
32040,0,0,0,0,0,0,Andrew Cuomo
32041,0,0,0,0,0,0,Andrew Cuomo
32042,0,0,0,0,0,0,Andrew Cuomo
32043,0,0,0,0,0,0,Andrew Cuomo
32044,0,0,0,0,0,0,Andrew Cuomo
32045,0,0,0,0,0,0,Zohran Mamdani
32046,0,0,0,0,0,0,Andrew Cuomo
32047,0,0,0,0,0,0,Andrew Cuomo
32048,0,0,0,0,0,0,Andrew Cuomo
32049,0,0,0,0,0,0,Andrew Cuomo
32050,0,0,0,0,0,0,Andrew Cuomo
32051,0,0,0,0,0,0,Andrew Cuomo
32052,0,0,0,0,0,0,Andrew Cuomo
32053,0,0,0,0,0,0,Andrew Cuomo
32054,0,0,0,0,0,0,Andrew Cuomo
32055,0,0,0,0,0,0,Andrew Cuomo
32056,0,0,0,0,0,0,Andrew Cuomo
32057,0,0,0,0,0,0,Andrew Cuomo
32058,0,0,0,0,0,0,Andrew Cuomo
32059,0,0,0,0,0,0,Andrew Cuomo
32060,0,0,0,0,0,0,Andrew Cuomo
32061,0,0,0,0,0,0,Andrew Cuomo
32062,0,0,0,0,0,0,Andrew Cuomo
32063,0,0,0,0,0,0,Andrew Cuomo
32064,0,0,0,0,0,0,Andrew Cuomo
32065,0,0,0,0,0,0,Andrew Cuomo
32066,0,0,0,0,0,0,Andrew Cuomo
32067,0,0,0,0,0,0,Andrew Cuomo
32068,0,0,0,0,0,0,Zohran Mamdani
33001,0,0,0,0,0,0,Zohran Mamdani
33002,0,0,0,0,0,0,Zohran Mamdani
33003,0,0,0,0,0,0,Zohran Mamdani
33004,0,0,0,0,0,0,Zohran Mamdani
33005,0,0,0,0,0,0,Zohran Mamdani
33006,0,0,0,0,0,0,Zohran Mamdani
33007,0,0,0,0,0,0,Zohran Mamdani
33008,0,0,0,0,0,0,Zohran Mamdani
33009,0,0,0,0,0,0,Zohran Mamdani
33010,0,0,0,0,0,0,Zohran Mamdani
33011,0,0,0,0,0,0,Zohran Mamdani
33012,0,0,0,0,0,0,Zohran Mamdani
33013,0,0,0,0,0,0,Zohran Mamdani
33014,0,0,0,0,0,0,Zohran Mamdani
33015,0,0,0,0,0,0,Zohran Mamdani
33016,0,0,0,0,0,0,Zohran Mamdani
33017,0,0,0,0,0,0,Zohran Mamdani
33018,0,0,0,0,0,0,Zohran Mamdani
33019,0,0,0,0,0,0,Zohran Mamdani
33020,0,0,0,0,0,0,Zohran Mamdani
33021,0,0,0,0,0,0,Zohran Mamdani
33022,0,0,0,0,0,0,Zohran Mamdani
33023,0,0,0,0,0,0,Zohran Mamdani
33024,0,0,0,0,0,0,Zohran Mamdani
33025,0,0,0,0,0,0,Zohran Mamdani
33026,0,0,0,0,0,0,Zohran Mamdani
33027,0,0,0,0,0,0,Andrew Cuomo
33028,0,0,0,0,0,0,Zohran Mamdani
33029,0,0,0,0,0,0,Andrew Cuomo
33030,0,0,0,0,0,0,Andrew Cuomo
33031,0,0,0,0,0,0,Andrew Cuomo
33032,0,0,0,0,0,0,Andrew Cuomo
33033,0,0,0,0,0,0,Andrew Cuomo
33034,0,0,0,0,0,0,Andrew Cuomo
33035,0,0,0,0,0,0,Andrew Cuomo
33036,0,0,0,0,0,0,Andrew Cuomo
33037,0,0,0,0,0,0,Andrew Cuomo
33038,0,0,0,0,0,0,Andrew Cuomo
33039,0,0,0,0,0,0,Andrew Cuomo
33040,0,0,0,0,0,0,Andrew Cuomo
33041,0,0,0,0,0,0,Andrew Cuomo
33042,0,0,0,0,0,0,Andrew Cuomo
33043,0,0,0,0,0,0,Andrew Cuomo
33044,0,0,0,0,0,0,Andrew Cuomo
33045,0,0,0,0,0,0,Andrew Cuomo
33046,0,0,0,0,0,0,Andrew Cuomo
33047,0,0,0,0,0,0,Andrew Cuomo
33048,0,0,0,0,0,0,Andrew Cuomo
33049,0,0,0,0,0,0,Andrew Cuomo
33050,0,0,0,0,0,0,Andrew Cuomo
33051,0,0,0,0,0,0,Andrew Cuomo
33052,0,0,0,0,0,0,Andrew Cuomo
33053,0,0,0,0,0,0,Andrew Cuomo
33054,0,0,0,0,0,0,Andrew Cuomo
33055,0,0,0,0,0,0,Andrew Cuomo
33056,0,0,0,0,0,0,Andrew Cuomo
33057,0,0,0,0,0,0,Andrew Cuomo
33058,0,0,0,0,0,0,Andrew Cuomo
33059,0,0,0,0,0,0,Andrew Cuomo
33060,0,0,0,0,0,0,Andrew Cuomo
33061,0,0,0,0,0,0,Andrew Cuomo
33062,0,0,0,0,0,0,Zohran Mamdani
33063,0,0,0,0,0,0,Zohran Mamdani
33064,0,0,0,0,0,0,Andrew Cuomo
34001,0,0,0,0,0,0,Zohran Mamdani
34002,0,0,0,0,0,0,Zohran Mamdani
34003,0,0,0,0,0,0,Zohran Mamdani
34004,0,0,0,0,0,0,Zohran Mamdani
34005,0,0,0,0,0,0,Zohran Mamdani
34006,0,0,0,0,0,0,Zohran Mamdani
34007,0,0,0,0,0,0,Zohran Mamdani
34008,0,0,0,0,0,0,Zohran Mamdani
34009,0,0,0,0,0,0,Zohran Mamdani
34010,0,0,0,0,0,0,Zohran Mamdani
34011,0,0,0,0,0,0,Zohran Mamdani
34012,0,0,0,0,0,0,Zohran Mamdani
34013,0,0,0,0,0,0,Zohran Mamdani
34014,0,0,0,0,0,0,Zohran Mamdani
34015,0,0,0,0,0,0,Zohran Mamdani
34016,0,0,0,0,0,0,Zohran Mamdani
34017,0,0,0,0,0,0,Zohran Mamdani
34018,0,0,0,0,0,0,Zohran Mamdani
34019,0,0,0,0,0,0,Zohran Mamdani
34020,0,0,0,0,0,0,Zohran Mamdani
34021,0,0,0,0,0,0,Andrew Cuomo
34022,0,0,0,0,0,0,Zohran Mamdani
34023,0,0,0,0,0,0,Zohran Mamdani
34024,0,0,0,0,0,0,Zohran Mamdani
34025,0,0,0,0,0,0,Zohran Mamdani
34026,0,0,0,0,0,0,Zohran Mamdani
34027,0,0,0,0,0,0,Zohran Mamdani
34028,0,0,0,0,0,0,Zohran Mamdani
34029,0,0,0,0,0,0,Zohran Mamdani
34030,0,0,0,0,0,0,Zohran Mamdani
34031,0,0,0,0,0,0,Zohran Mamdani
34032,0,0,0,0,0,0,Zohran Mamdani
34033,0,0,0,0,0,0,Zohran Mamdani
34034,0,0,0,0,0,0,Zohran Mamdani
34035,0,0,0,0,0,0,Zohran Mamdani
34036,0,0,0,0,0,0,Zohran Mamdani
34037,0,0,0,0,0,0,Zohran Mamdani
34038,0,0,0,0,0,0,Zohran Mamdani
34039,0,0,0,0,0,0,Zohran Mamdani
34040,0,0,0,0,0,0,Zohran Mamdani
34041,0,0,0,0,0,0,Zohran Mamdani
34042,0,0,0,0,0,0,Zohran Mamdani
34043,0,0,0,0,0,0,Zohran Mamdani
34044,0,0,0,0,0,0,Zohran Mamdani
34045,0,0,0,0,0,0,Zohran Mamdani
34046,0,0,0,0,0,0,Zohran Mamdani
34047,0,0,0,0,0,0,Zohran Mamdani
34048,0,0,0,0,0,0,Zohran Mamdani
34049,0,0,0,0,0,0,Zohran Mamdani
34050,0,0,0,0,0,0,Zohran Mamdani
34051,0,0,0,0,0,0,Zohran Mamdani
34052,0,0,0,0,0,0,Zohran Mamdani
34053,0,0,0,0,0,0,Zohran Mamdani
34054,0,0,0,0,0,0,Zohran Mamdani
34055,0,0,0,0,0,0,Zohran Mamdani
34056,0,0,0,0,0,0,Zohran Mamdani
34057,0,0,0,0,0,0,Zohran Mamdani
34058,0,0,0,0,0,0,Zohran Mamdani
34059,0,0,0,0,0,0,Zohran Mamdani
34060,0,0,0,0,0,0,Zohran Mamdani
35001,0,0,0,0,0,0,Zohran Mamdani
35002,0,0,0,0,0,0,Zohran Mamdani
35003,0,0,0,0,0,0,Zohran Mamdani
35004,0,0,0,0,0,0,Zohran Mamdani
35005,0,0,0,0,0,0,Andrew Cuomo
35006,0,0,0,0,0,0,Andrew Cuomo
35007,0,0,0,0,0,0,Andrew Cuomo
35008,0,0,0,0,0,0,Andrew Cuomo
35009,0,0,0,0,0,0,Zohran Mamdani
35010,0,0,0,0,0,0,Tie
35011,0,0,0,0,0,0,Zohran Mamdani
35012,0,0,0,0,0,0,Zohran Mamdani
35013,0,0,0,0,0,0,Zohran Mamdani
35014,0,0,0,0,0,0,Zohran Mamdani
35015,0,0,0,0,0,0,Andrew Cuomo
35016,0,0,0,0,0,0,Andrew Cuomo
35017,0,0,0,0,0,0,Zohran Mamdani
35018,0,0,0,0,0,0,Zohran Mamdani
35019,0,0,0,0,0,0,Zohran Mamdani
35020,0,0,0,0,0,0,Zohran Mamdani
35021,0,0,0,0,0,0,Andrew Cuomo
35022,0,0,0,0,0,0,Zohran Mamdani
35023,0,0,0,0,0,0,Zohran Mamdani
35024,0,0,0,0,0,0,Zohran Mamdani
35025,0,0,0,0,0,0,Andrew Cuomo
35026,0,0,0,0,0,0,Andrew Cuomo
35027,0,0,0,0,0,0,Zohran Mamdani
35028,0,0,0,0,0,0,Zohran Mamdani
35029,0,0,0,0,0,0,Zohran Mamdani
35030,0,0,0,0,0,0,Zohran Mamdani
35031,0,0,0,0,0,0,Zohran Mamdani
35032,0,0,0,0,0,0,Andrew Cuomo
35033,0,0,0,0,0,0,Andrew Cuomo
35034,0,0,0,0,0,0,Andrew Cuomo
35035,0,0,0,0,0,0,Andrew Cuomo
35036,0,0,0,0,0,0,Andrew Cuomo
35037,0,0,0,0,0,0,Zohran Mamdani
35038,0,0,0,0,0,0,Zohran Mamdani
35039,0,0,0,0,0,0,Zohran Mamdani
35040,0,0,0,0,0,0,Andrew Cuomo
35041,0,0,0,0,0,0,Zohran Mamdani
35042,0,0,0,0,0,0,Andrew Cuomo
35043,0,0,0,0,0,0,Zohran Mamdani
35044,0,0,0,0,0,0,Zohran Mamdani
35045,0,0,0,0,0,0,Zohran Mamdani
35046,0,0,0,0,0,0,Zohran Mamdani
35047,0,0,0,0,0,0,Zohran Mamdani
35048,0,0,0,0,0,0,Zohran Mamdani
35049,0,0,0,0,0,0,Zohran Mamdani
35050,0,0,0,0,0,0,Zohran Mamdani
35051,0,0,0,0,0,0,Zohran Mamdani
35052,0,0,0,0,0,0,Zohran Mamdani
35053,0,0,0,0,0,0,Zohran Mamdani
35054,0,0,0,0,0,0,Eric Adams
35055,0,0,0,0,0,0,Eric Adams
35056,0,0,0,0,0,0,Eric Adams
35057,0,0,0,0,0,0,Eric Adams
35058,0,0,0,0,0,0,Eric Adams
35059,0,0,0,0,0,0,Eric Adams
35060,0,0,0,0,0,0,Eric Adams
35061,0,0,0,0,0,0,Eric Adams
35062,0,0,0,0,0,0,Eric Adams
35063,0,0,0,0,0,0,Eric Adams
35064,0,0,0,0,0,0,Eric Adams
35065,0,0,0,0,0,0,Eric Adams
36001,0,0,0,0,0,0,Zohran Mamdani
36002,0,0,0,0,0,0,Zohran Mamdani
36003,0,0,0,0,0,0,Zohran Mamdani
36004,0,0,0,0,0,0,Zohran Mamdani
36005,0,0,0,0,0,0,Zohran Mamdani
36006,0,0,0,0,0,0,Andrew Cuomo
36007,0,0,0,0,0,0,Zohran Mamdani
36008,0,0,0,0,0,0,Zohran Mamdani
36009,0,0,0,0,0,0,Zohran Mamdani
36010,0,0,0,0,0,0,Zohran Mamdani
36011,0,0,0,0,0,0,Zohran Mamdani
36012,0,0,0,0,0,0,Zohran Mamdani
36013,0,0,0,0,0,0,Zohran Mamdani
36014,0,0,0,0,0,0,Zohran Mamdani
36015,0,0,0,0,0,0,Zohran Mamdani
36016,0,0,0,0,0,0,Zohran Mamdani
36017,0,0,0,0,0,0,Zohran Mamdani
36018,0,0,0,0,0,0,Zohran Mamdani
36019,0,0,0,0,0,0,Zohran Mamdani
36020,0,0,0,0,0,0,Zohran Mamdani
36021,0,0,0,0,0,0,Zohran Mamdani
36022,0,0,0,0,0,0,Zohran Mamdani
36023,0,0,0,0,0,0,Zohran Mamdani
36024,0,0,0,0,0,0,Zohran Mamdani
36025,0,0,0,0,0,0,Zohran Mamdani
36026,0,0,0,0,0,0,Zohran Mamdani
36027,0,0,0,0,0,0,Zohran Mamdani
36028,0,0,0,0,0,0,Zohran Mamdani
36029,0,0,0,0,0,0,Zohran Mamdani
36030,0,0,0,0,0,0,Zohran Mamdani
36031,0,0,0,0,0,0,Zohran Mamdani
36032,0,0,0,0,0,0,Zohran Mamdani
36033,0,0,0,0,0,0,Zohran Mamdani
36034,0,0,0,0,0,0,Zohran Mamdani
36035,0,0,0,0,0,0,Zohran Mamdani
36036,0,0,0,0,0,0,Zohran Mamdani
36037,0,0,0,0,0,0,Zohran Mamdani
36038,0,0,0,0,0,0,Andrew Cuomo
36039,0,0,0,0,0,0,Andrew Cuomo
36040,0,0,0,0,0,0,Andrew Cuomo
36041,0,0,0,0,0,0,Zohran Mamdani
36042,0,0,0,0,0,0,Zohran Mamdani
36043,0,0,0,0,0,0,Zohran Mamdani
36044,0,0,0,0,0,0,Zohran Mamdani
36045,0,0,0,0,0,0,Zohran Mamdani
36046,0,0,0,0,0,0,Andrew Cuomo
36047,0,0,0,0,0,0,Andrew Cuomo
36048,0,0,0,0,0,0,Zohran Mamdani
36049,0,0,0,0,0,0,Zohran Mamdani
36050,0,0,0,0,0,0,Zohran Mamdani
36051,0,0,0,0,0,0,Zohran Mamdani
36052,0,0,0,0,0,0,Zohran Mamdani
36053,0,0,0,0,0,0,Zohran Mamdani
36054,0,0,0,0,0,0,Zohran Mamdani
36055,0,0,0,0,0,0,Zohran Mamdani
36056,0,0,0,0,0,0,Zohran Mamdani
36057,0,0,0,0,0,0,Zohran Mamdani
36058,0,0,0,0,0,0,Zohran Mamdani
36059,0,0,0,0,0,0,Zohran Mamdani
36060,0,0,0,0,0,0,Zohran Mamdani
36061,0,0,0,0,0,0,Zohran Mamdani
36062,0,0,0,0,0,0,Zohran Mamdani
36063,0,0,0,0,0,0,Zohran Mamdani
36064,0,0,0,0,0,0,Zohran Mamdani
36065,0,0,0,0,0,0,Zohran Mamdani
36066,0,0,0,0,0,0,Zohran Mamdani
36067,0,0,0,0,0,0,Zohran Mamdani
36068,0,0,0,0,0,0,Zohran Mamdani
36069,0,0,0,0,0,0,Zohran Mamdani
36070,0,0,0,0,0,0,Zohran Mamdani
37001,0,0,0,0,0,0,Zohran Mamdani
37002,0,0,0,0,0,0,Zohran Mamdani
37003,0,0,0,0,0,0,Zohran Mamdani
37004,0,0,0,0,0,0,Zohran Mamdani
37005,0,0,0,0,0,0,Zohran Mamdani
37006,0,0,0,0,0,0,Zohran Mamdani
37007,0,0,0,0,0,0,Zohran Mamdani
37008,0,0,0,0,0,0,Zohran Mamdani
37009,0,0,0,0,0,0,Zohran Mamdani
37010,0,0,0,0,0,0,Zohran Mamdani
37011,0,0,0,0,0,0,Zohran Mamdani
37012,0,0,0,0,0,0,Zohran Mamdani
37013,0,0,0,0,0,0,Zohran Mamdani
37014,0,0,0,0,0,0,Zohran Mamdani
37015,0,0,0,0,0,0,Zohran Mamdani
37016,0,0,0,0,0,0,Zohran Mamdani
37017,0,0,0,0,0,0,Zohran Mamdani
37018,0,0,0,0,0,0,Zohran Mamdani
37019,0,0,0,0,0,0,Zohran Mamdani
37020,0,0,0,0,0,0,Zohran Mamdani
37021,0,0,0,0,0,0,Zohran Mamdani
37022,0,0,0,0,0,0,Zohran Mamdani
37023,0,0,0,0,0,0,Zohran Mamdani
37024,0,0,0,0,0,0,Zohran Mamdani
37025,0,0,0,0,0,0,Zohran Mamdani
37026,0,0,0,0,0,0,Zohran Mamdani
37027,0,0,0,0,0,0,Zohran Mamdani
37028,0,0,0,0,0,0,Zohran Mamdani
37029,0,0,0,0,0,0,Zohran Mamdani
37030,0,0,0,0,0,0,Zohran Mamdani
37031,0,0,0,0,0,0,Zohran Mamdani
37032,0,0,0,0,0,0,Zohran Mamdani
37033,0,0,0,0,0,0,Zohran Mamdani
37034,0,0,0,0,0,0,Zohran Mamdani
37035,0,0,0,0,0,0,Zohran Mamdani
37036,0,0,0,0,0,0,Zohran Mamdani
37037,0,0,0,0,0,0,Zohran Mamdani
37038,0,0,0,0,0,0,Zohran Mamdani
37039,0,0,0,0,0,0,Zohran Mamdani
37040,0,0,0,0,0,0,Zohran Mamdani
37041,0,0,0,0,0,0,Zohran Mamdani
37042,0,0,0,0,0,0,Zohran Mamdani
37043,0,0,0,0,0,0,Zohran Mamdani
37044,0,0,0,0,0,0,Zohran Mamdani
37045,0,0,0,0,0,0,Zohran Mamdani
37046,0,0,0,0,0,0,Zohran Mamdani
37047,0,0,0,0,0,0,Zohran Mamdani
37048,0,0,0,0,0,0,Zohran Mamdani
37049,0,0,0,0,0,0,Zohran Mamdani
37050,0,0,0,0,0,0,Zohran Mamdani
37051,0,0,0,0,0,0,Zohran Mamdani
37052,0,0,0,0,0,0,Zohran Mamdani
37053,0,0,0,0,0,0,Zohran Mamdani
37054,0,0,0,0,0,0,Zohran Mamdani
37055,0,0,0,0,0,0,Zohran Mamdani
37056,0,0,0,0,0,0,Zohran Mamdani
37057,0,0,0,0,0,0,Zohran Mamdani
37058,0,0,0,0,0,0,Zohran Mamdani
37059,0,0,0,0,0,0,Zohran Mamdani
37060,0,0,0,0,0,0,Zohran Mamdani
37061,0,0,0,0,0,0,Zohran Mamdani
37062,0,0,0,0,0,0,Zohran Mamdani
37063,0,0,0,0,0,0,Zohran Mamdani
37064,0,0,0,0,0,0,Zohran Mamdani
37065,0,0,0,0,0,0,Zohran Mamdani
37066,0,0,0,0,0,0,Zohran Mamdani
37067,0,0,0,0,0,0,Zohran Mamdani
37068,0,0,0,0,0,0,Zohran Mamdani
37069,0,0,0,0,0,0,Zohran Mamdani
37070,0,0,0,0,0,0,Zohran Mamdani
37071,0,0,0,0,0,0,Zohran Mamdani
38001,0,0,0,0,0,0,Zohran Mamdani
38002,0,0,0,0,0,0,Zohran Mamdani
38003,0,0,0,0,0,0,Zohran Mamdani
38004,0,0,0,0,0,0,Zohran Mamdani
38005,0,0,0,0,0,0,Zohran Mamdani
38006,0,0,0,0,0,0,Zohran Mamdani
38007,0,0,0,0,0,0,Zohran Mamdani
38008,0,0,0,0,0,0,Zohran Mamdani
38009,0,0,0,0,0,0,Zohran Mamdani
38010,0,0,0,0,0,0,Zohran Mamdani
38011,0,0,0,0,0,0,Zohran Mamdani
38012,0,0,0,0,0,0,Zohran Mamdani
38013,0,0,0,0,0,0,Zohran Mamdani
38014,0,0,0,0,0,0,Zohran Mamdani
38015,0,0,0,0,0,0,Zohran Mamdani
38016,0,0,0,0,0,0,Zohran Mamdani
38017,0,0,0,0,0,0,Zohran Mamdani
38018,0,0,0,0,0,0,Zohran Mamdani
38019,0,0,0,0,0,0,Zohran Mamdani
38020,0,0,0,0,0,0,Zohran Mamdani
38021,0,0,0,0,0,0,Zohran Mamdani
38022,0,0,0,0,0,0,Zohran Mamdani
38023,0,0,0,0,0,0,Zohran Mamdani
38024,0,0,0,0,0,0,Zohran Mamdani
38025,0,0,0,0,0,0,Zohran Mamdani
38026,0,0,0,0,0,0,Zohran Mamdani
38027,0,0,0,0,0,0,Zohran Mamdani
38028,0,0,0,0,0,0,Zohran Mamdani
38029,0,0,0,0,0,0,Zohran Mamdani
38030,0,0,0,0,0,0,Zohran Mamdani
38031,0,0,0,0,0,0,Zohran Mamdani
38032,0,0,0,0,0,0,Zohran Mamdani
38033,0,0,0,0,0,0,Zohran Mamdani
38034,0,0,0,0,0,0,Zohran Mamdani
38035,0,0,0,0,0,0,Zohran Mamdani
38036,0,0,0,0,0,0,Zohran Mamdani
38037,0,0,0,0,0,0,Zohran Mamdani
38038,0,0,0,0,0,0,Zohran Mamdani
38039,0,0,0,0,0,0,Zohran Mamdani
38040,0,0,0,0,0,0,Zohran Mamdani
38041,0,0,0,0,0,0,Zohran Mamdani
38042,0,0,0,0,0,0,Zohran Mamdani
38043,0,0,0,0,0,0,Zohran Mamdani
38044,0,0,0,0,0,0,Zohran Mamdani
38045,0,0,0,0,0,0,Zohran Mamdani
38046,0,0,0,0,0,0,Zohran Mamdani
38047,0,0,0,0,0,0,Zohran Mamdani
38048,0,0,0,0,0,0,Zohran Mamdani
38049,0,0,0,0,0,0,Zohran Mamdani
38050,0,0,0,0,0,0,Zohran Mamdani
38051,0,0,0,0,0,0,Zohran Mamdani
38052,0,0,0,0,0,0,Zohran Mamdani
38053,0,0,0,0,0,0,Zohran Mamdani
38054,0,0,0,0,0,0,Zohran Mamdani
38055,0,0,0,0,0,0,Zohran Mamdani
39001,0,0,0,0,0,0,Zohran Mamdani
39002,0,0,0,0,0,0,Zohran Mamdani
39003,0,0,0,0,0,0,Zohran Mamdani
39004,0,0,0,0,0,0,Zohran Mamdani
39005,0,0,0,0,0,0,Zohran Mamdani
39006,0,0,0,0,0,0,Zohran Mamdani
39007,0,0,0,0,0,0,Zohran Mamdani
39008,0,0,0,0,0,0,Zohran Mamdani
39009,0,0,0,0,0,0,Zohran Mamdani
39010,0,0,0,0,0,0,Zohran Mamdani
39011,0,0,0,0,0,0,Zohran Mamdani
39012,0,0,0,0,0,0,Zohran Mamdani
39013,0,0,0,0,0,0,Zohran Mamdani
39014,0,0,0,0,0,0,Zohran Mamdani
39015,0,0,0,0,0,0,Zohran Mamdani
39016,0,0,0,0,0,0,Zohran Mamdani
39017,0,0,0,0,0,0,Zohran Mamdani
39018,0,0,0,0,0,0,Zohran Mamdani
39019,0,0,0,0,0,0,Zohran Mamdani
39020,0,0,0,0,0,0,Zohran Mamdani
39021,0,0,0,0,0,0,Zohran Mamdani
39022,0,0,0,0,0,0,Zohran Mamdani
39023,0,0,0,0,0,0,Zohran Mamdani
39024,0,0,0,0,0,0,Zohran Mamdani
39025,0,0,0,0,0,0,Zohran Mamdani
39026,0,0,0,0,0,0,Zohran Mamdani
39027,0,0,0,0,0,0,Zohran Mamdani
39028,0,0,0,0,0,0,Zohran Mamdani
39029,0,0,0,0,0,0,Zohran Mamdani
39030,0,0,0,0,0,0,Zohran Mamdani
39031,0,0,0,0,0,0,Zohran Mamdani
39032,0,0,0,0,0,0,Zohran Mamdani
39033,0,0,0,0,0,0,Zohran Mamdani
39034,0,0,0,0,0,0,Zohran Mamdani
39035,0,0,0,0,0,0,Zohran Mamdani
39036,0,0,0,0,0,0,Zohran Mamdani
39037,0,0,0,0,0,0,Zohran Mamdani
39038,0,0,0,0,0,0,Zohran Mamdani
39039,0,0,0,0,0,0,Zohran Mamdani
39040,0,0,0,0,0,0,Zohran Mamdani
39041,0,0,0,0,0,0,Zohran Mamdani
39042,0,0,0,0,0,0,Zohran Mamdani
39043,0,0,0,0,0,0,Zohran Mamdani
39044,0,0,0,0,0,0,Zohran Mamdani
39045,0,0,0,0,0,0,Zohran Mamdani
39046,0,0,0,0,0,0,Zohran Mamdani
39047,0,0,0,0,0,0,Andrew Cuomo
39048,0,0,0,0,0,0,Zohran Mamdani
39049,0,0,0,0,0,0,Zohran Mamdani
39050,0,0,0,0,0,0,Zohran Mamdani
39051,0,0,0,0,0,0,Zohran Mamdani
39052,0,0,0,0,0,0,Zohran Mamdani
40001,0,0,0,0,0,0,Zohran Mamdani
40002,0,0,0,0,0,0,Zohran Mamdani
40003,0,0,0,0,0,0,Zohran Mamdani
40004,0,0,0,0,0,0,Zohran Mamdani
40005,0,0,0,0,0,0,Zohran Mamdani
40006,0,0,0,0,0,0,Zohran Mamdani
40007,0,0,0,0,0,0,Zohran Mamdani
40008,0,0,0,0,0,0,Zohran Mamdani
40009,0,0,0,0,0,0,Zohran Mamdani
40010,0,0,0,0,0,0,Zohran Mamdani
40011,0,0,0,0,0,0,Zohran Mamdani
40012,0,0,0,0,0,0,Zohran Mamdani
40013,0,0,0,0,0,0,Zohran Mamdani
40014,0,0,0,0,0,0,Zohran Mamdani
40015,0,0,0,0,0,0,Zohran Mamdani
40016,0,0,0,0,0,0,Zohran Mamdani
40017,0,0,0,0,0,0,Zohran Mamdani
40018,0,0,0,0,0,0,Zohran Mamdani
40019,0,0,0,0,0,0,Zohran Mamdani
40020,0,0,0,0,0,0,Zohran Mamdani
40021,0,0,0,0,0,0,Zohran Mamdani
40022,0,0,0,0,0,0,Zohran Mamdani
40023,0,0,0,0,0,0,Zohran Mamdani
40024,0,0,0,0,0,0,Zohran Mamdani
40025,0,0,0,0,0,0,Zohran Mamdani
40026,0,0,0,0,0,0,Andrew Cuomo
40027,0,0,0,0,0,0,Andrew Cuomo
40028,0,0,0,0,0,0,Andrew Cuomo
40029,0,0,0,0,0,0,Zohran Mamdani
40030,0,0,0,0,0,0,Zohran Mamdani
40031,0,0,0,0,0,0,Zohran Mamdani
40032,0,0,0,0,0,0,Zohran Mamdani
40033,0,0,0,0,0,0,Zohran Mamdani
40034,0,0,0,0,0,0,Zohran Mamdani
40035,0,0,0,0,0,0,Zohran Mamdani
40036,0,0,0,0,0,0,Zohran Mamdani
40037,0,0,0,0,0,0,Zohran Mamdani
40038,0,0,0,0,0,0,Zohran Mamdani
40039,0,0,0,0,0,0,Zohran Mamdani
40040,0,0,0,0,0,0,Zohran Mamdani
40041,0,0,0,0,0,0,Zohran Mamdani
40042,0,0,0,0,0,0,Zohran Mamdani
40043,0,0,0,0,0,0,Zohran Mamdani
40044,0,0,0,0,0,0,Zohran Mamdani
40045,0,0,0,0,0,0,Zohran Mamdani
40046,0,0,0,0,0,0,Zohran Mamdani
40047,0,0,0,0,0,0,Zohran Mamdani
40048,0,0,0,0,0,0,Zohran Mamdani
41001,0,0,0,0,0,0,Andrew Cuomo
41002,0,0,0,0,0,0,Andrew Cuomo
41003,0,0,0,0,0,0,Andrew Cuomo
41004,0,0,0,0,0,0,Andrew Cuomo
41005,0,0,0,0,0,0,Zohran Mamdani
41006,0,0,0,0,0,0,Zohran Mamdani
41007,0,0,0,0,0,0,Andrew Cuomo
41008,0,0,0,0,0,0,Andrew Cuomo
41009,0,0,0,0,0,0,Andrew Cuomo
41010,0,0,0,0,0,0,Andrew Cuomo
41011,0,0,0,0,0,0,Andrew Cuomo
41012,0,0,0,0,0,0,Andrew Cuomo
41013,0,0,0,0,0,0,Andrew Cuomo
41014,0,0,0,0,0,0,Andrew Cuomo
41015,0,0,0,0,0,0,Andrew Cuomo
41016,0,0,0,0,0,0,Andrew Cuomo
41017,0,0,0,0,0,0,Zohran Mamdani
41018,0,0,0,0,0,0,Andrew Cuomo
41019,0,0,0,0,0,0,Andrew Cuomo
41020,0,0,0,0,0,0,Andrew Cuomo
41021,0,0,0,0,0,0,Andrew Cuomo
41022,0,0,0,0,0,0,Zohran Mamdani
41023,0,0,0,0,0,0,Andrew Cuomo
41024,0,0,0,0,0,0,Andrew Cuomo
41025,0,0,0,0,0,0,Andrew Cuomo
41026,0,0,0,0,0,0,Andrew Cuomo
41027,0,0,0,0,0,0,Andrew Cuomo
41028,0,0,0,0,0,0,Andrew Cuomo
41029,0,0,0,0,0,0,Andrew Cuomo
41030,0,0,0,0,0,0,Andrew Cuomo
41031,0,0,0,0,0,0,Andrew Cuomo
41032,0,0,0,0,0,0,Andrew Cuomo
41033,0,0,0,0,0,0,Andrew Cuomo
41034,0,0,0,0,0,0,Andrew Cuomo
41035,0,0,0,0,0,0,Andrew Cuomo
41036,0,0,0,0,0,0,Andrew Cuomo
41037,0,0,0,0,0,0,Zohran Mamdani
41038,0,0,0,0,0,0,Zohran Mamdani
41039,0,0,0,0,0,0,Andrew Cuomo
41040,0,0,0,0,0,0,Andrew Cuomo
41041,0,0,0,0,0,0,Andrew Cuomo
41042,0,0,0,0,0,0,Zohran Mamdani
41043,0,0,0,0,0,0,Zohran Mamdani
41044,0,0,0,0,0,0,Zohran Mamdani
41045,0,0,0,0,0,0,Andrew Cuomo
41046,0,0,0,0,0,0,Zohran Mamdani
41047,0,0,0,0,0,0,Zohran Mamdani
41048,0,0,0,0,0,0,Zohran Mamdani
41049,0,0,0,0,0,0,Andrew Cuomo
41050,0,0,0,0,0,0,Andrew Cuomo
41051,0,0,0,0,0,0,Zohran Mamdani
41052,0,0,0,0,0,0,Andrew Cuomo
41053,0,0,0,0,0,0,Zohran Mamdani
41054,0,0,0,0,0,0,Andrew Cuomo
41055,0,0,0,0,0,0,Zohran Mamdani
41056,0,0,0,0,0,0,Zohran Mamdani
41057,0,0,0,0,0,0,Zohran Mamdani
41058,0,0,0,0,0,0,Andrew Cuomo
41059,0,0,0,0,0,0,Zohran Mamdani
41060,0,0,0,0,0,0,Tie
41061,0,0,0,0,0,0,Zohran Mamdani
41062,0,0,0,0,0,0,Andrew Cuomo
41063,0,0,0,0,0,0,Zohran Mamdani
41064,0,0,0,0,0,0,Zohran Mamdani
41065,0,0,0,0,0,0,Zohran Mamdani
41066,0,0,0,0,0,0,Zohran Mamdani
41067,0,0,0,0,0,0,Zohran Mamdani
41068,0,0,0,0,0,0,Zohran Mamdani
41069,0,0,0,0,0,0,Zohran Mamdani
41070,0,0,0,0,0,0,Zohran Mamdani
41071,0,0,0,0,0,0,Zohran Mamdani
42001,0,0,0,0,0,0,Zohran Mamdani
42002,0,0,0,0,0,0,Zohran Mamdani
42003,0,0,0,0,0,0,Zohran Mamdani
42004,0,0,0,0,0,0,Zohran Mamdani
42005,0,0,0,0,0,0,Zohran Mamdani
42006,0,0,0,0,0,0,Zohran Mamdani
42007,0,0,0,0,0,0,Zohran Mamdani
42008,0,0,0,0,0,0,Zohran Mamdani
42009,0,0,0,0,0,0,Zohran Mamdani
42010,0,0,0,0,0,0,Andrew Cuomo
42011,0,0,0,0,0,0,Zohran Mamdani
42012,0,0,0,0,0,0,Zohran Mamdani
42013,0,0,0,0,0,0,Zohran Mamdani
42014,0,0,0,0,0,0,Zohran Mamdani
42015,0,0,0,0,0,0,Zohran Mamdani
42016,0,0,0,0,0,0,Zohran Mamdani
42017,0,0,0,0,0,0,Zohran Mamdani
42018,0,0,0,0,0,0,Zohran Mamdani
42019,0,0,0,0,0,0,Zohran Mamdani
42020,0,0,0,0,0,0,Zohran Mamdani
42021,0,0,0,0,0,0,Zohran Mamdani
42022,0,0,0,0,0,0,Zohran Mamdani
42023,0,0,0,0,0,0,Zohran Mamdani
42024,0,0,0,0,0,0,Zohran Mamdani
42025,0,0,0,0,0,0,Zohran Mamdani
42026,0,0,0,0,0,0,Zohran Mamdani
42027,0,0,0,0,0,0,Zohran Mamdani
42028,0,0,0,0,0,0,Zohran Mamdani
42029,0,0,0,0,0,0,Zohran Mamdani
42030,0,0,0,0,0,0,Zohran Mamdani
42031,0,0,0,0,0,0,Andrew Cuomo
42032,0,0,0,0,0,0,Andrew Cuomo
42033,0,0,0,0,0,0,Andrew Cuomo
42034,0,0,0,0,0,0,Zohran Mamdani
42035,0,0,0,0,0,0,Andrew Cuomo
42036,0,0,0,0,0,0,Zohran Mamdani
42037,0,0,0,0,0,0,Andrew Cuomo
42038,0,0,0,0,0,0,Andrew Cuomo
42039,0,0,0,0,0,0,Andrew Cuomo
42040,0,0,0,0,0,0,Andrew Cuomo
42041,0,0,0,0,0,0,Zohran Mamdani
42042,0,0,0,0,0,0,Zohran Mamdani
42043,0,0,0,0,0,0,Andrew Cuomo
42044,0,0,0,0,0,0,Andrew Cuomo
42045,0,0,0,0,0,0,Zohran Mamdani
42046,0,0,0,0,0,0,Zohran Mamdani
42047,0,0,0,0,0,0,Zohran Mamdani
42048,0,0,0,0,0,0,Zohran Mamdani
42049,0,0,0,0,0,0,Zohran Mamdani
42050,0,0,0,0,0,0,Tie
42051,0,0,0,0,0,0,Andrew Cuomo
42052,0,0,0,0,0,0,Andrew Cuomo
42053,0,0,0,0,0,0,Andrew Cuomo
42054,0,0,0,0,0,0,Andrew Cuomo
42055,0,0,0,0,0,0,Andrew Cuomo
42056,0,0,0,0,0,0,Andrew Cuomo
42057,0,0,0,0,0,0,Andrew Cuomo
42058,0,0,0,0,0,0,Andrew Cuomo
42059,0,0,0,0,0,0,Zohran Mamdani
43001,0,0,0,0,0,0,Zohran Mamdani
43002,0,0,0,0,0,0,Zohran Mamdani
43003,0,0,0,0,0,0,Zohran Mamdani
43004,0,0,0,0,0,0,Zohran Mamdani
43005,0,0,0,0,0,0,Zohran Mamdani
43006,0,0,0,0,0,0,Zohran Mamdani
43007,0,0,0,0,0,0,Zohran Mamdani
43008,0,0,0,0,0,0,Zohran Mamdani
43009,0,0,0,0,0,0,Zohran Mamdani
43010,0,0,0,0,0,0,Zohran Mamdani
43011,0,0,0,0,0,0,Zohran Mamdani
43012,0,0,0,0,0,0,Zohran Mamdani
43013,0,0,0,0,0,0,Andrew Cuomo
43014,0,0,0,0,0,0,Zohran Mamdani
43015,0,0,0,0,0,0,Andrew Cuomo
43016,0,0,0,0,0,0,Zohran Mamdani
43017,0,0,0,0,0,0,Zohran Mamdani
43018,0,0,0,0,0,0,Zohran Mamdani
43019,0,0,0,0,0,0,Zohran Mamdani
43020,0,0,0,0,0,0,Andrew Cuomo
43021,0,0,0,0,0,0,Andrew Cuomo
43022,0,0,0,0,0,0,Andrew Cuomo
43023,0,0,0,0,0,0,Andrew Cuomo
43024,0,0,0,0,0,0,Andrew Cuomo
43025,0,0,0,0,0,0,Andrew Cuomo
43026,0,0,0,0,0,0,Andrew Cuomo
43027,0,0,0,0,0,0,Andrew Cuomo
43028,0,0,0,0,0,0,Andrew Cuomo
43029,0,0,0,0,0,0,Zohran Mamdani
43030,0,0,0,0,0,0,Zohran Mamdani
43031,0,0,0,0,0,0,Zohran Mamdani
43032,0,0,0,0,0,0,Zohran Mamdani
43033,0,0,0,0,0,0,Zohran Mamdani
43034,0,0,0,0,0,0,Zohran Mamdani
43035,0,0,0,0,0,0,Zohran Mamdani
43036,0,0,0,0,0,0,Zohran Mamdani
43037,0,0,0,0,0,0,Zohran Mamdani
43038,0,0,0,0,0,0,Zohran Mamdani
43039,0,0,0,0,0,0,Zohran Mamdani
43040,0,0,0,0,0,0,Zohran Mamdani
43041,0,0,0,0,0,0,Zohran Mamdani
43042,0,0,0,0,0,0,Zohran Mamdani
43043,0,0,0,0,0,0,Andrew Cuomo
43044,0,0,0,0,0,0,Andrew Cuomo
43045,0,0,0,0,0,0,Andrew Cuomo
43046,0,0,0,0,0,0,Andrew Cuomo
43047,0,0,0,0,0,0,Andrew Cuomo
43048,0,0,0,0,0,0,Zohran Mamdani
43049,0,0,0,0,0,0,Andrew Cuomo
43050,0,0,0,0,0,0,Zohran Mamdani
43051,0,0,0,0,0,0,Andrew Cuomo
43052,0,0,0,0,0,0,Andrew Cuomo
43053,0,0,0,0,0,0,Zohran Mamdani
43054,0,0,0,0,0,0,Zohran Mamdani
43055,0,0,0,0,0,0,Zohran Mamdani
43056,0,0,0,0,0,0,Zohran Mamdani
43057,0,0,0,0,0,0,Zohran Mamdani
43058,0,0,0,0,0,0,Zohran Mamdani
43059,0,0,0,0,0,0,Zohran Mamdani
43060,0,0,0,0,0,0,Zohran Mamdani
43061,0,0,0,0,0,0,Zohran Mamdani
43062,0,0,0,0,0,0,Zohran Mamdani
43063,0,0,0,0,0,0,Zohran Mamdani
43064,0,0,0,0,0,0,Zohran Mamdani
43065,0,0,0,0,0,0,Zohran Mamdani
43066,0,0,0,0,0,0,Zohran Mamdani
43067,0,0,0,0,0,0,Zohran Mamdani
43068,0,0,0,0,0,0,Zohran Mamdani
44001,0,0,0,0,0,0,Zohran Mamdani
44002,0,0,0,0,0,0,Zohran Mamdani
44003,0,0,0,0,0,0,Zohran Mamdani
44004,0,0,0,0,0,0,Zohran Mamdani
44005,0,0,0,0,0,0,Zohran Mamdani
44006,0,0,0,0,0,0,Zohran Mamdani
44007,0,0,0,0,0,0,Zohran Mamdani
44008,0,0,0,0,0,0,Zohran Mamdani
44009,0,0,0,0,0,0,Zohran Mamdani
44010,0,0,0,0,0,0,Zohran Mamdani
44011,0,0,0,0,0,0,Zohran Mamdani
44012,0,0,0,0,0,0,Zohran Mamdani
44013,0,0,0,0,0,0,Zohran Mamdani
44014,0,0,0,0,0,0,Zohran Mamdani
44015,0,0,0,0,0,0,Zohran Mamdani
44016,0,0,0,0,0,0,Zohran Mamdani
44017,0,0,0,0,0,0,Zohran Mamdani
44018,0,0,0,0,0,0,Zohran Mamdani
44019,0,0,0,0,0,0,Zohran Mamdani
44020,0,0,0,0,0,0,Zohran Mamdani
44021,0,0,0,0,0,0,Zohran Mamdani
44022,0,0,0,0,0,0,Zohran Mamdani
44023,0,0,0,0,0,0,Zohran Mamdani
44024,0,0,0,0,0,0,Zohran Mamdani
44025,0,0,0,0,0,0,Zohran Mamdani
44026,0,0,0,0,0,0,Zohran Mamdani
44027,0,0,0,0,0,0,Zohran Mamdani
44028,0,0,0,0,0,0,Zohran Mamdani
44029,0,0,0,0,0,0,Zohran Mamdani
44030,0,0,0,0,0,0,Zohran Mamdani
44031,0,0,0,0,0,0,Zohran Mamdani
44032,0,0,0,0,0,0,Zohran Mamdani
44033,0,0,0,0,0,0,Zohran Mamdani
44034,0,0,0,0,0,0,Zohran Mamdani
44035,0,0,0,0,0,0,Zohran Mamdani
44036,0,0,0,0,0,0,Zohran Mamdani
44037,0,0,0,0,0,0,Zohran Mamdani
44038,0,0,0,0,0,0,Zohran Mamdani
44039,0,0,0,0,0,0,Zohran Mamdani
44040,0,0,0,0,0,0,Zohran Mamdani
44041,0,0,0,0,0,0,Zohran Mamdani
44042,0,0,0,0,0,0,Zohran Mamdani
44043,0,0,0,0,0,0,Zohran Mamdani
44044,0,0,0,0,0,0,Zohran Mamdani
44045,0,0,0,0,0,0,Zohran Mamdani
44046,0,0,0,0,0,0,Zohran Mamdani
44047,0,0,0,0,0,0,Zohran Mamdani
44048,0,0,0,0,0,0,Zohran Mamdani
44049,0,0,0,0,0,0,Andrew Cuomo
44050,0,0,0,0,0,0,Andrew Cuomo
44051,0,0,0,0,0,0,Andrew Cuomo
44052,0,0,0,0,0,0,Zohran Mamdani
44053,0,0,0,0,0,0,Zohran Mamdani
44054,0,0,0,0,0,0,Zohran Mamdani
44055,0,0,0,0,0,0,Zohran Mamdani
44056,0,0,0,0,0,0,Zohran Mamdani
44057,0,0,0,0,0,0,Zohran Mamdani
44058,0,0,0,0,0,0,Zohran Mamdani
44059,0,0,0,0,0,0,Zohran Mamdani
44060,0,0,0,0,0,0,Zohran Mamdani
44061,0,0,0,0,0,0,Zohran Mamdani
44062,0,0,0,0,0,0,Zohran Mamdani
44063,0,0,0,0,0,0,Zohran Mamdani
44064,0,0,0,0,0,0,Zohran Mamdani
44065,0,0,0,0,0,0,Zohran Mamdani
44066,0,0,0,0,0,0,Zohran Mamdani
44067,0,0,0,0,0,0,Zohran Mamdani
44068,0,0,0,0,0,0,Zohran Mamdani
44069,0,0,0,0,0,0,Zohran Mamdani
44070,0,0,0,0,0,0,Zohran Mamdani
44071,0,0,0,0,0,0,Zohran Mamdani
44072,0,0,0,0,0,0,Zohran Mamdani
44073,0,0,0,0,0,0,Zohran Mamdani
44074,0,0,0,0,0,0,Zohran Mamdani
44075,0,0,0,0,0,0,Zohran Mamdani
44076,0,0,0,0,0,0,Zohran Mamdani
44077,0,0,0,0,0,0,Zohran Mamdani
44078,0,0,0,0,0,0,Zohran Mamdani
44079,0,0,0,0,0,0,Zohran Mamdani
44080,0,0,0,0,0,0,Zohran Mamdani
44081,0,0,0,0,0,0,Zohran Mamdani
44082,0,0,0,0,0,0,Zohran Mamdani
44083,0,0,0,0,0,0,Zohran Mamdani
44084,0,0,0,0,0,0,Zohran Mamdani
45001,0,0,0,0,0,0,Andrew Cuomo
45002,0,0,0,0,0,0,Andrew Cuomo
45003,0,0,0,0,0,0,Andrew Cuomo
45004,0,0,0,0,0,0,Zohran Mamdani
45005,0,0,0,0,0,0,Andrew Cuomo
45006,0,0,0,0,0,0,Andrew Cuomo
45007,0,0,0,0,0,0,Andrew Cuomo
45008,0,0,0,0,0,0,Andrew Cuomo
45009,0,0,0,0,0,0,Andrew Cuomo
45010,0,0,0,0,0,0,Andrew Cuomo
45011,0,0,0,0,0,0,Andrew Cuomo
45012,0,0,0,0,0,0,Zohran Mamdani
45013,0,0,0,0,0,0,Andrew Cuomo
45014,0,0,0,0,0,0,Andrew Cuomo
45015,0,0,0,0,0,0,Andrew Cuomo
45016,0,0,0,0,0,0,Andrew Cuomo
45017,0,0,0,0,0,0,Andrew Cuomo
45018,0,0,0,0,0,0,Zohran Mamdani
45019,0,0,0,0,0,0,Zohran Mamdani
45020,0,0,0,0,0,0,Andrew Cuomo
45021,0,0,0,0,0,0,Zohran Mamdani
45022,0,0,0,0,0,0,Zohran Mamdani
45023,0,0,0,0,0,0,Zohran Mamdani
45024,0,0,0,0,0,0,Zohran Mamdani
45025,0,0,0,0,0,0,Andrew Cuomo
45026,0,0,0,0,0,0,Andrew Cuomo
45027,0,0,0,0,0,0,Zohran Mamdani
45028,0,0,0,0,0,0,Andrew Cuomo
45029,0,0,0,0,0,0,Andrew Cuomo
45030,0,0,0,0,0,0,Zohran Mamdani
45031,0,0,0,0,0,0,Zohran Mamdani
45032,0,0,0,0,0,0,Andrew Cuomo
45033,0,0,0,0,0,0,Andrew Cuomo
45034,0,0,0,0,0,0,Zohran Mamdani
45035,0,0,0,0,0,0,Zohran Mamdani
45036,0,0,0,0,0,0,Andrew Cuomo
45037,0,0,0,0,0,0,Zohran Mamdani
45038,0,0,0,0,0,0,Zohran Mamdani
45039,0,0,0,0,0,0,Zohran Mamdani
45040,0,0,0,0,0,0,Zohran Mamdani
45041,0,0,0,0,0,0,Andrew Cuomo
45042,0,0,0,0,0,0,Zohran Mamdani
45043,0,0,0,0,0,0,Andrew Cuomo
45044,0,0,0,0,0,0,Zohran Mamdani
45045,0,0,0,0,0,0,Zohran Mamdani
45046,0,0,0,0,0,0,Zohran Mamdani
45047,0,0,0,0,0,0,Andrew Cuomo
45048,0,0,0,0,0,0,Zohran Mamdani
45049,0,0,0,0,0,0,Andrew Cuomo
45050,0,0,0,0,0,0,Zohran Mamdani
45051,0,0,0,0,0,0,Andrew Cuomo
45052,0,0,0,0,0,0,Zohran Mamdani
45053,0,0,0,0,0,0,Zohran Mamdani
45054,0,0,0,0,0,0,Zohran Mamdani
45055,0,0,0,0,0,0,Zohran Mamdani
45056,0,0,0,0,0,0,Zohran Mamdani
46001,0,0,0,0,0,0,Zohran Mamdani
46002,0,0,0,0,0,0,Zohran Mamdani
46003,0,0,0,0,0,0,Zohran Mamdani
46004,0,0,0,0,0,0,Zohran Mamdani
46005,0,0,0,0,0,0,Zohran Mamdani
46006,0,0,0,0,0,0,Zohran Mamdani
46007,0,0,0,0,0,0,Zohran Mamdani
46008,0,0,0,0,0,0,Zohran Mamdani
46009,0,0,0,0,0,0,Zohran Mamdani
46010,0,0,0,0,0,0,Zohran Mamdani
46011,0,0,0,0,0,0,Zohran Mamdani
46012,0,0,0,0,0,0,Zohran Mamdani
46013,0,0,0,0,0,0,Zohran Mamdani
46014,0,0,0,0,0,0,Zohran Mamdani
46015,0,0,0,0,0,0,Zohran Mamdani
46016,0,0,0,0,0,0,Zohran Mamdani
46017,0,0,0,0,0,0,Zohran Mamdani
46018,0,0,0,0,0,0,Zohran Mamdani
46019,0,0,0,0,0,0,Zohran Mamdani
46020,0,0,0,0,0,0,Zohran Mamdani
46021,0,0,0,0,0,0,Zohran Mamdani
46022,0,0,0,0,0,0,Zohran Mamdani
46023,0,0,0,0,0,0,Zohran Mamdani
46024,0,0,0,0,0,0,Zohran Mamdani
46025,0,0,0,0,0,0,Zohran Mamdani
46026,0,0,0,0,0,0,Zohran Mamdani
46027,0,0,0,0,0,0,Zohran Mamdani
46028,0,0,0,0,0,0,Zohran Mamdani
46029,0,0,0,0,0,0,Zohran Mamdani
46030,0,0,0,0,0,0,Zohran Mamdani
46031,0,0,0,0,0,0,Zohran Mamdani
46032,0,0,0,0,0,0,Zohran Mamdani
46033,0,0,0,0,0,0,Zohran Mamdani
46034,0,0,0,0,0,0,Zohran Mamdani
46035,0,0,0,0,0,0,Andrew Cuomo
46036,0,0,0,0,0,0,Andrew Cuomo
46037,0,0,0,0,0,0,Zohran Mamdani
46038,0,0,0,0,0,0,Zohran Mamdani
46039,0,0,0,0,0,0,Andrew Cuomo
46040,0,0,0,0,0,0,Andrew Cuomo
46041,0,0,0,0,0,0,Andrew Cuomo
46042,0,0,0,0,0,0,Andrew Cuomo
46043,0,0,0,0,0,0,Andrew Cuomo
46044,0,0,0,0,0,0,Zohran Mamdani
46045,0,0,0,0,0,0,Zohran Mamdani
46046,0,0,0,0,0,0,Andrew Cuomo
46047,0,0,0,0,0,0,Andrew Cuomo
46048,0,0,0,0,0,0,Zohran Mamdani
46049,0,0,0,0,0,0,Zohran Mamdani
46050,0,0,0,0,0,0,Andrew Cuomo
46051,0,0,0,0,0,0,Andrew Cuomo
46052,0,0,0,0,0,0,Andrew Cuomo
46053,0,0,0,0,0,0,Zohran Mamdani
46054,0,0,0,0,0,0,Zohran Mamdani
46055,0,0,0,0,0,0,Zohran Mamdani
46056,0,0,0,0,0,0,Andrew Cuomo
46057,0,0,0,0,0,0,Tie
46058,0,0,0,0,0,0,Andrew Cuomo
46059,0,0,0,0,0,0,Andrew Cuomo
46060,0,0,0,0,0,0,Zohran Mamdani
46061,0,0,0,0,0,0,Andrew Cuomo
46062,0,0,0,0,0,0,Tie
46063,0,0,0,0,0,0,Andrew Cuomo
46064,0,0,0,0,0,0,Zohran Mamdani
46065,0,0,0,0,0,0,Zohran Mamdani
46066,0,0,0,0,0,0,Zohran Mamdani
46067,0,0,0,0,0,0,Zohran Mamdani
46068,0,0,0,0,0,0,Zohran Mamdani
46069,0,0,0,0,0,0,Zohran Mamdani
46070,0,0,0,0,0,0,Zohran Mamdani
46071,0,0,0,0,0,0,Zohran Mamdani
46072,0,0,0,0,0,0,Zohran Mamdani
46073,0,0,0,0,0,0,Andrew Cuomo
46074,0,0,0,0,0,0,Zohran Mamdani
46075,0,0,0,0,0,0,Zohran Mamdani
46076,0,0,0,0,0,0,Zohran Mamdani
46077,0,0,0,0,0,0,Zohran Mamdani
46078,0,0,0,0,0,0,Zohran Mamdani
47001,0,0,0,0,0,0,Zohran Mamdani
47002,0,0,0,0,0,0,Zohran Mamdani
47003,0,0,0,0,0,0,Zohran Mamdani
47004,0,0,0,0,0,0,Zohran Mamdani
47005,0,0,0,0,0,0,Zohran Mamdani
47006,0,0,0,0,0,0,Zohran Mamdani
47007,0,0,0,0,0,0,Zohran Mamdani
47008,0,0,0,0,0,0,Zohran Mamdani
47009,0,0,0,0,0,0,Zohran Mamdani
47010,0,0,0,0,0,0,Zohran Mamdani
47011,0,0,0,0,0,0,Zohran Mamdani
47012,0,0,0,0,0,0,Zohran Mamdani
47013,0,0,0,0,0,0,Zohran Mamdani
47014,0,0,0,0,0,0,Zohran Mamdani
47015,0,0,0,0,0,0,Zohran Mamdani
47016,0,0,0,0,0,0,Zohran Mamdani
47017,0,0,0,0,0,0,Zohran Mamdani
47018,0,0,0,0,0,0,Zohran Mamdani
47019,0,0,0,0,0,0,Zohran Mamdani
47020,0,0,0,0,0,0,Zohran Mamdani
47021,0,0,0,0,0,0,Zohran Mamdani
47022,0,0,0,0,0,0,Zohran Mamdani
47023,0,0,0,0,0,0,Zohran Mamdani
47024,0,0,0,0,0,0,Zohran Mamdani
47025,0,0,0,0,0,0,Zohran Mamdani
47026,0,0,0,0,0,0,Andrew Cuomo
47027,0,0,0,0,0,0,Zohran Mamdani
47028,0,0,0,0,0,0,Zohran Mamdani
47029,0,0,0,0,0,0,Zohran Mamdani
47030,0,0,0,0,0,0,Zohran Mamdani
47031,0,0,0,0,0,0,Zohran Mamdani
47032,0,0,0,0,0,0,Zohran Mamdani
47033,0,0,0,0,0,0,Zohran Mamdani
47034,0,0,0,0,0,0,Zohran Mamdani
47035,0,0,0,0,0,0,Zohran Mamdani
47036,0,0,0,0,0,0,Zohran Mamdani
47037,0,0,0,0,0,0,Zohran Mamdani
47038,0,0,0,0,0,0,Zohran Mamdani
47039,0,0,0,0,0,0,Zohran Mamdani
47040,0,0,0,0,0,0,Zohran Mamdani
47041,0,0,0,0,0,0,Zohran Mamdani
47042,0,0,0,0,0,0,Zohran Mamdani
47043,0,0,0,0,0,0,Andrew Cuomo
47044,0,0,0,0,0,0,Andrew Cuomo
47045,0,0,0,0,0,0,Zohran Mamdani
47046,0,0,0,0,0,0,Zohran Mamdani
47047,0,0,0,0,0,0,Zohran Mamdani
47048,0,0,0,0,0,0,Zohran Mamdani
47049,0,0,0,0,0,0,Zohran Mamdani
47050,0,0,0,0,0,0,Zohran Mamdani
47051,0,0,0,0,0,0,Zohran Mamdani
47052,0,0,0,0,0,0,Zohran Mamdani
47053,0,0,0,0,0,0,Zohran Mamdani
47054,0,0,0,0,0,0,Zohran Mamdani
47055,0,0,0,0,0,0,Zohran Mamdani
47056,0,0,0,0,0,0,Zohran Mamdani
47057,0,0,0,0,0,0,Zohran Mamdani
48001,0,0,0,0,0,0,Zohran Mamdani
48002,0,0,0,0,0,0,Andrew Cuomo
48003,0,0,0,0,0,0,Andrew Cuomo
48004,0,0,0,0,0,0,Andrew Cuomo
48005,0,0,0,0,0,0,Andrew Cuomo
48006,0,0,0,0,0,0,Andrew Cuomo
48007,0,0,0,0,0,0,Andrew Cuomo
48008,0,0,0,0,0,0,Andrew Cuomo
48009,0,0,0,0,0,0,Andrew Cuomo
48010,0,0,0,0,0,0,Andrew Cuomo
48011,0,0,0,0,0,0,Andrew Cuomo
48012,0,0,0,0,0,0,Andrew Cuomo
48013,0,0,0,0,0,0,Andrew Cuomo
48014,0,0,0,0,0,0,Zohran Mamdani
48015,0,0,0,0,0,0,Andrew Cuomo
48016,0,0,0,0,0,0,Andrew Cuomo
48017,0,0,0,0,0,0,Zohran Mamdani
48018,0,0,0,0,0,0,Andrew Cuomo
48019,0,0,0,0,0,0,Zohran Mamdani
48020,0,0,0,0,0,0,Zohran Mamdani
48021,0,0,0,0,0,0,Zohran Mamdani
48022,0,0,0,0,0,0,Andrew Cuomo
48023,0,0,0,0,0,0,Andrew Cuomo
48024,0,0,0,0,0,0,Zohran Mamdani
48025,0,0,0,0,0,0,Andrew Cuomo
48026,0,0,0,0,0,0,Andrew Cuomo
48027,0,0,0,0,0,0,Andrew Cuomo
48028,0,0,0,0,0,0,Andrew Cuomo
48029,0,0,0,0,0,0,Andrew Cuomo
48030,0,0,0,0,0,0,Andrew Cuomo
48031,0,0,0,0,0,0,Zohran Mamdani
48032,0,0,0,0,0,0,Andrew Cuomo
48033,0,0,0,0,0,0,Andrew Cuomo
48034,0,0,0,0,0,0,Andrew Cuomo
48035,0,0,0,0,0,0,Andrew Cuomo
48036,0,0,0,0,0,0,Zohran Mamdani
48037,0,0,0,0,0,0,Andrew Cuomo
48038,0,0,0,0,0,0,Andrew Cuomo
48039,0,0,0,0,0,0,Andrew Cuomo
48040,0,0,0,0,0,0,Andrew Cuomo
48041,0,0,0,0,0,0,Andrew Cuomo
48042,0,0,0,0,0,0,Andrew Cuomo
48043,0,0,0,0,0,0,Andrew Cuomo
48044,0,0,0,0,0,0,Andrew Cuomo
48045,0,0,0,0,0,0,Andrew Cuomo
48046,0,0,0,0,0,0,Andrew Cuomo
48047,0,0,0,0,0,0,Andrew Cuomo
48048,0,0,0,0,0,0,Andrew Cuomo
48049,0,0,0,0,0,0,Andrew Cuomo
48050,0,0,0,0,0,0,Andrew Cuomo
48051,0,0,0,0,0,0,Andrew Cuomo
48052,0,0,0,0,0,0,Andrew Cuomo
48053,0,0,0,0,0,0,Zohran Mamdani
49001,0,0,0,0,0,0,Zohran Mamdani
49002,0,0,0,0,0,0,Zohran Mamdani
49003,0,0,0,0,0,0,Zohran Mamdani
49004,0,0,0,0,0,0,Zohran Mamdani
49005,0,0,0,0,0,0,Zohran Mamdani
49006,0,0,0,0,0,0,Zohran Mamdani
49007,0,0,0,0,0,0,Zohran Mamdani
49008,0,0,0,0,0,0,Zohran Mamdani
49009,0,0,0,0,0,0,Zohran Mamdani
49010,0,0,0,0,0,0,Zohran Mamdani
49011,0,0,0,0,0,0,Zohran Mamdani
49012,0,0,0,0,0,0,Zohran Mamdani
49013,0,0,0,0,0,0,Zohran Mamdani
49014,0,0,0,0,0,0,Zohran Mamdani
49015,0,0,0,0,0,0,Zohran Mamdani
49016,0,0,0,0,0,0,Zohran Mamdani
49017,0,0,0,0,0,0,Zohran Mamdani
49018,0,0,0,0,0,0,Zohran Mamdani
49019,0,0,0,0,0,0,Zohran Mamdani
49020,0,0,0,0,0,0,Zohran Mamdani
49021,0,0,0,0,0,0,Andrew Cuomo
49022,0,0,0,0,0,0,Zohran Mamdani
49023,0,0,0,0,0,0,Zohran Mamdani
49024,0,0,0,0,0,0,Zohran Mamdani
49025,0,0,0,0,0,0,Zohran Mamdani
49026,0,0,0,0,0,0,Zohran Mamdani
49027,0,0,0,0,0,0,Zohran Mamdani
49028,0,0,0,0,0,0,Zohran Mamdani
49029,0,0,0,0,0,0,Zohran Mamdani
49030,0,0,0,0,0,0,Zohran Mamdani
49031,0,0,0,0,0,0,Zohran Mamdani
49032,0,0,0,0,0,0,Zohran Mamdani
49033,0,0,0,0,0,0,Zohran Mamdani
49034,0,0,0,0,0,0,Zohran Mamdani
49035,0,0,0,0,0,0,Zohran Mamdani
49036,0,0,0,0,0,0,Zohran Mamdani
49037,0,0,0,0,0,0,Zohran Mamdani
49038,0,0,0,0,0,0,Zohran Mamdani
49039,0,0,0,0,0,0,Zohran Mamdani
49040,0,0,0,0,0,0,Zohran Mamdani
49041,0,0,0,0,0,0,Zohran Mamdani
49042,0,0,0,0,0,0,Zohran Mamdani
49043,0,0,0,0,0,0,Zohran Mamdani
49044,0,0,0,0,0,0,Zohran Mamdani
49045,0,0,0,0,0,0,Zohran Mamdani
49046,0,0,0,0,0,0,Zohran Mamdani
49047,0,0,0,0,0,0,Zohran Mamdani
49048,0,0,0,0,0,0,Zohran Mamdani
49049,0,0,0,0,0,0,Zohran Mamdani
49050,0,0,0,0,0,0,Zohran Mamdani
49051,0,0,0,0,0,0,Andrew Cuomo
49052,0,0,0,0,0,0,Zohran Mamdani
49053,0,0,0,0,0,0,Zohran Mamdani
49054,0,0,0,0,0,0,Zohran Mamdani
49055,0,0,0,0,0,0,Zohran Mamdani
50001,0,0,0,0,0,0,Zohran Mamdani
50002,0,0,0,0,0,0,Zohran Mamdani
50003,0,0,0,0,0,0,Zohran Mamdani
50004,0,0,0,0,0,0,Zohran Mamdani
50005,0,0,0,0,0,0,Zohran Mamdani
50006,0,0,0,0,0,0,Zohran Mamdani
50007,0,0,0,0,0,0,Zohran Mamdani
50008,0,0,0,0,0,0,Zohran Mamdani
50009,0,0,0,0,0,0,Zohran Mamdani
50010,0,0,0,0,0,0,Zohran Mamdani
50011,0,0,0,0,0,0,Zohran Mamdani
50012,0,0,0,0,0,0,Zohran Mamdani
50013,0,0,0,0,0,0,Zohran Mamdani
50014,0,0,0,0,0,0,Zohran Mamdani
50015,0,0,0,0,0,0,Zohran Mamdani
50016,0,0,0,0,0,0,Zohran Mamdani
50017,0,0,0,0,0,0,Zohran Mamdani
50018,0,0,0,0,0,0,Zohran Mamdani
50019,0,0,0,0,0,0,Zohran Mamdani
50020,0,0,0,0,0,0,Zohran Mamdani
50021,0,0,0,0,0,0,Zohran Mamdani
50022,0,0,0,0,0,0,Zohran Mamdani
50023,0,0,0,0,0,0,Zohran Mamdani
50024,0,0,0,0,0,0,Zohran Mamdani
50025,0,0,0,0,0,0,Zohran Mamdani
50026,0,0,0,0,0,0,Zohran Mamdani
50027,0,0,0,0,0,0,Zohran Mamdani
50028,0,0,0,0,0,0,Zohran Mamdani
50029,0,0,0,0,0,0,Zohran Mamdani
50030,0,0,0,0,0,0,Zohran Mamdani
50031,0,0,0,0,0,0,Zohran Mamdani
50032,0,0,0,0,0,0,Zohran Mamdani
50033,0,0,0,0,0,0,Andrew Cuomo
50034,0,0,0,0,0,0,Zohran Mamdani
50035,0,0,0,0,0,0,Andrew Cuomo
50036,0,0,0,0,0,0,Andrew Cuomo
50037,0,0,0,0,0,0,Andrew Cuomo
50038,0,0,0,0,0,0,Andrew Cuomo
50039,0,0,0,0,0,0,Andrew Cuomo
50040,0,0,0,0,0,0,Andrew Cuomo
50041,0,0,0,0,0,0,Zohran Mamdani
50042,0,0,0,0,0,0,Andrew Cuomo
50043,0,0,0,0,0,0,Andrew Cuomo
50044,0,0,0,0,0,0,Andrew Cuomo
50045,0,0,0,0,0,0,Andrew Cuomo
50046,0,0,0,0,0,0,Andrew Cuomo
50047,0,0,0,0,0,0,Andrew Cuomo
50048,0,0,0,0,0,0,Andrew Cuomo
50049,0,0,0,0,0,0,Andrew Cuomo
50050,0,0,0,0,0,0,Zohran Mamdani
50051,0,0,0,0,0,0,Zohran Mamdani
50052,0,0,0,0,0,0,Zohran Mamdani
50053,0,0,0,0,0,0,Zohran Mamdani
50054,0,0,0,0,0,0,Zohran Mamdani
50055,0,0,0,0,0,0,Zohran Mamdani
50056,0,0,0,0,0,0,Zohran Mamdani
50057,0,0,0,0,0,0,Zohran Mamdani
50058,0,0,0,0,0,0,Zohran Mamdani
50059,0,0,0,0,0,0,Zohran Mamdani
50060,0,0,0,0,0,0,Zohran Mamdani
50061,0,0,0,0,0,0,Zohran Mamdani
50062,0,0,0,0,0,0,Zohran Mamdani
50063,0,0,0,0,0,0,Zohran Mamdani
50064,0,0,0,0,0,0,Zohran Mamdani
50065,0,0,0,0,0,0,Zohran Mamdani
50066,0,0,0,0,0,0,Zohran Mamdani
50067,0,0,0,0,0,0,Zohran Mamdani
50068,0,0,0,0,0,0,Zohran Mamdani
51001,0,0,0,0,0,0,Zohran Mamdani
51002,0,0,0,0,0,0,Zohran Mamdani
51003,0,0,0,0,0,0,Andrew Cuomo
51004,0,0,0,0,0,0,Zohran Mamdani
51005,0,0,0,0,0,0,Zohran Mamdani
51006,0,0,0,0,0,0,Zohran Mamdani
51007,0,0,0,0,0,0,Zohran Mamdani
51008,0,0,0,0,0,0,Zohran Mamdani
51009,0,0,0,0,0,0,Zohran Mamdani
51010,0,0,0,0,0,0,Zohran Mamdani
51011,0,0,0,0,0,0,Zohran Mamdani
51012,0,0,0,0,0,0,Zohran Mamdani
51013,0,0,0,0,0,0,Zohran Mamdani
51014,0,0,0,0,0,0,Zohran Mamdani
51015,0,0,0,0,0,0,Zohran Mamdani
51016,0,0,0,0,0,0,Zohran Mamdani
51017,0,0,0,0,0,0,Zohran Mamdani
51018,0,0,0,0,0,0,Zohran Mamdani
51019,0,0,0,0,0,0,Zohran Mamdani
51020,0,0,0,0,0,0,Zohran Mamdani
51021,0,0,0,0,0,0,Zohran Mamdani
51022,0,0,0,0,0,0,Zohran Mamdani
51023,0,0,0,0,0,0,Zohran Mamdani
51024,0,0,0,0,0,0,Zohran Mamdani
51025,0,0,0,0,0,0,Zohran Mamdani
51026,0,0,0,0,0,0,Zohran Mamdani
51027,0,0,0,0,0,0,Zohran Mamdani
51028,0,0,0,0,0,0,Zohran Mamdani
51029,0,0,0,0,0,0,Zohran Mamdani
51030,0,0,0,0,0,0,Zohran Mamdani
51031,0,0,0,0,0,0,Zohran Mamdani
51032,0,0,0,0,0,0,Zohran Mamdani
51033,0,0,0,0,0,0,Zohran Mamdani
51034,0,0,0,0,0,0,Zohran Mamdani
51035,0,0,0,0,0,0,Zohran Mamdani
51036,0,0,0,0,0,0,Zohran Mamdani
51037,0,0,0,0,0,0,Andrew Cuomo
51038,0,0,0,0,0,0,Zohran Mamdani
51039,0,0,0,0,0,0,Zohran Mamdani
51040,0,0,0,0,0,0,Zohran Mamdani
51041,0,0,0,0,0,0,Zohran Mamdani
51042,0,0,0,0,0,0,Zohran Mamdani
51043,0,0,0,0,0,0,Zohran Mamdani
51044,0,0,0,0,0,0,Zohran Mamdani
51045,0,0,0,0,0,0,Zohran Mamdani
51046,0,0,0,0,0,0,Zohran Mamdani
51047,0,0,0,0,0,0,Zohran Mamdani
51048,0,0,0,0,0,0,Zohran Mamdani
51049,0,0,0,0,0,0,Zohran Mamdani
51050,0,0,0,0,0,0,Zohran Mamdani
51051,0,0,0,0,0,0,Zohran Mamdani
51052,0,0,0,0,0,0,Zohran Mamdani
51053,0,0,0,0,0,0,Andrew Cuomo
51054,0,0,0,0,0,0,Zohran Mamdani
52001,0,0,0,0,0,0,Andrew Cuomo
52002,0,0,0,0,0,0,Zohran Mamdani
52003,0,0,0,0,0,0,Zohran Mamdani
52004,0,0,0,0,0,0,Zohran Mamdani
52005,0,0,0,0,0,0,Zohran Mamdani
52006,0,0,0,0,0,0,Zohran Mamdani
52007,0,0,0,0,0,0,Zohran Mamdani
52008,0,0,0,0,0,0,Zohran Mamdani
52009,0,0,0,0,0,0,Zohran Mamdani
52010,0,0,0,0,0,0,Zohran Mamdani
52011,0,0,0,0,0,0,Zohran Mamdani
52012,0,0,0,0,0,0,Zohran Mamdani
52013,0,0,0,0,0,0,Zohran Mamdani
52014,0,0,0,0,0,0,Zohran Mamdani
52015,0,0,0,0,0,0,Zohran Mamdani
52016,0,0,0,0,0,0,Zohran Mamdani
52017,0,0,0,0,0,0,Zohran Mamdani
52018,0,0,0,0,0,0,Zohran Mamdani
52019,0,0,0,0,0,0,Zohran Mamdani
52020,0,0,0,0,0,0,Zohran Mamdani
52021,0,0,0,0,0,0,Zohran Mamdani
52022,0,0,0,0,0,0,Zohran Mamdani
52023,0,0,0,0,0,0,Zohran Mamdani
52024,0,0,0,0,0,0,Zohran Mamdani
52025,0,0,0,0,0,0,Zohran Mamdani
52026,0,0,0,0,0,0,Zohran Mamdani
52027,0,0,0,0,0,0,Zohran Mamdani
52028,0,0,0,0,0,0,Zohran Mamdani
52029,0,0,0,0,0,0,Zohran Mamdani
52030,0,0,0,0,0,0,Zohran Mamdani
52031,0,0,0,0,0,0,Zohran Mamdani
52032,0,0,0,0,0,0,Zohran Mamdani
52033,0,0,0,0,0,0,Zohran Mamdani
52034,0,0,0,0,0,0,Zohran Mamdani
52035,0,0,0,0,0,0,Zohran Mamdani
52036,0,0,0,0,0,0,Zohran Mamdani
52037,0,0,0,0,0,0,Zohran Mamdani
52038,0,0,0,0,0,0,Zohran Mamdani
52039,0,0,0,0,0,0,Zohran Mamdani
52040,0,0,0,0,0,0,Zohran Mamdani
52041,0,0,0,0,0,0,Zohran Mamdani
52042,0,0,0,0,0,0,Zohran Mamdani
52043,0,0,0,0,0,0,Zohran Mamdani
52044,0,0,0,0,0,0,Zohran Mamdani
52045,0,0,0,0,0,0,Zohran Mamdani
52046,0,0,0,0,0,0,Zohran Mamdani
52047,0,0,0,0,0,0,Zohran Mamdani
52048,0,0,0,0,0,0,Zohran Mamdani
52049,0,0,0,0,0,0,Zohran Mamdani
52050,0,0,0,0,0,0,Zohran Mamdani
52051,0,0,0,0,0,0,Zohran Mamdani
52052,0,0,0,0,0,0,Zohran Mamdani
52053,0,0,0,0,0,0,Zohran Mamdani
52054,0,0,0,0,0,0,Zohran Mamdani
52055,0,0,0,0,0,0,Zohran Mamdani
52056,0,0,0,0,0,0,Zohran Mamdani
52057,0,0,0,0,0,0,Zohran Mamdani
52058,0,0,0,0,0,0,Zohran Mamdani
52059,0,0,0,0,0,0,Zohran Mamdani
52060,0,0,0,0,0,0,Zohran Mamdani
52061,0,0,0,0,0,0,Zohran Mamdani
52062,0,0,0,0,0,0,Zohran Mamdani
52063,0,0,0,0,0,0,Zohran Mamdani
52064,0,0,0,0,0,0,Zohran Mamdani
52065,0,0,0,0,0,0,Zohran Mamdani
52066,0,0,0,0,0,0,Zohran Mamdani
52067,0,0,0,0,0,0,Zohran Mamdani
52068,0,0,0,0,0,0,Zohran Mamdani
52069,0,0,0,0,0,0,Zohran Mamdani
52070,0,0,0,0,0,0,Zohran Mamdani
52071,0,0,0,0,0,0,Zohran Mamdani
52072,0,0,0,0,0,0,Zohran Mamdani
52073,0,0,0,0,0,0,Zohran Mamdani
52074,0,0,0,0,0,0,Zohran Mamdani
52075,0,0,0,0,0,0,Zohran Mamdani
52076,0,0,0,0,0,0,Zohran Mamdani
52077,0,0,0,0,0,0,Zohran Mamdani
52078,0,0,0,0,0,0,Zohran Mamdani
52079,0,0,0,0,0,0,Zohran Mamdani
52080,0,0,0,0,0,0,Zohran Mamdani
52081,0,0,0,0,0,0,Zohran Mamdani
52082,0,0,0,0,0,0,Zohran Mamdani
52083,0,0,0,0,0,0,Zohran Mamdani
52084,0,0,0,0,0,0,Zohran Mamdani
52085,0,0,0,0,0,0,Zohran Mamdani
52086,0,0,0,0,0,0,Zohran Mamdani
52087,0,0,0,0,0,0,Curtis Sliwa
52088,0,0,0,0,0,0,Zohran Mamdani
52089,0,0,0,0,0,0,Zohran Mamdani
52090,0,0,0,0,0,0,Curtis Sliwa
52091,0,0,0,0,0,0,Curtis Sliwa
52092,0,0,0,0,0,0,Curtis Sliwa
52093,0,0,0,0,0,0,Curtis Sliwa
52094,0,0,0,0,0,0,Curtis Sliwa
52095,0,0,0,0,0,0,Curtis Sliwa
52096,0,0,0,0,0,0,Curtis Sliwa
52097,0,0,0,0,0,0,Curtis Sliwa
52098,0,0,0,0,0,0,Curtis Sliwa
53001,0,0,0,0,0,0,Zohran Mamdani
53002,0,0,0,0,0,0,Zohran Mamdani
53003,0,0,0,0,0,0,Zohran Mamdani
53004,0,0,0,0,0,0,Zohran Mamdani
53005,0,0,0,0,0,0,Zohran Mamdani
53006,0,0,0,0,0,0,Andrew Cuomo
53007,0,0,0,0,0,0,Zohran Mamdani
53008,0,0,0,0,0,0,Zohran Mamdani
53009,0,0,0,0,0,0,Zohran Mamdani
53010,0,0,0,0,0,0,Zohran Mamdani
53011,0,0,0,0,0,0,Zohran Mamdani
53012,0,0,0,0,0,0,Zohran Mamdani
53013,0,0,0,0,0,0,Zohran Mamdani
53014,0,0,0,0,0,0,Zohran Mamdani
53015,0,0,0,0,0,0,Zohran Mamdani
53016,0,0,0,0,0,0,Zohran Mamdani
53017,0,0,0,0,0,0,Zohran Mamdani
53018,0,0,0,0,0,0,Zohran Mamdani
53019,0,0,0,0,0,0,Zohran Mamdani
53020,0,0,0,0,0,0,Zohran Mamdani
53021,0,0,0,0,0,0,Zohran Mamdani
53022,0,0,0,0,0,0,Zohran Mamdani
53023,0,0,0,0,0,0,Zohran Mamdani
53024,0,0,0,0,0,0,Zohran Mamdani
53025,0,0,0,0,0,0,Zohran Mamdani
53026,0,0,0,0,0,0,Zohran Mamdani
53027,0,0,0,0,0,0,Zohran Mamdani
53028,0,0,0,0,0,0,Zohran Mamdani
53029,0,0,0,0,0,0,Zohran Mamdani
53030,0,0,0,0,0,0,Zohran Mamdani
53031,0,0,0,0,0,0,Zohran Mamdani
53032,0,0,0,0,0,0,Zohran Mamdani
53033,0,0,0,0,0,0,Zohran Mamdani
53034,0,0,0,0,0,0,Andrew Cuomo
53035,0,0,0,0,0,0,Zohran Mamdani
53036,0,0,0,0,0,0,Zohran Mamdani
53037,0,0,0,0,0,0,Andrew Cuomo
53038,0,0,0,0,0,0,Zohran Mamdani
53039,0,0,0,0,0,0,Zohran Mamdani
53040,0,0,0,0,0,0,Zohran Mamdani
53041,0,0,0,0,0,0,Zohran Mamdani
53042,0,0,0,0,0,0,Zohran Mamdani
53043,0,0,0,0,0,0,Zohran Mamdani
53044,0,0,0,0,0,0,Zohran Mamdani
53045,0,0,0,0,0,0,Zohran Mamdani
53046,0,0,0,0,0,0,Zohran Mamdani
53047,0,0,0,0,0,0,Zohran Mamdani
53048,0,0,0,0,0,0,Zohran Mamdani
53049,0,0,0,0,0,0,Zohran Mamdani
53050,0,0,0,0,0,0,Zohran Mamdani
53051,0,0,0,0,0,0,Zohran Mamdani
53052,0,0,0,0,0,0,Zohran Mamdani
53053,0,0,0,0,0,0,Zohran Mamdani
53054,0,0,0,0,0,0,Zohran Mamdani
53055,0,0,0,0,0,0,Zohran Mamdani
53056,0,0,0,0,0,0,Zohran Mamdani
53057,0,0,0,0,0,0,Andrew Cuomo
53058,0,0,0,0,0,0,Zohran Mamdani
53059,0,0,0,0,0,0,Zohran Mamdani
53060,0,0,0,0,0,0,Zohran Mamdani
53061,0,0,0,0,0,0,Zohran Mamdani
53062,0,0,0,0,0,0,Zohran Mamdani
53063,0,0,0,0,0,0,Zohran Mamdani
54001,0,0,0,0,0,0,Zohran Mamdani
54002,0,0,0,0,0,0,Zohran Mamdani
54003,0,0,0,0,0,0,Zohran Mamdani
54004,0,0,0,0,0,0,Zohran Mamdani
54005,0,0,0,0,0,0,Zohran Mamdani
54006,0,0,0,0,0,0,Andrew Cuomo
54007,0,0,0,0,0,0,Zohran Mamdani
54008,0,0,0,0,0,0,Zohran Mamdani
54009,0,0,0,0,0,0,Zohran Mamdani
54010,0,0,0,0,0,0,Zohran Mamdani
54011,0,0,0,0,0,0,Zohran Mamdani
54012,0,0,0,0,0,0,Zohran Mamdani
54013,0,0,0,0,0,0,Tie
54014,0,0,0,0,0,0,Andrew Cuomo
54015,0,0,0,0,0,0,Zohran Mamdani
54016,0,0,0,0,0,0,Zohran Mamdani
54017,0,0,0,0,0,0,Andrew Cuomo
54018,0,0,0,0,0,0,Zohran Mamdani
54019,0,0,0,0,0,0,Zohran Mamdani
54020,0,0,0,0,0,0,Zohran Mamdani
54021,0,0,0,0,0,0,Zohran Mamdani
54022,0,0,0,0,0,0,Zohran Mamdani
54023,0,0,0,0,0,0,Zohran Mamdani
54024,0,0,0,0,0,0,Zohran Mamdani
54025,0,0,0,0,0,0,Zohran Mamdani
54026,0,0,0,0,0,0,Zohran Mamdani
54027,0,0,0,0,0,0,Zohran Mamdani
54028,0,0,0,0,0,0,Zohran Mamdani
54029,0,0,0,0,0,0,Zohran Mamdani
54030,0,0,0,0,0,0,Zohran Mamdani
54031,0,0,0,0,0,0,Andrew Cuomo
54032,0,0,0,0,0,0,Zohran Mamdani
54033,0,0,0,0,0,0,Zohran Mamdani
54034,0,0,0,0,0,0,Andrew Cuomo
54035,0,0,0,0,0,0,Zohran Mamdani
54036,0,0,0,0,0,0,Zohran Mamdani
54037,0,0,0,0,0,0,Zohran Mamdani
54038,0,0,0,0,0,0,Zohran Mamdani
54039,0,0,0,0,0,0,Zohran Mamdani
54040,0,0,0,0,0,0,Zohran Mamdani
54041,0,0,0,0,0,0,Zohran Mamdani
54042,0,0,0,0,0,0,Zohran Mamdani
54043,0,0,0,0,0,0,Zohran Mamdani
54044,0,0,0,0,0,0,Zohran Mamdani
54045,0,0,0,0,0,0,Zohran Mamdani
54046,0,0,0,0,0,0,Zohran Mamdani
54047,0,0,0,0,0,0,Zohran Mamdani
54048,0,0,0,0,0,0,Zohran Mamdani
54049,0,0,0,0,0,0,Zohran Mamdani
54050,0,0,0,0,0,0,Zohran Mamdani
54051,0,0,0,0,0,0,Zohran Mamdani
54052,0,0,0,0,0,0,Zohran Mamdani
54053,0,0,0,0,0,0,Zohran Mamdani
54054,0,0,0,0,0,0,Zohran Mamdani
54055,0,0,0,0,0,0,Zohran Mamdani
54056,0,0,0,0,0,0,Zohran Mamdani
54057,0,0,0,0,0,0,Zohran Mamdani
54058,0,0,0,0,0,0,Zohran Mamdani
54059,0,0,0,0,0,0,Zohran Mamdani
54060,0,0,0,0,0,0,Zohran Mamdani
54061,0,0,0,0,0,0,Zohran Mamdani
54062,0,0,0,0,0,0,Zohran Mamdani
54063,0,0,0,0,0,0,Zohran Mamdani
54064,0,0,0,0,0,0,Zohran Mamdani
54065,0,0,0,0,0,0,Zohran Mamdani
55001,0,0,0,0,0,0,Zohran Mamdani
55002,0,0,0,0,0,0,Zohran Mamdani
55003,0,0,0,0,0,0,Zohran Mamdani
55004,0,0,0,0,0,0,Zohran Mamdani
55005,0,0,0,0,0,0,Zohran Mamdani
55006,0,0,0,0,0,0,Zohran Mamdani
55007,0,0,0,0,0,0,Zohran Mamdani
55008,0,0,0,0,0,0,Zohran Mamdani
55009,0,0,0,0,0,0,Zohran Mamdani
55010,0,0,0,0,0,0,Zohran Mamdani
55011,0,0,0,0,0,0,Zohran Mamdani
55012,0,0,0,0,0,0,Zohran Mamdani
55013,0,0,0,0,0,0,Zohran Mamdani
55014,0,0,0,0,0,0,Zohran Mamdani
55015,0,0,0,0,0,0,Zohran Mamdani
55016,0,0,0,0,0,0,Andrew Cuomo
55017,0,0,0,0,0,0,Zohran Mamdani
55018,0,0,0,0,0,0,Zohran Mamdani
55019,0,0,0,0,0,0,Zohran Mamdani
55020,0,0,0,0,0,0,Andrew Cuomo
55021,0,0,0,0,0,0,Zohran Mamdani
55022,0,0,0,0,0,0,Andrew Cuomo
55023,0,0,0,0,0,0,Andrew Cuomo
55024,0,0,0,0,0,0,Andrew Cuomo
55025,0,0,0,0,0,0,Andrew Cuomo
55026,0,0,0,0,0,0,Andrew Cuomo
55027,0,0,0,0,0,0,Andrew Cuomo
55028,0,0,0,0,0,0,Andrew Cuomo
55029,0,0,0,0,0,0,Andrew Cuomo
55030,0,0,0,0,0,0,Andrew Cuomo
55031,0,0,0,0,0,0,Zohran Mamdani
55032,0,0,0,0,0,0,Andrew Cuomo
55033,0,0,0,0,0,0,Andrew Cuomo
55034,0,0,0,0,0,0,Andrew Cuomo
55035,0,0,0,0,0,0,Andrew Cuomo
55036,0,0,0,0,0,0,Andrew Cuomo
55037,0,0,0,0,0,0,Zohran Mamdani
55038,0,0,0,0,0,0,Andrew Cuomo
55039,0,0,0,0,0,0,Andrew Cuomo
55040,0,0,0,0,0,0,Andrew Cuomo
55041,0,0,0,0,0,0,Andrew Cuomo
55042,0,0,0,0,0,0,Andrew Cuomo
55043,0,0,0,0,0,0,Andrew Cuomo
55044,0,0,0,0,0,0,Andrew Cuomo
55045,0,0,0,0,0,0,Andrew Cuomo
55046,0,0,0,0,0,0,Andrew Cuomo
55047,0,0,0,0,0,0,Andrew Cuomo
55048,0,0,0,0,0,0,Andrew Cuomo
55049,0,0,0,0,0,0,Andrew Cuomo
55050,0,0,0,0,0,0,Andrew Cuomo
55051,0,0,0,0,0,0,Zohran Mamdani
55052,0,0,0,0,0,0,Andrew Cuomo
55053,0,0,0,0,0,0,Zohran Mamdani
55054,0,0,0,0,0,0,Zohran Mamdani
55055,0,0,0,0,0,0,Andrew Cuomo
55056,0,0,0,0,0,0,Andrew Cuomo
55057,0,0,0,0,0,0,Zohran Mamdani
55058,0,0,0,0,0,0,Zohran Mamdani
55059,0,0,0,0,0,0,Andrew Cuomo
55060,0,0,0,0,0,0,Zohran Mamdani
55061,0,0,0,0,0,0,Zohran Mamdani
55062,0,0,0,0,0,0,Zohran Mamdani
55063,0,0,0,0,0,0,Andrew Cuomo
55064,0,0,0,0,0,0,Andrew Cuomo
55065,0,0,0,0,0,0,Zohran Mamdani
55066,0,0,0,0,0,0,Zohran Mamdani
56001,0,0,0,0,0,0,Andrew Cuomo
56002,0,0,0,0,0,0,Andrew Cuomo
56003,0,0,0,0,0,0,Andrew Cuomo
56004,0,0,0,0,0,0,Zohran Mamdani
56005,0,0,0,0,0,0,Andrew Cuomo
56006,0,0,0,0,0,0,Andrew Cuomo
56007,0,0,0,0,0,0,Andrew Cuomo
56008,0,0,0,0,0,0,Zohran Mamdani
56009,0,0,0,0,0,0,Zohran Mamdani
56010,0,0,0,0,0,0,Zohran Mamdani
56011,0,0,0,0,0,0,Zohran Mamdani
56012,0,0,0,0,0,0,Zohran Mamdani
56013,0,0,0,0,0,0,Zohran Mamdani
56014,0,0,0,0,0,0,Zohran Mamdani
56015,0,0,0,0,0,0,Zohran Mamdani
56016,0,0,0,0,0,0,Zohran Mamdani
56017,0,0,0,0,0,0,Zohran Mamdani
56018,0,0,0,0,0,0,Zohran Mamdani
56019,0,0,0,0,0,0,Zohran Mamdani
56020,0,0,0,0,0,0,Zohran Mamdani
56021,0,0,0,0,0,0,Zohran Mamdani
56022,0,0,0,0,0,0,Zohran Mamdani
56023,0,0,0,0,0,0,Zohran Mamdani
56024,0,0,0,0,0,0,Zohran Mamdani
56025,0,0,0,0,0,0,Zohran Mamdani
56026,0,0,0,0,0,0,Zohran Mamdani
56027,0,0,0,0,0,0,Zohran Mamdani
56028,0,0,0,0,0,0,Zohran Mamdani
56029,0,0,0,0,0,0,Zohran Mamdani
56030,0,0,0,0,0,0,Zohran Mamdani
56031,0,0,0,0,0,0,Zohran Mamdani
56032,0,0,0,0,0,0,Zohran Mamdani
56033,0,0,0,0,0,0,Zohran Mamdani
56034,0,0,0,0,0,0,Zohran Mamdani
56035,0,0,0,0,0,0,Zohran Mamdani
56036,0,0,0,0,0,0,Zohran Mamdani
56037,0,0,0,0,0,0,Zohran Mamdani
56038,0,0,0,0,0,0,Zohran Mamdani
56039,0,0,0,0,0,0,Zohran Mamdani
56040,0,0,0,0,0,0,Zohran Mamdani
56041,0,0,0,0,0,0,Zohran Mamdani
56042,0,0,0,0,0,0,Zohran Mamdani
56043,0,0,0,0,0,0,Zohran Mamdani
56044,0,0,0,0,0,0,Zohran Mamdani
56045,0,0,0,0,0,0,Zohran Mamdani
56046,0,0,0,0,0,0,Zohran Mamdani
56047,0,0,0,0,0,0,Zohran Mamdani
56048,0,0,0,0,0,0,Zohran Mamdani
56049,0,0,0,0,0,0,Zohran Mamdani
56050,0,0,0,0,0,0,Zohran Mamdani
56051,0,0,0,0,0,0,Zohran Mamdani
56052,0,0,0,0,0,0,Andrew Cuomo
56053,0,0,0,0,0,0,Zohran Mamdani
56054,0,0,0,0,0,0,Zohran Mamdani
56055,0,0,0,0,0,0,Zohran Mamdani
56056,0,0,0,0,0,0,Zohran Mamdani
56057,0,0,0,0,0,0,Zohran Mamdani
56058,0,0,0,0,0,0,Zohran Mamdani
56059,0,0,0,0,0,0,Zohran Mamdani
56060,0,0,0,0,0,0,Zohran Mamdani
56061,0,0,0,0,0,0,Zohran Mamdani
56062,0,0,0,0,0,0,Zohran Mamdani
56063,0,0,0,0,0,0,Zohran Mamdani
56064,0,0,0,0,0,0,Zohran Mamdani
56065,0,0,0,0,0,0,Zohran Mamdani
56066,0,0,0,0,0,0,Zohran Mamdani
56067,0,0,0,0,0,0,Andrew Cuomo
56068,0,0,0,0,0,0,Zohran Mamdani
56069,0,0,0,0,0,0,Zohran Mamdani
56070,0,0,0,0,0,0,Zohran Mamdani
57001,0,0,0,0,0,0,Andrew Cuomo
57002,0,0,0,0,0,0,Andrew Cuomo
57003,0,0,0,0,0,0,Andrew Cuomo
57004,0,0,0,0,0,0,Andrew Cuomo
57005,0,0,0,0,0,0,Zohran Mamdani
57006,0,0,0,0,0,0,Andrew Cuomo
57007,0,0,0,0,0,0,Andrew Cuomo
57008,0,0,0,0,0,0,Zohran Mamdani
57009,0,0,0,0,0,0,Zohran Mamdani
57010,0,0,0,0,0,0,Zohran Mamdani
57011,0,0,0,0,0,0,Zohran Mamdani
57012,0,0,0,0,0,0,Zohran Mamdani
57013,0,0,0,0,0,0,Andrew Cuomo
57014,0,0,0,0,0,0,Zohran Mamdani
57015,0,0,0,0,0,0,Zohran Mamdani
57016,0,0,0,0,0,0,Zohran Mamdani
57017,0,0,0,0,0,0,Zohran Mamdani
57018,0,0,0,0,0,0,Zohran Mamdani
57019,0,0,0,0,0,0,Zohran Mamdani
57020,0,0,0,0,0,0,Zohran Mamdani
57021,0,0,0,0,0,0,Zohran Mamdani
57022,0,0,0,0,0,0,Zohran Mamdani
57023,0,0,0,0,0,0,Zohran Mamdani
57024,0,0,0,0,0,0,Zohran Mamdani
57025,0,0,0,0,0,0,Zohran Mamdani
57026,0,0,0,0,0,0,Zohran Mamdani
57027,0,0,0,0,0,0,Zohran Mamdani
57028,0,0,0,0,0,0,Zohran Mamdani
57029,0,0,0,0,0,0,Zohran Mamdani
57030,0,0,0,0,0,0,Andrew Cuomo
57031,0,0,0,0,0,0,Zohran Mamdani
57032,0,0,0,0,0,0,Zohran Mamdani
57033,0,0,0,0,0,0,Zohran Mamdani
57034,0,0,0,0,0,0,Zohran Mamdani
57035,0,0,0,0,0,0,Zohran Mamdani
57036,0,0,0,0,0,0,Zohran Mamdani
57037,0,0,0,0,0,0,Zohran Mamdani
57038,0,0,0,0,0,0,Zohran Mamdani
57039,0,0,0,0,0,0,Zohran Mamdani
57040,0,0,0,0,0,0,Zohran Mamdani
57041,0,0,0,0,0,0,Zohran Mamdani
57042,0,0,0,0,0,0,Zohran Mamdani
57043,0,0,0,0,0,0,Zohran Mamdani
57044,0,0,0,0,0,0,Zohran Mamdani
57045,0,0,0,0,0,0,Zohran Mamdani
57046,0,0,0,0,0,0,Zohran Mamdani
57047,0,0,0,0,0,0,Zohran Mamdani
57048,0,0,0,0,0,0,Zohran Mamdani
57049,0,0,0,0,0,0,Zohran Mamdani
57050,0,0,0,0,0,0,Zohran Mamdani
57051,0,0,0,0,0,0,Zohran Mamdani
57052,0,0,0,0,0,0,Zohran Mamdani
57053,0,0,0,0,0,0,Zohran Mamdani
57054,0,0,0,0,0,0,Zohran Mamdani
57055,0,0,0,0,0,0,Zohran Mamdani
57056,0,0,0,0,0,0,Zohran Mamdani
57057,0,0,0,0,0,0,Zohran Mamdani
57058,0,0,0,0,0,0,Zohran Mamdani
57059,0,0,0,0,0,0,Zohran Mamdani
57060,0,0,0,0,0,0,Zohran Mamdani
57061,0,0,0,0,0,0,Zohran Mamdani
57062,0,0,0,0,0,0,Zohran Mamdani
57063,0,0,0,0,0,0,Zohran Mamdani
57064,0,0,0,0,0,0,Zohran Mamdani
57065,0,0,0,0,0,0,Zohran Mamdani
57066,0,0,0,0,0,0,Zohran Mamdani
57067,0,0,0,0,0,0,Zohran Mamdani
57068,0,0,0,0,0,0,Zohran Mamdani
57069,0,0,0,0,0,0,Zohran Mamdani
57070,0,0,0,0,0,0,Zohran Mamdani
57071,0,0,0,0,0,0,Andrew Cuomo
57072,0,0,0,0,0,0,Zohran Mamdani
57073,0,0,0,0,0,0,Zohran Mamdani
57074,0,0,0,0,0,0,Zohran Mamdani
57075,0,0,0,0,0,0,Zohran Mamdani
57076,0,0,0,0,0,0,Zohran Mamdani
57077,0,0,0,0,0,0,Zohran Mamdani
57078,0,0,0,0,0,0,Zohran Mamdani
57079,0,0,0,0,0,0,Zohran Mamdani
57080,0,0,0,0,0,0,Zohran Mamdani
57081,0,0,0,0,0,0,Zohran Mamdani
58001,0,0,0,0,0,0,Andrew Cuomo
58002,0,0,0,0,0,0,Andrew Cuomo
58003,0,0,0,0,0,0,Andrew Cuomo
58004,0,0,0,0,0,0,Andrew Cuomo
58005,0,0,0,0,0,0,Andrew Cuomo
58006,0,0,0,0,0,0,Andrew Cuomo
58007,0,0,0,0,0,0,Andrew Cuomo
58008,0,0,0,0,0,0,Andrew Cuomo
58009,0,0,0,0,0,0,Andrew Cuomo
58010,0,0,0,0,0,0,Andrew Cuomo
58011,0,0,0,0,0,0,Andrew Cuomo
58012,0,0,0,0,0,0,Andrew Cuomo
58013,0,0,0,0,0,0,Andrew Cuomo
58014,0,0,0,0,0,0,Andrew Cuomo
58015,0,0,0,0,0,0,Andrew Cuomo
58016,0,0,0,0,0,0,Andrew Cuomo
58017,0,0,0,0,0,0,Andrew Cuomo
58018,0,0,0,0,0,0,Andrew Cuomo
58019,0,0,0,0,0,0,Andrew Cuomo
58020,0,0,0,0,0,0,Andrew Cuomo
58021,0,0,0,0,0,0,Andrew Cuomo
58022,0,0,0,0,0,0,Andrew Cuomo
58023,0,0,0,0,0,0,Andrew Cuomo
58024,0,0,0,0,0,0,Zohran Mamdani
58025,0,0,0,0,0,0,Andrew Cuomo
58026,0,0,0,0,0,0,Andrew Cuomo
58027,0,0,0,0,0,0,Andrew Cuomo
58028,0,0,0,0,0,0,Andrew Cuomo
58029,0,0,0,0,0,0,Andrew Cuomo
58030,0,0,0,0,0,0,Andrew Cuomo
58031,0,0,0,0,0,0,Andrew Cuomo
58032,0,0,0,0,0,0,Andrew Cuomo
58033,0,0,0,0,0,0,Andrew Cuomo
58034,0,0,0,0,0,0,Andrew Cuomo
58035,0,0,0,0,0,0,Andrew Cuomo
58036,0,0,0,0,0,0,Andrew Cuomo
58037,0,0,0,0,0,0,Andrew Cuomo
58038,0,0,0,0,0,0,Andrew Cuomo
58039,0,0,0,0,0,0,Andrew Cuomo
58040,0,0,0,0,0,0,Zohran Mamdani
58041,0,0,0,0,0,0,Andrew Cuomo
58042,0,0,0,0,0,0,Andrew Cuomo
58043,0,0,0,0,0,0,Andrew Cuomo
58044,0,0,0,0,0,0,Andrew Cuomo
58045,0,0,0,0,0,0,Andrew Cuomo
58046,0,0,0,0,0,0,Andrew Cuomo
58047,0,0,0,0,0,0,Zohran Mamdani
58048,0,0,0,0,0,0,Andrew Cuomo
58049,0,0,0,0,0,0,Andrew Cuomo
58050,0,0,0,0,0,0,Andrew Cuomo
58051,0,0,0,0,0,0,Andrew Cuomo
58052,0,0,0,0,0,0,Andrew Cuomo
58053,0,0,0,0,0,0,Andrew Cuomo
58054,0,0,0,0,0,0,Andrew Cuomo
58055,0,0,0,0,0,0,Andrew Cuomo
58056,0,0,0,0,0,0,Andrew Cuomo
58057,0,0,0,0,0,0,Andrew Cuomo
58058,0,0,0,0,0,0,Andrew Cuomo
58059,0,0,0,0,0,0,Andrew Cuomo
58060,0,0,0,0,0,0,Andrew Cuomo
58061,0,0,0,0,0,0,Andrew Cuomo
58062,0,0,0,0,0,0,Andrew Cuomo
58063,0,0,0,0,0,0,Andrew Cuomo
58064,0,0,0,0,0,0,Andrew Cuomo
58065,0,0,0,0,0,0,Zohran Mamdani
58066,0,0,0,0,0,0,Zohran Mamdani
58067,0,0,0,0,0,0,Zohran Mamdani
59001,0,0,0,0,0,0,Andrew Cuomo
59002,0,0,0,0,0,0,Andrew Cuomo
59003,0,0,0,0,0,0,Andrew Cuomo
59004,0,0,0,0,0,0,Andrew Cuomo
59005,0,0,0,0,0,0,Andrew Cuomo
59006,0,0,0,0,0,0,Andrew Cuomo
59007,0,0,0,0,0,0,Andrew Cuomo
59008,0,0,0,0,0,0,Andrew Cuomo
59009,0,0,0,0,0,0,Andrew Cuomo
59010,0,0,0,0,0,0,Andrew Cuomo
59011,0,0,0,0,0,0,Andrew Cuomo
59012,0,0,0,0,0,0,Andrew Cuomo
59013,0,0,0,0,0,0,Andrew Cuomo
59014,0,0,0,0,0,0,Andrew Cuomo
59015,0,0,0,0,0,0,Andrew Cuomo
59016,0,0,0,0,0,0,Andrew Cuomo
59017,0,0,0,0,0,0,Andrew Cuomo
59018,0,0,0,0,0,0,Andrew Cuomo
59019,0,0,0,0,0,0,Andrew Cuomo
59020,0,0,0,0,0,0,Andrew Cuomo
59021,0,0,0,0,0,0,Andrew Cuomo
59022,0,0,0,0,0,0,Andrew Cuomo
59023,0,0,0,0,0,0,Andrew Cuomo
59024,0,0,0,0,0,0,Andrew Cuomo
59025,0,0,0,0,0,0,Andrew Cuomo
59026,0,0,0,0,0,0,Andrew Cuomo
59027,0,0,0,0,0,0,Andrew Cuomo
59028,0,0,0,0,0,0,Andrew Cuomo
59029,0,0,0,0,0,0,Andrew Cuomo
59030,0,0,0,0,0,0,Andrew Cuomo
59031,0,0,0,0,0,0,Zohran Mamdani
59032,0,0,0,0,0,0,Andrew Cuomo
59033,0,0,0,0,0,0,Andrew Cuomo
59034,0,0,0,0,0,0,Zohran Mamdani
59035,0,0,0,0,0,0,Zohran Mamdani
59036,0,0,0,0,0,0,Andrew Cuomo
59037,0,0,0,0,0,0,Andrew Cuomo
59038,0,0,0,0,0,0,Andrew Cuomo
59039,0,0,0,0,0,0,Andrew Cuomo
59040,0,0,0,0,0,0,Zohran Mamdani
59041,0,0,0,0,0,0,Andrew Cuomo
59042,0,0,0,0,0,0,Andrew Cuomo
59043,0,0,0,0,0,0,Andrew Cuomo
59044,0,0,0,0,0,0,Andrew Cuomo
59045,0,0,0,0,0,0,Andrew Cuomo
59046,0,0,0,0,0,0,Andrew Cuomo
59047,0,0,0,0,0,0,Andrew Cuomo
59048,0,0,0,0,0,0,Andrew Cuomo
59049,0,0,0,0,0,0,Andrew Cuomo
59050,0,0,0,0,0,0,Andrew Cuomo
59051,0,0,0,0,0,0,Andrew Cuomo
59052,0,0,0,0,0,0,Andrew Cuomo
59053,0,0,0,0,0,0,Andrew Cuomo
59054,0,0,0,0,0,0,Zohran Mamdani
59055,0,0,0,0,0,0,Zohran Mamdani
59056,0,0,0,0,0,0,Andrew Cuomo
59057,0,0,0,0,0,0,Andrew Cuomo
59058,0,0,0,0,0,0,Zohran Mamdani
59059,0,0,0,0,0,0,Andrew Cuomo
59060,0,0,0,0,0,0,Zohran Mamdani
59061,0,0,0,0,0,0,Zohran Mamdani
59062,0,0,0,0,0,0,Zohran Mamdani
59063,0,0,0,0,0,0,Andrew Cuomo
59064,0,0,0,0,0,0,Zohran Mamdani
59065,0,0,0,0,0,0,Zohran Mamdani
59066,0,0,0,0,0,0,Zohran Mamdani
59067,0,0,0,0,0,0,Zohran Mamdani
59068,0,0,0,0,0,0,Zohran Mamdani
59069,0,0,0,0,0,0,Zohran Mamdani
59070,0,0,0,0,0,0,Zohran Mamdani
60001,0,0,0,0,0,0,Andrew Cuomo
60002,0,0,0,0,0,0,Andrew Cuomo
60003,0,0,0,0,0,0,Andrew Cuomo
60004,0,0,0,0,0,0,Andrew Cuomo
60005,0,0,0,0,0,0,Tie
60006,0,0,0,0,0,0,Andrew Cuomo
60007,0,0,0,0,0,0,Andrew Cuomo
60008,0,0,0,0,0,0,Andrew Cuomo
60009,0,0,0,0,0,0,Andrew Cuomo
60010,0,0,0,0,0,0,Andrew Cuomo
60011,0,0,0,0,0,0,Andrew Cuomo
60012,0,0,0,0,0,0,Andrew Cuomo
60013,0,0,0,0,0,0,Andrew Cuomo
60014,0,0,0,0,0,0,Andrew Cuomo
60015,0,0,0,0,0,0,Andrew Cuomo
60016,0,0,0,0,0,0,Andrew Cuomo
60017,0,0,0,0,0,0,Andrew Cuomo
60018,0,0,0,0,0,0,Andrew Cuomo
60019,0,0,0,0,0,0,Andrew Cuomo
60020,0,0,0,0,0,0,Andrew Cuomo
60021,0,0,0,0,0,0,Andrew Cuomo
60022,0,0,0,0,0,0,Andrew Cuomo
60023,0,0,0,0,0,0,Andrew Cuomo
60024,0,0,0,0,0,0,Andrew Cuomo
60025,0,0,0,0,0,0,Andrew Cuomo
60026,0,0,0,0,0,0,Andrew Cuomo
60027,0,0,0,0,0,0,Zohran Mamdani
60028,0,0,0,0,0,0,Andrew Cuomo
60029,0,0,0,0,0,0,Andrew Cuomo
60030,0,0,0,0,0,0,Andrew Cuomo
60031,0,0,0,0,0,0,Andrew Cuomo
60032,0,0,0,0,0,0,Andrew Cuomo
60033,0,0,0,0,0,0,Zohran Mamdani
60034,0,0,0,0,0,0,Andrew Cuomo
60035,0,0,0,0,0,0,Andrew Cuomo
60036,0,0,0,0,0,0,Andrew Cuomo
60037,0,0,0,0,0,0,Andrew Cuomo
60038,0,0,0,0,0,0,Andrew Cuomo
60039,0,0,0,0,0,0,Andrew Cuomo
60040,0,0,0,0,0,0,Andrew Cuomo
60041,0,0,0,0,0,0,Andrew Cuomo
60042,0,0,0,0,0,0,Andrew Cuomo
60043,0,0,0,0,0,0,Zohran Mamdani
60044,0,0,0,0,0,0,Andrew Cuomo
60045,0,0,0,0,0,0,Zohran Mamdani
60046,0,0,0,0,0,0,Andrew Cuomo
60047,0,0,0,0,0,0,Zohran Mamdani
60048,0,0,0,0,0,0,Zohran Mamdani
60049,0,0,0,0,0,0,Andrew Cuomo
60050,0,0,0,0,0,0,Andrew Cuomo
60051,0,0,0,0,0,0,Andrew Cuomo
60052,0,0,0,0,0,0,Andrew Cuomo
60053,0,0,0,0,0,0,Andrew Cuomo
60054,0,0,0,0,0,0,Andrew Cuomo
60055,0,0,0,0,0,0,Andrew Cuomo
60056,0,0,0,0,0,0,Andrew Cuomo
60057,0,0,0,0,0,0,Andrew Cuomo
60058,0,0,0,0,0,0,Andrew Cuomo
60059,0,0,0,0,0,0,Zohran Mamdani
60060,0,0,0,0,0,0,Zohran Mamdani
60061,0,0,0,0,0,0,Zohran Mamdani
60062,0,0,0,0,0,0,Andrew Cuomo
60063,0,0,0,0,0,0,Zohran Mamdani
60064,0,0,0,0,0,0,Zohran Mamdani
61001,0,0,0,0,0,0,Zohran Mamdani
61002,0,0,0,0,0,0,Andrew Cuomo
61003,0,0,0,0,0,0,Andrew Cuomo
61004,0,0,0,0,0,0,Andrew Cuomo
61005,0,0,0,0,0,0,Zohran Mamdani
61006,0,0,0,0,0,0,Andrew Cuomo
61007,0,0,0,0,0,0,Andrew Cuomo
61008,0,0,0,0,0,0,Zohran Mamdani
61009,0,0,0,0,0,0,Zohran Mamdani
61010,0,0,0,0,0,0,Zohran Mamdani
61011,0,0,0,0,0,0,Zohran Mamdani
61012,0,0,0,0,0,0,Zohran Mamdani
61013,0,0,0,0,0,0,Andrew Cuomo
61014,0,0,0,0,0,0,Andrew Cuomo
61015,0,0,0,0,0,0,Zohran Mamdani
61016,0,0,0,0,0,0,Zohran Mamdani
61017,0,0,0,0,0,0,Zohran Mamdani
61018,0,0,0,0,0,0,Andrew Cuomo
61019,0,0,0,0,0,0,Zohran Mamdani
61020,0,0,0,0,0,0,Zohran Mamdani
61021,0,0,0,0,0,0,Zohran Mamdani
61022,0,0,0,0,0,0,Zohran Mamdani
61023,0,0,0,0,0,0,Andrew Cuomo
61024,0,0,0,0,0,0,Andrew Cuomo
61025,0,0,0,0,0,0,Zohran Mamdani
61026,0,0,0,0,0,0,Zohran Mamdani
61027,0,0,0,0,0,0,Zohran Mamdani
61028,0,0,0,0,0,0,Zohran Mamdani
61029,0,0,0,0,0,0,Zohran Mamdani
61030,0,0,0,0,0,0,Andrew Cuomo
61031,0,0,0,0,0,0,Zohran Mamdani
61032,0,0,0,0,0,0,Zohran Mamdani
61033,0,0,0,0,0,0,Zohran Mamdani
61034,0,0,0,0,0,0,Zohran Mamdani
61035,0,0,0,0,0,0,Andrew Cuomo
61036,0,0,0,0,0,0,Andrew Cuomo
61037,0,0,0,0,0,0,Zohran Mamdani
61038,0,0,0,0,0,0,Zohran Mamdani
61039,0,0,0,0,0,0,Zohran Mamdani
61040,0,0,0,0,0,0,Zohran Mamdani
61041,0,0,0,0,0,0,Zohran Mamdani
61042,0,0,0,0,0,0,Zohran Mamdani
61043,0,0,0,0,0,0,Zohran Mamdani
61044,0,0,0,0,0,0,Zohran Mamdani
61045,0,0,0,0,0,0,Zohran Mamdani
61046,0,0,0,0,0,0,Zohran Mamdani
61047,0,0,0,0,0,0,Zohran Mamdani
61048,0,0,0,0,0,0,Zohran Mamdani
61049,0,0,0,0,0,0,Zohran Mamdani
61050,0,0,0,0,0,0,Zohran Mamdani
61051,0,0,0,0,0,0,Curtis Sliwa
61052,0,0,0,0,0,0,Curtis Sliwa
61060,0,0,0,0,0,0,Zohran Mamdani
61061,0,0,0,0,0,0,Zohran Mamdani
61062,0,0,0,0,0,0,Zohran Mamdani
61063,0,0,0,0,0,0,Zohran Mamdani
61064,0,0,0,0,0,0,Zohran Mamdani
61065,0,0,0,0,0,0,Zohran Mamdani
61066,0,0,0,0,0,0,Andrew Cuomo
61067,0,0,0,0,0,0,Zohran Mamdani
61068,0,0,0,0,0,0,Zohran Mamdani
61069,0,0,0,0,0,0,Curtis Sliwa
61070,0,0,0,0,0,0,Curtis Sliwa
61071,0,0,0,0,0,0,Curtis Sliwa
61072,0,0,0,0,0,0,Curtis Sliwa
61073,0,0,0,0,0,0,Curtis Sliwa
61074,0,0,0,0,0,0,Curtis Sliwa
61100,0,0,0,0,0,0,Curtis Sliwa
61101,0,0,0,0,0,0,Curtis Sliwa
61102,0,0,0,0,0,0,Curtis Sliwa
61103,0,0,0,0,0,0,Curtis Sliwa
61104,0,0,0,0,0,0,Curtis Sliwa
61105,0,0,0,0,0,0,Curtis Sliwa
61106,0,0,0,0,0,0,Curtis Sliwa
61107,0,0,0,0,0,0,Curtis Sliwa
61108,0,0,0,0,0,0,Zohran Mamdani
61109,0,0,0,0,0,0,Zohran Mamdani
61110,0,0,0,0,0,0,Zohran Mamdani
61111,0,0,0,0,0,0,Zohran Mamdani
61112,0,0,0,0,0,0,Zohran Mamdani
61113,0,0,0,0,0,0,Zohran Mamdani
61114,0,0,0,0,0,0,Zohran Mamdani
62001,0,0,0,0,0,0,Zohran Mamdani
62002,0,0,0,0,0,0,Zohran Mamdani
62003,0,0,0,0,0,0,Zohran Mamdani
62004,0,0,0,0,0,0,Zohran Mamdani
62005,0,0,0,0,0,0,Zohran Mamdani
62006,0,0,0,0,0,0,Zohran Mamdani
62007,0,0,0,0,0,0,Zohran Mamdani
62008,0,0,0,0,0,0,Zohran Mamdani
62009,0,0,0,0,0,0,Zohran Mamdani
62010,0,0,0,0,0,0,Zohran Mamdani
62011,0,0,0,0,0,0,Zohran Mamdani
62012,0,0,0,0,0,0,Zohran Mamdani
62013,0,0,0,0,0,0,Zohran Mamdani
62014,0,0,0,0,0,0,Zohran Mamdani
62015,0,0,0,0,0,0,Zohran Mamdani
62016,0,0,0,0,0,0,Andrew Cuomo
62017,0,0,0,0,0,0,Zohran Mamdani
62018,0,0,0,0,0,0,Zohran Mamdani
62019,0,0,0,0,0,0,Zohran Mamdani
62020,0,0,0,0,0,0,Zohran Mamdani
62021,0,0,0,0,0,0,Tie
62022,0,0,0,0,0,0,Zohran Mamdani
62023,0,0,0,0,0,0,Andrew Cuomo
62024,0,0,0,0,0,0,Andrew Cuomo
62025,0,0,0,0,0,0,Andrew Cuomo
62026,0,0,0,0,0,0,Zohran Mamdani
62027,0,0,0,0,0,0,Zohran Mamdani
62028,0,0,0,0,0,0,Andrew Cuomo
62029,0,0,0,0,0,0,Zohran Mamdani
62030,0,0,0,0,0,0,Zohran Mamdani
62031,0,0,0,0,0,0,Zohran Mamdani
62032,0,0,0,0,0,0,Zohran Mamdani
62033,0,0,0,0,0,0,Zohran Mamdani
62034,0,0,0,0,0,0,Zohran Mamdani
62035,0,0,0,0,0,0,Zohran Mamdani
62036,0,0,0,0,0,0,Zohran Mamdani
62037,0,0,0,0,0,0,Zohran Mamdani
62038,0,0,0,0,0,0,Andrew Cuomo
62039,0,0,0,0,0,0,Zohran Mamdani
62040,0,0,0,0,0,0,Zohran Mamdani
62041,0,0,0,0,0,0,Andrew Cuomo
62042,0,0,0,0,0,0,Zohran Mamdani
62043,0,0,0,0,0,0,Tie
62044,0,0,0,0,0,0,Zohran Mamdani
62045,0,0,0,0,0,0,Zohran Mamdani
62046,0,0,0,0,0,0,Andrew Cuomo
62047,0,0,0,0,0,0,Zohran Mamdani
62048,0,0,0,0,0,0,Zohran Mamdani
62049,0,0,0,0,0,0,Zohran Mamdani
62050,0,0,0,0,0,0,Zohran Mamdani
62051,0,0,0,0,0,0,Zohran Mamdani
62052,0,0,0,0,0,0,Zohran Mamdani
62053,0,0,0,0,0,0,Zohran Mamdani
62054,0,0,0,0,0,0,Zohran Mamdani
62055,0,0,0,0,0,0,Andrew Cuomo
62056,0,0,0,0,0,0,Tie
62057,0,0,0,0,0,0,Zohran Mamdani
62058,0,0,0,0,0,0,Zohran Mamdani
62059,0,0,0,0,0,0,Zohran Mamdani
62060,0,0,0,0,0,0,Tie
62061,0,0,0,0,0,0,Zohran Mamdani
62062,0,0,0,0,0,0,Zohran Mamdani
62063,0,0,0,0,0,0,Zohran Mamdani
62064,0,0,0,0,0,0,Zohran Mamdani
62065,0,0,0,0,0,0,Zohran Mamdani
63001,0,0,0,0,0,0,Andrew Cuomo
63002,0,0,0,0,0,0,Zohran Mamdani
63003,0,0,0,0,0,0,Zohran Mamdani
63004,0,0,0,0,0,0,Zohran Mamdani
63005,0,0,0,0,0,0,Zohran Mamdani
63006,0,0,0,0,0,0,Zohran Mamdani
63007,0,0,0,0,0,0,Andrew Cuomo
63008,0,0,0,0,0,0,Zohran Mamdani
63009,0,0,0,0,0,0,Zohran Mamdani
63010,0,0,0,0,0,0,Zohran Mamdani
63011,0,0,0,0,0,0,Zohran Mamdani
63012,0,0,0,0,0,0,Zohran Mamdani
63013,0,0,0,0,0,0,Zohran Mamdani
63014,0,0,0,0,0,0,Zohran Mamdani
63015,0,0,0,0,0,0,Zohran Mamdani
63016,0,0,0,0,0,0,Zohran Mamdani
63017,0,0,0,0,0,0,Zohran Mamdani
63018,0,0,0,0,0,0,Zohran Mamdani
63019,0,0,0,0,0,0,Zohran Mamdani
63020,0,0,0,0,0,0,Zohran Mamdani
63021,0,0,0,0,0,0,Zohran Mamdani
63022,0,0,0,0,0,0,Zohran Mamdani
63023,0,0,0,0,0,0,Zohran Mamdani
63024,0,0,0,0,0,0,Zohran Mamdani
63025,0,0,0,0,0,0,Andrew Cuomo
63026,0,0,0,0,0,0,Andrew Cuomo
63027,0,0,0,0,0,0,Zohran Mamdani
63028,0,0,0,0,0,0,Zohran Mamdani
63029,0,0,0,0,0,0,Zohran Mamdani
63030,0,0,0,0,0,0,Zohran Mamdani
63031,0,0,0,0,0,0,Zohran Mamdani
63032,0,0,0,0,0,0,Zohran Mamdani
63033,0,0,0,0,0,0,Zohran Mamdani
63034,0,0,0,0,0,0,Andrew Cuomo
63035,0,0,0,0,0,0,Zohran Mamdani
63036,0,0,0,0,0,0,Andrew Cuomo
63037,0,0,0,0,0,0,Andrew Cuomo
63038,0,0,0,0,0,0,Andrew Cuomo
63039,0,0,0,0,0,0,Andrew Cuomo
63040,0,0,0,0,0,0,Zohran Mamdani
63041,0,0,0,0,0,0,Zohran Mamdani
63042,0,0,0,0,0,0,Zohran Mamdani
63043,0,0,0,0,0,0,Zohran Mamdani
63044,0,0,0,0,0,0,Zohran Mamdani
63045,0,0,0,0,0,0,Tie
63046,0,0,0,0,0,0,Zohran Mamdani
63047,0,0,0,0,0,0,Zohran Mamdani
63048,0,0,0,0,0,0,Zohran Mamdani
63049,0,0,0,0,0,0,Zohran Mamdani
63050,0,0,0,0,0,0,Zohran Mamdani
63051,0,0,0,0,0,0,Zohran Mamdani
63052,0,0,0,0,0,0,Zohran Mamdani
63053,0,0,0,0,0,0,Zohran Mamdani
63054,0,0,0,0,0,0,Zohran Mamdani
63055,0,0,0,0,0,0,Zohran Mamdani
63056,0,0,0,0,0,0,Zohran Mamdani
63057,0,0,0,0,0,0,Zohran Mamdani
63058,0,0,0,0,0,0,Zohran Mamdani
63059,0,0,0,0,0,0,Andrew Cuomo
63060,0,0,0,0,0,0,Andrew Cuomo
63061,0,0,0,0,0,0,Andrew Cuomo
63062,0,0,0,0,0,0,Zohran Mamdani
63063,0,0,0,0,0,0,Zohran Mamdani
63064,0,0,0,0,0,0,Zohran Mamdani
63065,0,0,0,0,0,0,Zohran Mamdani
63066,0,0,0,0,0,0,Zohran Mamdani
63067,0,0,0,0,0,0,Zohran Mamdani
63068,0,0,0,0,0,0,Zohran Mamdani
63069,0,0,0,0,0,0,Zohran Mamdani
63070,0,0,0,0,0,0,Zohran Mamdani
63071,0,0,0,0,0,0,Zohran Mamdani
63072,0,0,0,0,0,0,Zohran Mamdani
63073,0,0,0,0,0,0,Zohran Mamdani
63074,0,0,0,0,0,0,Zohran Mamdani
63075,0,0,0,0,0,0,Zohran Mamdani
63076,0,0,0,0,0,0,Zohran Mamdani
64001,0,0,0,0,0,0,Zohran Mamdani
64002,0,0,0,0,0,0,Zohran Mamdani
64003,0,0,0,0,0,0,Zohran Mamdani
64004,0,0,0,0,0,0,Zohran Mamdani
64005,0,0,0,0,0,0,Zohran Mamdani
64006,0,0,0,0,0,0,Zohran Mamdani
64007,0,0,0,0,0,0,Zohran Mamdani
64008,0,0,0,0,0,0,Zohran Mamdani
64009,0,0,0,0,0,0,Zohran Mamdani
64010,0,0,0,0,0,0,Zohran Mamdani
64011,0,0,0,0,0,0,Zohran Mamdani
64012,0,0,0,0,0,0,Andrew Cuomo
64013,0,0,0,0,0,0,Zohran Mamdani
64014,0,0,0,0,0,0,Zohran Mamdani
64015,0,0,0,0,0,0,Zohran Mamdani
64016,0,0,0,0,0,0,Zohran Mamdani
64017,0,0,0,0,0,0,Zohran Mamdani
64018,0,0,0,0,0,0,Tie
64019,0,0,0,0,0,0,Zohran Mamdani
64020,0,0,0,0,0,0,Zohran Mamdani
64021,0,0,0,0,0,0,Zohran Mamdani
64022,0,0,0,0,0,0,Zohran Mamdani
64023,0,0,0,0,0,0,Zohran Mamdani
64024,0,0,0,0,0,0,Zohran Mamdani
64025,0,0,0,0,0,0,Zohran Mamdani
64026,0,0,0,0,0,0,Zohran Mamdani
64027,0,0,0,0,0,0,Zohran Mamdani
64028,0,0,0,0,0,0,Zohran Mamdani
64029,0,0,0,0,0,0,Zohran Mamdani
64030,0,0,0,0,0,0,Zohran Mamdani
64031,0,0,0,0,0,0,Zohran Mamdani
64032,0,0,0,0,0,0,Zohran Mamdani
64033,0,0,0,0,0,0,Zohran Mamdani
64034,0,0,0,0,0,0,Zohran Mamdani
64035,0,0,0,0,0,0,Zohran Mamdani
64036,0,0,0,0,0,0,Zohran Mamdani
64037,0,0,0,0,0,0,Zohran Mamdani
64038,0,0,0,0,0,0,Zohran Mamdani
64039,0,0,0,0,0,0,Andrew Cuomo
64040,0,0,0,0,0,0,Zohran Mamdani
64041,0,0,0,0,0,0,Zohran Mamdani
64042,0,0,0,0,0,0,Zohran Mamdani
64043,0,0,0,0,0,0,Zohran Mamdani
64044,0,0,0,0,0,0,Zohran Mamdani
64045,0,0,0,0,0,0,Zohran Mamdani
64046,0,0,0,0,0,0,Zohran Mamdani
64047,0,0,0,0,0,0,Zohran Mamdani
64048,0,0,0,0,0,0,Zohran Mamdani
64049,0,0,0,0,0,0,Zohran Mamdani
64050,0,0,0,0,0,0,Zohran Mamdani
64051,0,0,0,0,0,0,Zohran Mamdani
64052,0,0,0,0,0,0,Eric Adams
64053,0,0,0,0,0,0,Eric Adams
64054,0,0,0,0,0,0,Eric Adams
64055,0,0,0,0,0,0,Eric Adams
64056,0,0,0,0,0,0,Eric Adams
64057,0,0,0,0,0,0,Eric Adams
64058,0,0,0,0,0,0,Eric Adams
64059,0,0,0,0,0,0,Eric Adams
64060,0,0,0,0,0,0,Eric Adams
64061,0,0,0,0,0,0,Eric Adams
64075,0,0,0,0,0,0,Zohran Mamdani
64076,0,0,0,0,0,0,Zohran Mamdani
64077,0,0,0,0,0,0,Zohran Mamdani
64078,0,0,0,0,0,0,Zohran Mamdani
64079,0,0,0,0,0,0,Zohran Mamdani
64080,0,0,0,0,0,0,Zohran Mamdani
64081,0,0,0,0,0,0,Zohran Mamdani
64082,0,0,0,0,0,0,Zohran Mamdani
64083,0,0,0,0,0,0,Zohran Mamdani
64084,0,0,0,0,0,0,Zohran Mamdani
64085,0,0,0,0,0,0,Zohran Mamdani
64086,0,0,0,0,0,0,Zohran Mamdani
64087,0,0,0,0,0,0,Zohran Mamdani
64088,0,0,0,0,0,0,Eric Adams
64089,0,0,0,0,0,0,Eric Adams
64090,0,0,0,0,0,0,Zohran Mamdani
65001,0,0,0,0,0,0,Zohran Mamdani
65002,0,0,0,0,0,0,Zohran Mamdani
65003,0,0,0,0,0,0,Zohran Mamdani
65004,0,0,0,0,0,0,Zohran Mamdani
65005,0,0,0,0,0,0,Zohran Mamdani
65006,0,0,0,0,0,0,Zohran Mamdani
65007,0,0,0,0,0,0,Zohran Mamdani
65008,0,0,0,0,0,0,Zohran Mamdani
65009,0,0,0,0,0,0,Zohran Mamdani
65010,0,0,0,0,0,0,Zohran Mamdani
65011,0,0,0,0,0,0,Zohran Mamdani
65012,0,0,0,0,0,0,Andrew Cuomo
65013,0,0,0,0,0,0,Zohran Mamdani
65014,0,0,0,0,0,0,Zohran Mamdani
65015,0,0,0,0,0,0,Zohran Mamdani
65016,0,0,0,0,0,0,Zohran Mamdani
65017,0,0,0,0,0,0,Zohran Mamdani
65018,0,0,0,0,0,0,Andrew Cuomo
65019,0,0,0,0,0,0,Zohran Mamdani
65020,0,0,0,0,0,0,Zohran Mamdani
65021,0,0,0,0,0,0,Zohran Mamdani
65022,0,0,0,0,0,0,Zohran Mamdani
65023,0,0,0,0,0,0,Zohran Mamdani
65024,0,0,0,0,0,0,Zohran Mamdani
65025,0,0,0,0,0,0,Zohran Mamdani
65026,0,0,0,0,0,0,Andrew Cuomo
65027,0,0,0,0,0,0,Zohran Mamdani
65028,0,0,0,0,0,0,Zohran Mamdani
65029,0,0,0,0,0,0,Zohran Mamdani
65030,0,0,0,0,0,0,Andrew Cuomo
65031,0,0,0,0,0,0,Zohran Mamdani
65032,0,0,0,0,0,0,Zohran Mamdani
65033,0,0,0,0,0,0,Zohran Mamdani
65034,0,0,0,0,0,0,Zohran Mamdani
65035,0,0,0,0,0,0,Zohran Mamdani
65036,0,0,0,0,0,0,Zohran Mamdani
65037,0,0,0,0,0,0,Zohran Mamdani
65038,0,0,0,0,0,0,Zohran Mamdani
65039,0,0,0,0,0,0,Zohran Mamdani
65040,0,0,0,0,0,0,Zohran Mamdani
65041,0,0,0,0,0,0,Zohran Mamdani
65042,0,0,0,0,0,0,Zohran Mamdani
65043,0,0,0,0,0,0,Zohran Mamdani
65044,0,0,0,0,0,0,Zohran Mamdani
65045,0,0,0,0,0,0,Zohran Mamdani
65046,0,0,0,0,0,0,Zohran Mamdani
65047,0,0,0,0,0,0,Zohran Mamdani
65048,0,0,0,0,0,0,Andrew Cuomo
65049,0,0,0,0,0,0,Zohran Mamdani
65050,0,0,0,0,0,0,Zohran Mamdani
65051,0,0,0,0,0,0,Zohran Mamdani
65052,0,0,0,0,0,0,Zohran Mamdani
65053,0,0,0,0,0,0,Zohran Mamdani
65054,0,0,0,0,0,0,Zohran Mamdani
65055,0,0,0,0,0,0,Zohran Mamdani
65056,0,0,0,0,0,0,Andrew Cuomo
65057,0,0,0,0,0,0,Zohran Mamdani
65058,0,0,0,0,0,0,Zohran Mamdani
65059,0,0,0,0,0,0,Zohran Mamdani
65060,0,0,0,0,0,0,Zohran Mamdani
65061,0,0,0,0,0,0,Zohran Mamdani
65062,0,0,0,0,0,0,Zohran Mamdani
65063,0,0,0,0,0,0,Zohran Mamdani
65064,0,0,0,0,0,0,Zohran Mamdani
65065,0,0,0,0,0,0,Andrew Cuomo
65066,0,0,0,0,0,0,Andrew Cuomo
65067,0,0,0,0,0,0,Zohran Mamdani
65068,0,0,0,0,0,0,Zohran Mamdani
65069,0,0,0,0,0,0,Zohran Mamdani
65070,0,0,0,0,0,0,Zohran Mamdani
65071,0,0,0,0,0,0,Zohran Mamdani
66001,0,0,0,0,0,0,Zohran Mamdani
66002,0,0,0,0,0,0,Zohran Mamdani
66003,0,0,0,0,0,0,Zohran Mamdani
66004,0,0,0,0,0,0,Zohran Mamdani
66005,0,0,0,0,0,0,Zohran Mamdani
66006,0,0,0,0,0,0,Zohran Mamdani
66007,0,0,0,0,0,0,Zohran Mamdani
66008,0,0,0,0,0,0,Zohran Mamdani
66009,0,0,0,0,0,0,Zohran Mamdani
66010,0,0,0,0,0,0,Zohran Mamdani
66011,0,0,0,0,0,0,Zohran Mamdani
66012,0,0,0,0,0,0,Zohran Mamdani
66013,0,0,0,0,0,0,Zohran Mamdani
66014,0,0,0,0,0,0,Zohran Mamdani
66015,0,0,0,0,0,0,Zohran Mamdani
66016,0,0,0,0,0,0,Zohran Mamdani
66017,0,0,0,0,0,0,Zohran Mamdani
66018,0,0,0,0,0,0,Zohran Mamdani
66019,0,0,0,0,0,0,Zohran Mamdani
66020,0,0,0,0,0,0,Zohran Mamdani
66021,0,0,0,0,0,0,Zohran Mamdani
66022,0,0,0,0,0,0,Zohran Mamdani
66023,0,0,0,0,0,0,Zohran Mamdani
66024,0,0,0,0,0,0,Zohran Mamdani
66025,0,0,0,0,0,0,Zohran Mamdani
66026,0,0,0,0,0,0,Zohran Mamdani
66027,0,0,0,0,0,0,Zohran Mamdani
66028,0,0,0,0,0,0,Zohran Mamdani
66029,0,0,0,0,0,0,Zohran Mamdani
66030,0,0,0,0,0,0,Zohran Mamdani
66031,0,0,0,0,0,0,Zohran Mamdani
66032,0,0,0,0,0,0,Zohran Mamdani
66033,0,0,0,0,0,0,Zohran Mamdani
66034,0,0,0,0,0,0,Zohran Mamdani
66035,0,0,0,0,0,0,Zohran Mamdani
66036,0,0,0,0,0,0,Zohran Mamdani
66037,0,0,0,0,0,0,Zohran Mamdani
66038,0,0,0,0,0,0,Zohran Mamdani
66039,0,0,0,0,0,0,Zohran Mamdani
66040,0,0,0,0,0,0,Zohran Mamdani
66041,0,0,0,0,0,0,Zohran Mamdani
66042,0,0,0,0,0,0,Zohran Mamdani
66043,0,0,0,0,0,0,Zohran Mamdani
66044,0,0,0,0,0,0,Zohran Mamdani
66045,0,0,0,0,0,0,Zohran Mamdani
66046,0,0,0,0,0,0,Zohran Mamdani
66047,0,0,0,0,0,0,Zohran Mamdani
66048,0,0,0,0,0,0,Zohran Mamdani
66049,0,0,0,0,0,0,Zohran Mamdani
66050,0,0,0,0,0,0,Zohran Mamdani
66051,0,0,0,0,0,0,Zohran Mamdani
66052,0,0,0,0,0,0,Zohran Mamdani
66053,0,0,0,0,0,0,Zohran Mamdani
66054,0,0,0,0,0,0,Zohran Mamdani
66055,0,0,0,0,0,0,Zohran Mamdani
66056,0,0,0,0,0,0,Zohran Mamdani
66057,0,0,0,0,0,0,Zohran Mamdani
66058,0,0,0,0,0,0,Zohran Mamdani
66059,0,0,0,0,0,0,Zohran Mamdani
66060,0,0,0,0,0,0,Zohran Mamdani
66061,0,0,0,0,0,0,Zohran Mamdani
66062,0,0,0,0,0,0,Zohran Mamdani
66063,0,0,0,0,0,0,Zohran Mamdani
66064,0,0,0,0,0,0,Zohran Mamdani
66065,0,0,0,0,0,0,Zohran Mamdani
66066,0,0,0,0,0,0,Andrew Cuomo
66067,0,0,0,0,0,0,Zohran Mamdani
66068,0,0,0,0,0,0,Zohran Mamdani
66069,0,0,0,0,0,0,Zohran Mamdani
66070,0,0,0,0,0,0,Zohran Mamdani
66071,0,0,0,0,0,0,Zohran Mamdani
66072,0,0,0,0,0,0,Andrew Cuomo
66073,0,0,0,0,0,0,Zohran Mamdani
66074,0,0,0,0,0,0,Zohran Mamdani
66075,0,0,0,0,0,0,Zohran Mamdani
66076,0,0,0,0,0,0,Zohran Mamdani
66077,0,0,0,0,0,0,Zohran Mamdani
66078,0,0,0,0,0,0,Zohran Mamdani
67001,0,0,0,0,0,0,Zohran Mamdani
67002,0,0,0,0,0,0,Zohran Mamdani
67003,0,0,0,0,0,0,Zohran Mamdani
67004,0,0,0,0,0,0,Zohran Mamdani
67005,0,0,0,0,0,0,Zohran Mamdani
67006,0,0,0,0,0,0,Zohran Mamdani
67007,0,0,0,0,0,0,Zohran Mamdani
67008,0,0,0,0,0,0,Zohran Mamdani
67009,0,0,0,0,0,0,Zohran Mamdani
67010,0,0,0,0,0,0,Zohran Mamdani
67011,0,0,0,0,0,0,Zohran Mamdani
67012,0,0,0,0,0,0,Zohran Mamdani
67013,0,0,0,0,0,0,Zohran Mamdani
67014,0,0,0,0,0,0,Zohran Mamdani
67015,0,0,0,0,0,0,Zohran Mamdani
67016,0,0,0,0,0,0,Zohran Mamdani
67017,0,0,0,0,0,0,Zohran Mamdani
67018,0,0,0,0,0,0,Zohran Mamdani
67019,0,0,0,0,0,0,Zohran Mamdani
67020,0,0,0,0,0,0,Zohran Mamdani
67021,0,0,0,0,0,0,Zohran Mamdani
67022,0,0,0,0,0,0,Andrew Cuomo
67023,0,0,0,0,0,0,Zohran Mamdani
67024,0,0,0,0,0,0,Zohran Mamdani
67025,0,0,0,0,0,0,Zohran Mamdani
67026,0,0,0,0,0,0,Zohran Mamdani
67027,0,0,0,0,0,0,Zohran Mamdani
67028,0,0,0,0,0,0,Zohran Mamdani
67029,0,0,0,0,0,0,Zohran Mamdani
67030,0,0,0,0,0,0,Zohran Mamdani
67031,0,0,0,0,0,0,Zohran Mamdani
67032,0,0,0,0,0,0,Zohran Mamdani
67033,0,0,0,0,0,0,Zohran Mamdani
67034,0,0,0,0,0,0,Zohran Mamdani
67035,0,0,0,0,0,0,Zohran Mamdani
67036,0,0,0,0,0,0,Zohran Mamdani
67037,0,0,0,0,0,0,Zohran Mamdani
67038,0,0,0,0,0,0,Zohran Mamdani
67039,0,0,0,0,0,0,Zohran Mamdani
67040,0,0,0,0,0,0,Zohran Mamdani
67041,0,0,0,0,0,0,Zohran Mamdani
67042,0,0,0,0,0,0,Andrew Cuomo
67043,0,0,0,0,0,0,Zohran Mamdani
67044,0,0,0,0,0,0,Zohran Mamdani
67045,0,0,0,0,0,0,Zohran Mamdani
67046,0,0,0,0,0,0,Zohran Mamdani
67047,0,0,0,0,0,0,Zohran Mamdani
67048,0,0,0,0,0,0,Zohran Mamdani
67049,0,0,0,0,0,0,Zohran Mamdani
67050,0,0,0,0,0,0,Zohran Mamdani
67051,0,0,0,0,0,0,Andrew Cuomo
67052,0,0,0,0,0,0,Zohran Mamdani
67053,0,0,0,0,0,0,Zohran Mamdani
67054,0,0,0,0,0,0,Zohran Mamdani
67055,0,0,0,0,0,0,Zohran Mamdani
67056,0,0,0,0,0,0,Zohran Mamdani
67057,0,0,0,0,0,0,Zohran Mamdani
67058,0,0,0,0,0,0,Zohran Mamdani
67059,0,0,0,0,0,0,Zohran Mamdani
67060,0,0,0,0,0,0,Zohran Mamdani
67061,0,0,0,0,0,0,Zohran Mamdani
67062,0,0,0,0,0,0,Zohran Mamdani
67063,0,0,0,0,0,0,Zohran Mamdani
67064,0,0,0,0,0,0,Zohran Mamdani
67065,0,0,0,0,0,0,Zohran Mamdani
67066,0,0,0,0,0,0,Zohran Mamdani
67067,0,0,0,0,0,0,Zohran Mamdani
67068,0,0,0,0,0,0,Zohran Mamdani
67069,0,0,0,0,0,0,Zohran Mamdani
67070,0,0,0,0,0,0,Zohran Mamdani
67071,0,0,0,0,0,0,Zohran Mamdani
68001,0,0,0,0,0,0,Zohran Mamdani
68002,0,0,0,0,0,0,Andrew Cuomo
68003,0,0,0,0,0,0,Andrew Cuomo
68004,0,0,0,0,0,0,Zohran Mamdani
68005,0,0,0,0,0,0,Zohran Mamdani
68006,0,0,0,0,0,0,Zohran Mamdani
68007,0,0,0,0,0,0,Andrew Cuomo
68008,0,0,0,0,0,0,Zohran Mamdani
68009,0,0,0,0,0,0,Zohran Mamdani
68010,0,0,0,0,0,0,Andrew Cuomo
68011,0,0,0,0,0,0,Zohran Mamdani
68012,0,0,0,0,0,0,Zohran Mamdani
68013,0,0,0,0,0,0,Zohran Mamdani
68014,0,0,0,0,0,0,Zohran Mamdani
68015,0,0,0,0,0,0,Andrew Cuomo
68016,0,0,0,0,0,0,Andrew Cuomo
68017,0,0,0,0,0,0,Zohran Mamdani
68018,0,0,0,0,0,0,Zohran Mamdani
68019,0,0,0,0,0,0,Zohran Mamdani
68020,0,0,0,0,0,0,Zohran Mamdani
68021,0,0,0,0,0,0,Zohran Mamdani
68022,0,0,0,0,0,0,Zohran Mamdani
68023,0,0,0,0,0,0,Andrew Cuomo
68024,0,0,0,0,0,0,Zohran Mamdani
68025,0,0,0,0,0,0,Zohran Mamdani
68026,0,0,0,0,0,0,Zohran Mamdani
68027,0,0,0,0,0,0,Andrew Cuomo
68028,0,0,0,0,0,0,Zohran Mamdani
68029,0,0,0,0,0,0,Zohran Mamdani
68030,0,0,0,0,0,0,Andrew Cuomo
68031,0,0,0,0,0,0,Zohran Mamdani
68032,0,0,0,0,0,0,Zohran Mamdani
68033,0,0,0,0,0,0,Zohran Mamdani
68034,0,0,0,0,0,0,Andrew Cuomo
68035,0,0,0,0,0,0,Zohran Mamdani
68036,0,0,0,0,0,0,Zohran Mamdani
68037,0,0,0,0,0,0,Andrew Cuomo
68038,0,0,0,0,0,0,Zohran Mamdani
68039,0,0,0,0,0,0,Andrew Cuomo
68040,0,0,0,0,0,0,Andrew Cuomo
68041,0,0,0,0,0,0,Zohran Mamdani
68042,0,0,0,0,0,0,Zohran Mamdani
68043,0,0,0,0,0,0,Zohran Mamdani
68044,0,0,0,0,0,0,Zohran Mamdani
68045,0,0,0,0,0,0,Zohran Mamdani
68046,0,0,0,0,0,0,Zohran Mamdani
68047,0,0,0,0,0,0,Zohran Mamdani
68048,0,0,0,0,0,0,Andrew Cuomo
68049,0,0,0,0,0,0,Zohran Mamdani
68050,0,0,0,0,0,0,Andrew Cuomo
68051,0,0,0,0,0,0,Andrew Cuomo
68052,0,0,0,0,0,0,Zohran Mamdani
68053,0,0,0,0,0,0,Zohran Mamdani
68054,0,0,0,0,0,0,Andrew Cuomo
68055,0,0,0,0,0,0,Zohran Mamdani
68056,0,0,0,0,0,0,Zohran Mamdani
68057,0,0,0,0,0,0,Zohran Mamdani
68058,0,0,0,0,0,0,Zohran Mamdani
68059,0,0,0,0,0,0,Zohran Mamdani
68060,0,0,0,0,0,0,Zohran Mamdani
68061,0,0,0,0,0,0,Andrew Cuomo
68062,0,0,0,0,0,0,Zohran Mamdani
68063,0,0,0,0,0,0,Zohran Mamdani
68064,0,0,0,0,0,0,Zohran Mamdani
68065,0,0,0,0,0,0,Zohran Mamdani
68066,0,0,0,0,0,0,Zohran Mamdani
68067,0,0,0,0,0,0,Zohran Mamdani
68068,0,0,0,0,0,0,Zohran Mamdani
68069,0,0,0,0,0,0,Andrew Cuomo
68070,0,0,0,0,0,0,Zohran Mamdani
68071,0,0,0,0,0,0,Zohran Mamdani
68072,0,0,0,0,0,0,Zohran Mamdani
68073,0,0,0,0,0,0,Zohran Mamdani
68074,0,0,0,0,0,0,Zohran Mamdani
68075,0,0,0,0,0,0,Andrew Cuomo
68076,0,0,0,0,0,0,Zohran Mamdani
68077,0,0,0,0,0,0,Zohran Mamdani
68078,0,0,0,0,0,0,Zohran Mamdani
68079,0,0,0,0,0,0,Zohran Mamdani
68080,0,0,0,0,0,0,Zohran Mamdani
68081,0,0,0,0,0,0,Zohran Mamdani
68082,0,0,0,0,0,0,Zohran Mamdani
69001,0,0,0,0,0,0,Andrew Cuomo
69002,0,0,0,0,0,0,Zohran Mamdani
69003,0,0,0,0,0,0,Andrew Cuomo
69004,0,0,0,0,0,0,Andrew Cuomo
69005,0,0,0,0,0,0,Zohran Mamdani
69006,0,0,0,0,0,0,Zohran Mamdani
69007,0,0,0,0,0,0,Zohran Mamdani
69008,0,0,0,0,0,0,Zohran Mamdani
69009,0,0,0,0,0,0,Zohran Mamdani
69010,0,0,0,0,0,0,Zohran Mamdani
69011,0,0,0,0,0,0,Zohran Mamdani
69012,0,0,0,0,0,0,Zohran Mamdani
69013,0,0,0,0,0,0,Zohran Mamdani
69014,0,0,0,0,0,0,Zohran Mamdani
69015,0,0,0,0,0,0,Zohran Mamdani
69016,0,0,0,0,0,0,Zohran Mamdani
69017,0,0,0,0,0,0,Zohran Mamdani
69018,0,0,0,0,0,0,Zohran Mamdani
69019,0,0,0,0,0,0,Zohran Mamdani
69020,0,0,0,0,0,0,Zohran Mamdani
69021,0,0,0,0,0,0,Zohran Mamdani
69022,0,0,0,0,0,0,Zohran Mamdani
69023,0,0,0,0,0,0,Zohran Mamdani
69024,0,0,0,0,0,0,Andrew Cuomo
69025,0,0,0,0,0,0,Zohran Mamdani
69026,0,0,0,0,0,0,Andrew Cuomo
69027,0,0,0,0,0,0,Zohran Mamdani
69028,0,0,0,0,0,0,Zohran Mamdani
69029,0,0,0,0,0,0,Zohran Mamdani
69030,0,0,0,0,0,0,Zohran Mamdani
69031,0,0,0,0,0,0,Zohran Mamdani
69032,0,0,0,0,0,0,Zohran Mamdani
69033,0,0,0,0,0,0,Zohran Mamdani
69034,0,0,0,0,0,0,Zohran Mamdani
69035,0,0,0,0,0,0,Zohran Mamdani
69036,0,0,0,0,0,0,Zohran Mamdani
69037,0,0,0,0,0,0,Zohran Mamdani
69038,0,0,0,0,0,0,Zohran Mamdani
69039,0,0,0,0,0,0,Zohran Mamdani
69040,0,0,0,0,0,0,Zohran Mamdani
69041,0,0,0,0,0,0,Zohran Mamdani
69042,0,0,0,0,0,0,Zohran Mamdani
69043,0,0,0,0,0,0,Zohran Mamdani
69044,0,0,0,0,0,0,Zohran Mamdani
69045,0,0,0,0,0,0,Zohran Mamdani
69046,0,0,0,0,0,0,Zohran Mamdani
69047,0,0,0,0,0,0,Zohran Mamdani
69048,0,0,0,0,0,0,Zohran Mamdani
69049,0,0,0,0,0,0,Zohran Mamdani
69050,0,0,0,0,0,0,Zohran Mamdani
69051,0,0,0,0,0,0,Zohran Mamdani
69052,0,0,0,0,0,0,Zohran Mamdani
69053,0,0,0,0,0,0,Zohran Mamdani
69054,0,0,0,0,0,0,Zohran Mamdani
69055,0,0,0,0,0,0,Zohran Mamdani
69056,0,0,0,0,0,0,Zohran Mamdani
69057,0,0,0,0,0,0,Zohran Mamdani
69058,0,0,0,0,0,0,Zohran Mamdani
69059,0,0,0,0,0,0,Zohran Mamdani
69060,0,0,0,0,0,0,Zohran Mamdani
69061,0,0,0,0,0,0,Zohran Mamdani
69062,0,0,0,0,0,0,Zohran Mamdani
69063,0,0,0,0,0,0,Zohran Mamdani
69064,0,0,0,0,0,0,Zohran Mamdani
69065,0,0,0,0,0,0,Zohran Mamdani
69066,0,0,0,0,0,0,Zohran Mamdani
69067,0,0,0,0,0,0,Zohran Mamdani
69068,0,0,0,0,0,0,Zohran Mamdani
69069,0,0,0,0,0,0,Zohran Mamdani
69070,0,0,0,0,0,0,Zohran Mamdani
69071,0,0,0,0,0,0,Zohran Mamdani
69072,0,0,0,0,0,0,Zohran Mamdani
69073,0,0,0,0,0,0,Zohran Mamdani
69074,0,0,0,0,0,0,Zohran Mamdani
69075,0,0,0,0,0,0,Andrew Cuomo
69076,0,0,0,0,0,0,Zohran Mamdani
69077,0,0,0,0,0,0,Zohran Mamdani
69078,0,0,0,0,0,0,Zohran Mamdani
69079,0,0,0,0,0,0,Zohran Mamdani
69080,0,0,0,0,0,0,Zohran Mamdani
69081,0,0,0,0,0,0,Curtis Sliwa
69082,0,0,0,0,0,0,Curtis Sliwa
69083,0,0,0,0,0,0,Curtis Sliwa
69084,0,0,0,0,0,0,Curtis Sliwa
70001,0,0,0,0,0,0,Zohran Mamdani
70002,0,0,0,0,0,0,Zohran Mamdani
70003,0,0,0,0,0,0,Andrew Cuomo
70004,0,0,0,0,0,0,Zohran Mamdani
70005,0,0,0,0,0,0,Zohran Mamdani
70006,0,0,0,0,0,0,Zohran Mamdani
70007,0,0,0,0,0,0,Zohran Mamdani
70008,0,0,0,0,0,0,Zohran Mamdani
70009,0,0,0,0,0,0,Zohran Mamdani
70010,0,0,0,0,0,0,Zohran Mamdani
70011,0,0,0,0,0,0,Andrew Cuomo
70012,0,0,0,0,0,0,Zohran Mamdani
70013,0,0,0,0,0,0,Zohran Mamdani
70014,0,0,0,0,0,0,Zohran Mamdani
70015,0,0,0,0,0,0,Zohran Mamdani
70016,0,0,0,0,0,0,Zohran Mamdani
70017,0,0,0,0,0,0,Zohran Mamdani
70018,0,0,0,0,0,0,Zohran Mamdani
70019,0,0,0,0,0,0,Zohran Mamdani
70020,0,0,0,0,0,0,Zohran Mamdani
70021,0,0,0,0,0,0,Zohran Mamdani
70022,0,0,0,0,0,0,Zohran Mamdani
70023,0,0,0,0,0,0,Andrew Cuomo
70024,0,0,0,0,0,0,Zohran Mamdani
70025,0,0,0,0,0,0,Zohran Mamdani
70026,0,0,0,0,0,0,Zohran Mamdani
70027,0,0,0,0,0,0,Zohran Mamdani
70028,0,0,0,0,0,0,Zohran Mamdani
70029,0,0,0,0,0,0,Zohran Mamdani
70030,0,0,0,0,0,0,Zohran Mamdani
70031,0,0,0,0,0,0,Zohran Mamdani
70032,0,0,0,0,0,0,Zohran Mamdani
70033,0,0,0,0,0,0,Zohran Mamdani
70034,0,0,0,0,0,0,Zohran Mamdani
70035,0,0,0,0,0,0,Zohran Mamdani
70036,0,0,0,0,0,0,Andrew Cuomo
70037,0,0,0,0,0,0,Zohran Mamdani
70038,0,0,0,0,0,0,Zohran Mamdani
70039,0,0,0,0,0,0,Zohran Mamdani
70040,0,0,0,0,0,0,Zohran Mamdani
70041,0,0,0,0,0,0,Zohran Mamdani
70042,0,0,0,0,0,0,Zohran Mamdani
70043,0,0,0,0,0,0,Andrew Cuomo
70044,0,0,0,0,0,0,Andrew Cuomo
70045,0,0,0,0,0,0,Andrew Cuomo
70046,0,0,0,0,0,0,Andrew Cuomo
70047,0,0,0,0,0,0,Zohran Mamdani
70048,0,0,0,0,0,0,Zohran Mamdani
70049,0,0,0,0,0,0,Zohran Mamdani
70050,0,0,0,0,0,0,Zohran Mamdani
70051,0,0,0,0,0,0,Andrew Cuomo
70052,0,0,0,0,0,0,Andrew Cuomo
70053,0,0,0,0,0,0,Zohran Mamdani
70054,0,0,0,0,0,0,Zohran Mamdani
70055,0,0,0,0,0,0,Zohran Mamdani
70056,0,0,0,0,0,0,Zohran Mamdani
70057,0,0,0,0,0,0,Zohran Mamdani
70058,0,0,0,0,0,0,Zohran Mamdani
70059,0,0,0,0,0,0,Zohran Mamdani
70060,0,0,0,0,0,0,Zohran Mamdani
70061,0,0,0,0,0,0,Zohran Mamdani
70062,0,0,0,0,0,0,Zohran Mamdani
70063,0,0,0,0,0,0,Zohran Mamdani
70064,0,0,0,0,0,0,Zohran Mamdani
70065,0,0,0,0,0,0,Zohran Mamdani
70066,0,0,0,0,0,0,Zohran Mamdani
70067,0,0,0,0,0,0,Andrew Cuomo
70068,0,0,0,0,0,0,Andrew Cuomo
70069,0,0,0,0,0,0,Zohran Mamdani
70070,0,0,0,0,0,0,Zohran Mamdani
70071,0,0,0,0,0,0,Andrew Cuomo
70072,0,0,0,0,0,0,Curtis Sliwa
70073,0,0,0,0,0,0,Curtis Sliwa
70074,0,0,0,0,0,0,Curtis Sliwa
71001,0,0,0,0,0,0,Zohran Mamdani
71002,0,0,0,0,0,0,Zohran Mamdani
71003,0,0,0,0,0,0,Zohran Mamdani
71004,0,0,0,0,0,0,Zohran Mamdani
71005,0,0,0,0,0,0,Zohran Mamdani
71006,0,0,0,0,0,0,Zohran Mamdani
71007,0,0,0,0,0,0,Zohran Mamdani
71008,0,0,0,0,0,0,Zohran Mamdani
71009,0,0,0,0,0,0,Zohran Mamdani
71010,0,0,0,0,0,0,Zohran Mamdani
71011,0,0,0,0,0,0,Zohran Mamdani
71012,0,0,0,0,0,0,Zohran Mamdani
71013,0,0,0,0,0,0,Zohran Mamdani
71014,0,0,0,0,0,0,Zohran Mamdani
71015,0,0,0,0,0,0,Zohran Mamdani
71016,0,0,0,0,0,0,Zohran Mamdani
71017,0,0,0,0,0,0,Zohran Mamdani
71018,0,0,0,0,0,0,Zohran Mamdani
71019,0,0,0,0,0,0,Zohran Mamdani
71020,0,0,0,0,0,0,Zohran Mamdani
71021,0,0,0,0,0,0,Zohran Mamdani
71022,0,0,0,0,0,0,Zohran Mamdani
71023,0,0,0,0,0,0,Zohran Mamdani
71024,0,0,0,0,0,0,Zohran Mamdani
71025,0,0,0,0,0,0,Zohran Mamdani
71026,0,0,0,0,0,0,Zohran Mamdani
71027,0,0,0,0,0,0,Zohran Mamdani
71028,0,0,0,0,0,0,Zohran Mamdani
71029,0,0,0,0,0,0,Zohran Mamdani
71030,0,0,0,0,0,0,Zohran Mamdani
71031,0,0,0,0,0,0,Andrew Cuomo
71032,0,0,0,0,0,0,Andrew Cuomo
71033,0,0,0,0,0,0,Zohran Mamdani
71034,0,0,0,0,0,0,Andrew Cuomo
71035,0,0,0,0,0,0,Zohran Mamdani
71036,0,0,0,0,0,0,Zohran Mamdani
71037,0,0,0,0,0,0,Zohran Mamdani
71038,0,0,0,0,0,0,Zohran Mamdani
71039,0,0,0,0,0,0,Zohran Mamdani
71040,0,0,0,0,0,0,Zohran Mamdani
71041,0,0,0,0,0,0,Zohran Mamdani
71042,0,0,0,0,0,0,Zohran Mamdani
71043,0,0,0,0,0,0,Zohran Mamdani
71044,0,0,0,0,0,0,Zohran Mamdani
71045,0,0,0,0,0,0,Zohran Mamdani
71046,0,0,0,0,0,0,Zohran Mamdani
71047,0,0,0,0,0,0,Zohran Mamdani
71048,0,0,0,0,0,0,Zohran Mamdani
71049,0,0,0,0,0,0,Zohran Mamdani
71050,0,0,0,0,0,0,Zohran Mamdani
71051,0,0,0,0,0,0,Zohran Mamdani
71052,0,0,0,0,0,0,Zohran Mamdani
71053,0,0,0,0,0,0,Zohran Mamdani
71054,0,0,0,0,0,0,Zohran Mamdani
71055,0,0,0,0,0,0,Zohran Mamdani
71056,0,0,0,0,0,0,Zohran Mamdani
71057,0,0,0,0,0,0,Zohran Mamdani
71058,0,0,0,0,0,0,Zohran Mamdani
71059,0,0,0,0,0,0,Zohran Mamdani
71060,0,0,0,0,0,0,Andrew Cuomo
71061,0,0,0,0,0,0,Andrew Cuomo
71062,0,0,0,0,0,0,Andrew Cuomo
71063,0,0,0,0,0,0,Andrew Cuomo
71064,0,0,0,0,0,0,Zohran Mamdani
71065,0,0,0,0,0,0,Andrew Cuomo
71066,0,0,0,0,0,0,Curtis Sliwa
71067,0,0,0,0,0,0,Curtis Sliwa
71068,0,0,0,0,0,0,Curtis Sliwa
71069,0,0,0,0,0,0,Curtis Sliwa
71070,0,0,0,0,0,0,Curtis Sliwa
71071,0,0,0,0,0,0,Curtis Sliwa
72001,0,0,0,0,0,0,Andrew Cuomo
72002,0,0,0,0,0,0,Zohran Mamdani
72003,0,0,0,0,0,0,Zohran Mamdani
72004,0,0,0,0,0,0,Zohran Mamdani
72005,0,0,0,0,0,0,Zohran Mamdani
72006,0,0,0,0,0,0,Zohran Mamdani
72007,0,0,0,0,0,0,Zohran Mamdani
72008,0,0,0,0,0,0,Zohran Mamdani
72009,0,0,0,0,0,0,Zohran Mamdani
72010,0,0,0,0,0,0,Zohran Mamdani
72011,0,0,0,0,0,0,Andrew Cuomo
72012,0,0,0,0,0,0,Andrew Cuomo
72013,0,0,0,0,0,0,Andrew Cuomo
72014,0,0,0,0,0,0,Zohran Mamdani
72015,0,0,0,0,0,0,Zohran Mamdani
72016,0,0,0,0,0,0,Zohran Mamdani
72017,0,0,0,0,0,0,Andrew Cuomo
72018,0,0,0,0,0,0,Zohran Mamdani
72019,0,0,0,0,0,0,Zohran Mamdani
72020,0,0,0,0,0,0,Zohran Mamdani
72021,0,0,0,0,0,0,Andrew Cuomo
72022,0,0,0,0,0,0,Zohran Mamdani
72023,0,0,0,0,0,0,Zohran Mamdani
72024,0,0,0,0,0,0,Zohran Mamdani
72025,0,0,0,0,0,0,Andrew Cuomo
72026,0,0,0,0,0,0,Zohran Mamdani
72027,0,0,0,0,0,0,Zohran Mamdani
72028,0,0,0,0,0,0,Zohran Mamdani
72029,0,0,0,0,0,0,Zohran Mamdani
72030,0,0,0,0,0,0,Zohran Mamdani
72031,0,0,0,0,0,0,Zohran Mamdani
72032,0,0,0,0,0,0,Zohran Mamdani
72033,0,0,0,0,0,0,Zohran Mamdani
72034,0,0,0,0,0,0,Zohran Mamdani
72035,0,0,0,0,0,0,Zohran Mamdani
72036,0,0,0,0,0,0,Zohran Mamdani
72037,0,0,0,0,0,0,Zohran Mamdani
72038,0,0,0,0,0,0,Andrew Cuomo
72039,0,0,0,0,0,0,Zohran Mamdani
72040,0,0,0,0,0,0,Andrew Cuomo
72041,0,0,0,0,0,0,Zohran Mamdani
72042,0,0,0,0,0,0,Zohran Mamdani
72043,0,0,0,0,0,0,Zohran Mamdani
72044,0,0,0,0,0,0,Zohran Mamdani
72045,0,0,0,0,0,0,Zohran Mamdani
72046,0,0,0,0,0,0,Zohran Mamdani
72047,0,0,0,0,0,0,Zohran Mamdani
72048,0,0,0,0,0,0,Zohran Mamdani
72049,0,0,0,0,0,0,Zohran Mamdani
72050,0,0,0,0,0,0,Zohran Mamdani
72051,0,0,0,0,0,0,Zohran Mamdani
72052,0,0,0,0,0,0,Zohran Mamdani
72053,0,0,0,0,0,0,Zohran Mamdani
72054,0,0,0,0,0,0,Zohran Mamdani
72055,0,0,0,0,0,0,Zohran Mamdani
72056,0,0,0,0,0,0,Zohran Mamdani
72057,0,0,0,0,0,0,Zohran Mamdani
72058,0,0,0,0,0,0,Zohran Mamdani
72059,0,0,0,0,0,0,Zohran Mamdani
72060,0,0,0,0,0,0,Zohran Mamdani
72061,0,0,0,0,0,0,Zohran Mamdani
72062,0,0,0,0,0,0,Zohran Mamdani
72063,0,0,0,0,0,0,Zohran Mamdani
72064,0,0,0,0,0,0,Curtis Sliwa
72065,0,0,0,0,0,0,Curtis Sliwa
72066,0,0,0,0,0,0,Curtis Sliwa
73001,0,0,0,0,0,0,Zohran Mamdani
73002,0,0,0,0,0,0,Zohran Mamdani
73003,0,0,0,0,0,0,Zohran Mamdani
73004,0,0,0,0,0,0,Zohran Mamdani
73005,0,0,0,0,0,0,Zohran Mamdani
73006,0,0,0,0,0,0,Zohran Mamdani
73007,0,0,0,0,0,0,Zohran Mamdani
73008,0,0,0,0,0,0,Zohran Mamdani
73009,0,0,0,0,0,0,Zohran Mamdani
73010,0,0,0,0,0,0,Andrew Cuomo
73011,0,0,0,0,0,0,Andrew Cuomo
73012,0,0,0,0,0,0,Zohran Mamdani
73013,0,0,0,0,0,0,Zohran Mamdani
73014,0,0,0,0,0,0,Zohran Mamdani
73015,0,0,0,0,0,0,Zohran Mamdani
73016,0,0,0,0,0,0,Zohran Mamdani
73017,0,0,0,0,0,0,Zohran Mamdani
73018,0,0,0,0,0,0,Andrew Cuomo
73019,0,0,0,0,0,0,Zohran Mamdani
73020,0,0,0,0,0,0,Andrew Cuomo
73021,0,0,0,0,0,0,Zohran Mamdani
73022,0,0,0,0,0,0,Andrew Cuomo
73023,0,0,0,0,0,0,Andrew Cuomo
73024,0,0,0,0,0,0,Zohran Mamdani
73025,0,0,0,0,0,0,Zohran Mamdani
73026,0,0,0,0,0,0,Zohran Mamdani
73027,0,0,0,0,0,0,Zohran Mamdani
73028,0,0,0,0,0,0,Zohran Mamdani
73029,0,0,0,0,0,0,Andrew Cuomo
73030,0,0,0,0,0,0,Zohran Mamdani
73031,0,0,0,0,0,0,Andrew Cuomo
73032,0,0,0,0,0,0,Andrew Cuomo
73033,0,0,0,0,0,0,Andrew Cuomo
73034,0,0,0,0,0,0,Andrew Cuomo
73035,0,0,0,0,0,0,Zohran Mamdani
73036,0,0,0,0,0,0,Andrew Cuomo
73037,0,0,0,0,0,0,Zohran Mamdani
73038,0,0,0,0,0,0,Andrew Cuomo
73039,0,0,0,0,0,0,Andrew Cuomo
73040,0,0,0,0,0,0,Andrew Cuomo
73041,0,0,0,0,0,0,Andrew Cuomo
73042,0,0,0,0,0,0,Andrew Cuomo
73043,0,0,0,0,0,0,Andrew Cuomo
73044,0,0,0,0,0,0,Andrew Cuomo
73045,0,0,0,0,0,0,Andrew Cuomo
73046,0,0,0,0,0,0,Andrew Cuomo
73047,0,0,0,0,0,0,Andrew Cuomo
73048,0,0,0,0,0,0,Andrew Cuomo
73049,0,0,0,0,0,0,Andrew Cuomo
73050,0,0,0,0,0,0,Andrew Cuomo
73051,0,0,0,0,0,0,Andrew Cuomo
73052,0,0,0,0,0,0,Andrew Cuomo
73053,0,0,0,0,0,0,Andrew Cuomo
73054,0,0,0,0,0,0,Andrew Cuomo
73055,0,0,0,0,0,0,Andrew Cuomo
73056,0,0,0,0,0,0,Andrew Cuomo
73057,0,0,0,0,0,0,Andrew Cuomo
73058,0,0,0,0,0,0,Andrew Cuomo
73059,0,0,0,0,0,0,Andrew Cuomo
73060,0,0,0,0,0,0,Zohran Mamdani
73061,0,0,0,0,0,0,Zohran Mamdani
73062,0,0,0,0,0,0,Zohran Mamdani
73063,0,0,0,0,0,0,Andrew Cuomo
73064,0,0,0,0,0,0,Andrew Cuomo
73065,0,0,0,0,0,0,Andrew Cuomo
73066,0,0,0,0,0,0,Zohran Mamdani
73067,0,0,0,0,0,0,Zohran Mamdani
73068,0,0,0,0,0,0,Andrew Cuomo
73069,0,0,0,0,0,0,Zohran Mamdani
73070,0,0,0,0,0,0,Curtis Sliwa
73071,0,0,0,0,0,0,Zohran Mamdani
73072,0,0,0,0,0,0,Zohran Mamdani
74001,0,0,0,0,0,0,Zohran Mamdani
74002,0,0,0,0,0,0,Zohran Mamdani
74003,0,0,0,0,0,0,Zohran Mamdani
74004,0,0,0,0,0,0,Zohran Mamdani
74005,0,0,0,0,0,0,Zohran Mamdani
74006,0,0,0,0,0,0,Zohran Mamdani
74007,0,0,0,0,0,0,Zohran Mamdani
74008,0,0,0,0,0,0,Zohran Mamdani
74009,0,0,0,0,0,0,Zohran Mamdani
74010,0,0,0,0,0,0,Zohran Mamdani
74011,0,0,0,0,0,0,Zohran Mamdani
74012,0,0,0,0,0,0,Zohran Mamdani
74013,0,0,0,0,0,0,Zohran Mamdani
74014,0,0,0,0,0,0,Zohran Mamdani
74015,0,0,0,0,0,0,Zohran Mamdani
74016,0,0,0,0,0,0,Zohran Mamdani
74017,0,0,0,0,0,0,Zohran Mamdani
74018,0,0,0,0,0,0,Zohran Mamdani
74019,0,0,0,0,0,0,Zohran Mamdani
74020,0,0,0,0,0,0,Zohran Mamdani
74021,0,0,0,0,0,0,Zohran Mamdani
74022,0,0,0,0,0,0,Zohran Mamdani
74023,0,0,0,0,0,0,Zohran Mamdani
74024,0,0,0,0,0,0,Zohran Mamdani
74025,0,0,0,0,0,0,Zohran Mamdani
74026,0,0,0,0,0,0,Zohran Mamdani
74027,0,0,0,0,0,0,Zohran Mamdani
74028,0,0,0,0,0,0,Zohran Mamdani
74029,0,0,0,0,0,0,Andrew Cuomo
74030,0,0,0,0,0,0,Zohran Mamdani
74031,0,0,0,0,0,0,Zohran Mamdani
74032,0,0,0,0,0,0,Andrew Cuomo
74033,0,0,0,0,0,0,Zohran Mamdani
74034,0,0,0,0,0,0,Zohran Mamdani
74035,0,0,0,0,0,0,Zohran Mamdani
74036,0,0,0,0,0,0,Zohran Mamdani
74037,0,0,0,0,0,0,Zohran Mamdani
74038,0,0,0,0,0,0,Andrew Cuomo
74039,0,0,0,0,0,0,Andrew Cuomo
74040,0,0,0,0,0,0,Zohran Mamdani
74041,0,0,0,0,0,0,Zohran Mamdani
74042,0,0,0,0,0,0,Zohran Mamdani
74043,0,0,0,0,0,0,Zohran Mamdani
74044,0,0,0,0,0,0,Zohran Mamdani
74045,0,0,0,0,0,0,Zohran Mamdani
74046,0,0,0,0,0,0,Zohran Mamdani
74047,0,0,0,0,0,0,Zohran Mamdani
74048,0,0,0,0,0,0,Zohran Mamdani
74049,0,0,0,0,0,0,Zohran Mamdani
74050,0,0,0,0,0,0,Zohran Mamdani
74051,0,0,0,0,0,0,Zohran Mamdani
74052,0,0,0,0,0,0,Zohran Mamdani
74053,0,0,0,0,0,0,Zohran Mamdani
74054,0,0,0,0,0,0,Zohran Mamdani
74055,0,0,0,0,0,0,Zohran Mamdani
74056,0,0,0,0,0,0,Zohran Mamdani
74057,0,0,0,0,0,0,Zohran Mamdani
74058,0,0,0,0,0,0,Zohran Mamdani
74059,0,0,0,0,0,0,Zohran Mamdani
74060,0,0,0,0,0,0,Zohran Mamdani
74061,0,0,0,0,0,0,Zohran Mamdani
74062,0,0,0,0,0,0,Zohran Mamdani
74063,0,0,0,0,0,0,Zohran Mamdani
74064,0,0,0,0,0,0,Zohran Mamdani
74065,0,0,0,0,0,0,Zohran Mamdani
74066,0,0,0,0,0,0,Zohran Mamdani
74067,0,0,0,0,0,0,Zohran Mamdani
74068,0,0,0,0,0,0,Zohran Mamdani
74069,0,0,0,0,0,0,Zohran Mamdani
74070,0,0,0,0,0,0,Zohran Mamdani
75001,0,0,0,0,0,0,Zohran Mamdani
75002,0,0,0,0,0,0,Zohran Mamdani
75003,0,0,0,0,0,0,Zohran Mamdani
75004,0,0,0,0,0,0,Andrew Cuomo
75005,0,0,0,0,0,0,Andrew Cuomo
75006,0,0,0,0,0,0,Zohran Mamdani
75007,0,0,0,0,0,0,Zohran Mamdani
75008,0,0,0,0,0,0,Zohran Mamdani
75009,0,0,0,0,0,0,Zohran Mamdani
75010,0,0,0,0,0,0,Zohran Mamdani
75011,0,0,0,0,0,0,Zohran Mamdani
75012,0,0,0,0,0,0,Zohran Mamdani
75013,0,0,0,0,0,0,Zohran Mamdani
75014,0,0,0,0,0,0,Zohran Mamdani
75015,0,0,0,0,0,0,Zohran Mamdani
75016,0,0,0,0,0,0,Zohran Mamdani
75017,0,0,0,0,0,0,Zohran Mamdani
75018,0,0,0,0,0,0,Zohran Mamdani
75019,0,0,0,0,0,0,Zohran Mamdani
75020,0,0,0,0,0,0,Zohran Mamdani
75021,0,0,0,0,0,0,Zohran Mamdani
75022,0,0,0,0,0,0,Zohran Mamdani
75023,0,0,0,0,0,0,Zohran Mamdani
75024,0,0,0,0,0,0,Zohran Mamdani
75025,0,0,0,0,0,0,Zohran Mamdani
75026,0,0,0,0,0,0,Zohran Mamdani
75027,0,0,0,0,0,0,Zohran Mamdani
75028,0,0,0,0,0,0,Zohran Mamdani
75029,0,0,0,0,0,0,Zohran Mamdani
75030,0,0,0,0,0,0,Zohran Mamdani
75031,0,0,0,0,0,0,Zohran Mamdani
75032,0,0,0,0,0,0,Zohran Mamdani
75033,0,0,0,0,0,0,Zohran Mamdani
75034,0,0,0,0,0,0,Zohran Mamdani
75035,0,0,0,0,0,0,Zohran Mamdani
75036,0,0,0,0,0,0,Zohran Mamdani
75037,0,0,0,0,0,0,Zohran Mamdani
75038,0,0,0,0,0,0,Zohran Mamdani
75039,0,0,0,0,0,0,Zohran Mamdani
75040,0,0,0,0,0,0,Zohran Mamdani
75041,0,0,0,0,0,0,Zohran Mamdani
75042,0,0,0,0,0,0,Zohran Mamdani
75043,0,0,0,0,0,0,Zohran Mamdani
75044,0,0,0,0,0,0,Zohran Mamdani
75045,0,0,0,0,0,0,Zohran Mamdani
75046,0,0,0,0,0,0,Zohran Mamdani
75047,0,0,0,0,0,0,Zohran Mamdani
75048,0,0,0,0,0,0,Zohran Mamdani
75049,0,0,0,0,0,0,Zohran Mamdani
75050,0,0,0,0,0,0,Zohran Mamdani
75051,0,0,0,0,0,0,Zohran Mamdani
75052,0,0,0,0,0,0,Zohran Mamdani
75053,0,0,0,0,0,0,Zohran Mamdani
75054,0,0,0,0,0,0,Zohran Mamdani
75055,0,0,0,0,0,0,Zohran Mamdani
75056,0,0,0,0,0,0,Zohran Mamdani
75057,0,0,0,0,0,0,Zohran Mamdani
75058,0,0,0,0,0,0,Zohran Mamdani
75059,0,0,0,0,0,0,Zohran Mamdani
75060,0,0,0,0,0,0,Zohran Mamdani
75061,0,0,0,0,0,0,Andrew Cuomo
75062,0,0,0,0,0,0,Zohran Mamdani
75063,0,0,0,0,0,0,Zohran Mamdani
75064,0,0,0,0,0,0,Zohran Mamdani
75065,0,0,0,0,0,0,Zohran Mamdani
75066,0,0,0,0,0,0,Andrew Cuomo
75067,0,0,0,0,0,0,Zohran Mamdani
75068,0,0,0,0,0,0,Zohran Mamdani
75069,0,0,0,0,0,0,Zohran Mamdani
75070,0,0,0,0,0,0,Zohran Mamdani
75071,0,0,0,0,0,0,Zohran Mamdani
76001,0,0,0,0,0,0,Andrew Cuomo
76002,0,0,0,0,0,0,Andrew Cuomo
76003,0,0,0,0,0,0,Andrew Cuomo
76004,0,0,0,0,0,0,Andrew Cuomo
76005,0,0,0,0,0,0,Andrew Cuomo
76006,0,0,0,0,0,0,Zohran Mamdani
76007,0,0,0,0,0,0,Zohran Mamdani
76008,0,0,0,0,0,0,Zohran Mamdani
76009,0,0,0,0,0,0,Zohran Mamdani
76010,0,0,0,0,0,0,Zohran Mamdani
76011,0,0,0,0,0,0,Zohran Mamdani
76012,0,0,0,0,0,0,Zohran Mamdani
76013,0,0,0,0,0,0,Zohran Mamdani
76014,0,0,0,0,0,0,Andrew Cuomo
76015,0,0,0,0,0,0,Zohran Mamdani
76016,0,0,0,0,0,0,Zohran Mamdani
76017,0,0,0,0,0,0,Zohran Mamdani
76018,0,0,0,0,0,0,Andrew Cuomo
76019,0,0,0,0,0,0,Andrew Cuomo
76020,0,0,0,0,0,0,Zohran Mamdani
76021,0,0,0,0,0,0,Zohran Mamdani
76022,0,0,0,0,0,0,Zohran Mamdani
76023,0,0,0,0,0,0,Zohran Mamdani
76024,0,0,0,0,0,0,Zohran Mamdani
76025,0,0,0,0,0,0,Zohran Mamdani
76026,0,0,0,0,0,0,Zohran Mamdani
76027,0,0,0,0,0,0,Andrew Cuomo
76028,0,0,0,0,0,0,Zohran Mamdani
76029,0,0,0,0,0,0,Andrew Cuomo
76030,0,0,0,0,0,0,Zohran Mamdani
76031,0,0,0,0,0,0,Andrew Cuomo
76032,0,0,0,0,0,0,Andrew Cuomo
76033,0,0,0,0,0,0,Zohran Mamdani
76034,0,0,0,0,0,0,Zohran Mamdani
76035,0,0,0,0,0,0,Zohran Mamdani
76036,0,0,0,0,0,0,Zohran Mamdani
76037,0,0,0,0,0,0,Zohran Mamdani
76038,0,0,0,0,0,0,Zohran Mamdani
76039,0,0,0,0,0,0,Andrew Cuomo
76040,0,0,0,0,0,0,Andrew Cuomo
76041,0,0,0,0,0,0,Zohran Mamdani
76042,0,0,0,0,0,0,Andrew Cuomo
76043,0,0,0,0,0,0,Zohran Mamdani
76044,0,0,0,0,0,0,Andrew Cuomo
76045,0,0,0,0,0,0,Zohran Mamdani
76046,0,0,0,0,0,0,Andrew Cuomo
76047,0,0,0,0,0,0,Zohran Mamdani
76048,0,0,0,0,0,0,Zohran Mamdani
76049,0,0,0,0,0,0,Zohran Mamdani
76050,0,0,0,0,0,0,Zohran Mamdani
76051,0,0,0,0,0,0,Zohran Mamdani
76052,0,0,0,0,0,0,Zohran Mamdani
76053,0,0,0,0,0,0,Zohran Mamdani
76054,0,0,0,0,0,0,Zohran Mamdani
76055,0,0,0,0,0,0,Zohran Mamdani
76056,0,0,0,0,0,0,Zohran Mamdani
76057,0,0,0,0,0,0,Zohran Mamdani
76058,0,0,0,0,0,0,Zohran Mamdani
76059,0,0,0,0,0,0,Zohran Mamdani
76060,0,0,0,0,0,0,Zohran Mamdani
76061,0,0,0,0,0,0,Zohran Mamdani
76062,0,0,0,0,0,0,Zohran Mamdani
76063,0,0,0,0,0,0,Zohran Mamdani
76064,0,0,0,0,0,0,Zohran Mamdani
76065,0,0,0,0,0,0,Zohran Mamdani
76066,0,0,0,0,0,0,Zohran Mamdani
76067,0,0,0,0,0,0,Zohran Mamdani
76068,0,0,0,0,0,0,Zohran Mamdani
77001,0,0,0,0,0,0,Andrew Cuomo
77002,0,0,0,0,0,0,Andrew Cuomo
77003,0,0,0,0,0,0,Andrew Cuomo
77004,0,0,0,0,0,0,Zohran Mamdani
77005,0,0,0,0,0,0,Andrew Cuomo
77006,0,0,0,0,0,0,Andrew Cuomo
77007,0,0,0,0,0,0,Andrew Cuomo
77008,0,0,0,0,0,0,Andrew Cuomo
77009,0,0,0,0,0,0,Andrew Cuomo
77010,0,0,0,0,0,0,Andrew Cuomo
77011,0,0,0,0,0,0,Andrew Cuomo
77012,0,0,0,0,0,0,Andrew Cuomo
77013,0,0,0,0,0,0,Andrew Cuomo
77014,0,0,0,0,0,0,Andrew Cuomo
77015,0,0,0,0,0,0,Zohran Mamdani
77016,0,0,0,0,0,0,Zohran Mamdani
77017,0,0,0,0,0,0,Zohran Mamdani
77018,0,0,0,0,0,0,Zohran Mamdani
77019,0,0,0,0,0,0,Zohran Mamdani
77020,0,0,0,0,0,0,Andrew Cuomo
77021,0,0,0,0,0,0,Zohran Mamdani
77022,0,0,0,0,0,0,Andrew Cuomo
77023,0,0,0,0,0,0,Andrew Cuomo
77024,0,0,0,0,0,0,Zohran Mamdani
77025,0,0,0,0,0,0,Zohran Mamdani
77026,0,0,0,0,0,0,Zohran Mamdani
77027,0,0,0,0,0,0,Andrew Cuomo
77028,0,0,0,0,0,0,Zohran Mamdani
77029,0,0,0,0,0,0,Zohran Mamdani
77030,0,0,0,0,0,0,Zohran Mamdani
77031,0,0,0,0,0,0,Andrew Cuomo
77032,0,0,0,0,0,0,Andrew Cuomo
77033,0,0,0,0,0,0,Tie
77034,0,0,0,0,0,0,Andrew Cuomo
77035,0,0,0,0,0,0,Andrew Cuomo
77036,0,0,0,0,0,0,Andrew Cuomo
77037,0,0,0,0,0,0,Zohran Mamdani
77038,0,0,0,0,0,0,Andrew Cuomo
77039,0,0,0,0,0,0,Zohran Mamdani
77040,0,0,0,0,0,0,Zohran Mamdani
77041,0,0,0,0,0,0,Andrew Cuomo
77042,0,0,0,0,0,0,Andrew Cuomo
77043,0,0,0,0,0,0,Andrew Cuomo
77044,0,0,0,0,0,0,Andrew Cuomo
77045,0,0,0,0,0,0,Zohran Mamdani
77046,0,0,0,0,0,0,Andrew Cuomo
77047,0,0,0,0,0,0,Zohran Mamdani
77048,0,0,0,0,0,0,Zohran Mamdani
77049,0,0,0,0,0,0,Zohran Mamdani
77050,0,0,0,0,0,0,Andrew Cuomo
77051,0,0,0,0,0,0,Zohran Mamdani
77052,0,0,0,0,0,0,Andrew Cuomo
77053,0,0,0,0,0,0,Zohran Mamdani
77054,0,0,0,0,0,0,Zohran Mamdani
77055,0,0,0,0,0,0,Zohran Mamdani
77056,0,0,0,0,0,0,Zohran Mamdani
77057,0,0,0,0,0,0,Zohran Mamdani
77058,0,0,0,0,0,0,Zohran Mamdani
77059,0,0,0,0,0,0,Zohran Mamdani
78001,0,0,0,0,0,0,Andrew Cuomo
78002,0,0,0,0,0,0,Andrew Cuomo
78003,0,0,0,0,0,0,Andrew Cuomo
78004,0,0,0,0,0,0,Andrew Cuomo
78005,0,0,0,0,0,0,Zohran Mamdani
78006,0,0,0,0,0,0,Zohran Mamdani
78007,0,0,0,0,0,0,Andrew Cuomo
78008,0,0,0,0,0,0,Zohran Mamdani
78009,0,0,0,0,0,0,Zohran Mamdani
78010,0,0,0,0,0,0,Zohran Mamdani
78011,0,0,0,0,0,0,Zohran Mamdani
78012,0,0,0,0,0,0,Zohran Mamdani
78013,0,0,0,0,0,0,Andrew Cuomo
78014,0,0,0,0,0,0,Andrew Cuomo
78015,0,0,0,0,0,0,Zohran Mamdani
78016,0,0,0,0,0,0,Andrew Cuomo
78017,0,0,0,0,0,0,Andrew Cuomo
78018,0,0,0,0,0,0,Zohran Mamdani
78019,0,0,0,0,0,0,Zohran Mamdani
78020,0,0,0,0,0,0,Andrew Cuomo
78021,0,0,0,0,0,0,Zohran Mamdani
78022,0,0,0,0,0,0,Zohran Mamdani
78023,0,0,0,0,0,0,Zohran Mamdani
78024,0,0,0,0,0,0,Zohran Mamdani
78025,0,0,0,0,0,0,Andrew Cuomo
78026,0,0,0,0,0,0,Zohran Mamdani
78027,0,0,0,0,0,0,Zohran Mamdani
78028,0,0,0,0,0,0,Zohran Mamdani
78029,0,0,0,0,0,0,Zohran Mamdani
78030,0,0,0,0,0,0,Zohran Mamdani
78031,0,0,0,0,0,0,Zohran Mamdani
78032,0,0,0,0,0,0,Andrew Cuomo
78033,0,0,0,0,0,0,Andrew Cuomo
78034,0,0,0,0,0,0,Andrew Cuomo
78035,0,0,0,0,0,0,Zohran Mamdani
78036,0,0,0,0,0,0,Andrew Cuomo
78037,0,0,0,0,0,0,Andrew Cuomo
78038,0,0,0,0,0,0,Zohran Mamdani
78039,0,0,0,0,0,0,Andrew Cuomo
78040,0,0,0,0,0,0,Zohran Mamdani
78041,0,0,0,0,0,0,Andrew Cuomo
78042,0,0,0,0,0,0,Zohran Mamdani
78043,0,0,0,0,0,0,Zohran Mamdani
78044,0,0,0,0,0,0,Andrew Cuomo
78045,0,0,0,0,0,0,Zohran Mamdani
78046,0,0,0,0,0,0,Zohran Mamdani
78047,0,0,0,0,0,0,Zohran Mamdani
78048,0,0,0,0,0,0,Zohran Mamdani
78049,0,0,0,0,0,0,Zohran Mamdani
78050,0,0,0,0,0,0,Zohran Mamdani
78051,0,0,0,0,0,0,Zohran Mamdani
78052,0,0,0,0,0,0,Zohran Mamdani
78053,0,0,0,0,0,0,Zohran Mamdani
79001,0,0,0,0,0,0,Andrew Cuomo
79002,0,0,0,0,0,0,Zohran Mamdani
79003,0,0,0,0,0,0,Andrew Cuomo
79004,0,0,0,0,0,0,Andrew Cuomo
79005,0,0,0,0,0,0,Zohran Mamdani
79006,0,0,0,0,0,0,Andrew Cuomo
79007,0,0,0,0,0,0,Tie
79008,0,0,0,0,0,0,Andrew Cuomo
79009,0,0,0,0,0,0,Andrew Cuomo
79010,0,0,0,0,0,0,Andrew Cuomo
79011,0,0,0,0,0,0,Andrew Cuomo
79012,0,0,0,0,0,0,Andrew Cuomo
79013,0,0,0,0,0,0,Tie
79014,0,0,0,0,0,0,Andrew Cuomo
79015,0,0,0,0,0,0,Zohran Mamdani
79016,0,0,0,0,0,0,Zohran Mamdani
79017,0,0,0,0,0,0,Andrew Cuomo
79018,0,0,0,0,0,0,Zohran Mamdani
79019,0,0,0,0,0,0,Andrew Cuomo
79020,0,0,0,0,0,0,Zohran Mamdani
79021,0,0,0,0,0,0,Zohran Mamdani
79022,0,0,0,0,0,0,Andrew Cuomo
79023,0,0,0,0,0,0,Andrew Cuomo
79024,0,0,0,0,0,0,Andrew Cuomo
79025,0,0,0,0,0,0,Zohran Mamdani
79026,0,0,0,0,0,0,Zohran Mamdani
79027,0,0,0,0,0,0,Andrew Cuomo
79028,0,0,0,0,0,0,Andrew Cuomo
79029,0,0,0,0,0,0,Andrew Cuomo
79030,0,0,0,0,0,0,Andrew Cuomo
79031,0,0,0,0,0,0,Andrew Cuomo
79032,0,0,0,0,0,0,Andrew Cuomo
79033,0,0,0,0,0,0,Zohran Mamdani
79034,0,0,0,0,0,0,Zohran Mamdani
79035,0,0,0,0,0,0,Andrew Cuomo
79036,0,0,0,0,0,0,Andrew Cuomo
79037,0,0,0,0,0,0,Andrew Cuomo
79038,0,0,0,0,0,0,Andrew Cuomo
79039,0,0,0,0,0,0,Andrew Cuomo
79040,0,0,0,0,0,0,Andrew Cuomo
79041,0,0,0,0,0,0,Andrew Cuomo
79042,0,0,0,0,0,0,Zohran Mamdani
79043,0,0,0,0,0,0,Zohran Mamdani
79044,0,0,0,0,0,0,Zohran Mamdani
79045,0,0,0,0,0,0,Andrew Cuomo
79046,0,0,0,0,0,0,Andrew Cuomo
79047,0,0,0,0,0,0,Zohran Mamdani
79048,0,0,0,0,0,0,Zohran Mamdani
79049,0,0,0,0,0,0,Zohran Mamdani
79050,0,0,0,0,0,0,Andrew Cuomo
79051,0,0,0,0,0,0,Andrew Cuomo
79052,0,0,0,0,0,0,Andrew Cuomo
79053,0,0,0,0,0,0,Zohran Mamdani
79054,0,0,0,0,0,0,Andrew Cuomo
79055,0,0,0,0,0,0,Andrew Cuomo
79056,0,0,0,0,0,0,Andrew Cuomo
79057,0,0,0,0,0,0,Andrew Cuomo
80001,0,0,0,0,0,0,Zohran Mamdani
80002,0,0,0,0,0,0,Zohran Mamdani
80003,0,0,0,0,0,0,Zohran Mamdani
80004,0,0,0,0,0,0,Zohran Mamdani
80005,0,0,0,0,0,0,Zohran Mamdani
80006,0,0,0,0,0,0,Zohran Mamdani
80007,0,0,0,0,0,0,Zohran Mamdani
80008,0,0,0,0,0,0,Zohran Mamdani
80009,0,0,0,0,0,0,Zohran Mamdani
80010,0,0,0,0,0,0,Zohran Mamdani
80011,0,0,0,0,0,0,Zohran Mamdani
80012,0,0,0,0,0,0,Zohran Mamdani
80013,0,0,0,0,0,0,Zohran Mamdani
80014,0,0,0,0,0,0,Zohran Mamdani
80015,0,0,0,0,0,0,Zohran Mamdani
80016,0,0,0,0,0,0,Zohran Mamdani
80017,0,0,0,0,0,0,Zohran Mamdani
80018,0,0,0,0,0,0,Zohran Mamdani
80019,0,0,0,0,0,0,Zohran Mamdani
80020,0,0,0,0,0,0,Zohran Mamdani
80021,0,0,0,0,0,0,Zohran Mamdani
80022,0,0,0,0,0,0,Andrew Cuomo
80023,0,0,0,0,0,0,Zohran Mamdani
80024,0,0,0,0,0,0,Zohran Mamdani
80025,0,0,0,0,0,0,Andrew Cuomo
80026,0,0,0,0,0,0,Andrew Cuomo
80027,0,0,0,0,0,0,Andrew Cuomo
80028,0,0,0,0,0,0,Zohran Mamdani
80029,0,0,0,0,0,0,Andrew Cuomo
80030,0,0,0,0,0,0,Zohran Mamdani
80031,0,0,0,0,0,0,Andrew Cuomo
80032,0,0,0,0,0,0,Zohran Mamdani
80033,0,0,0,0,0,0,Zohran Mamdani
80034,0,0,0,0,0,0,Andrew Cuomo
80035,0,0,0,0,0,0,Andrew Cuomo
80036,0,0,0,0,0,0,Andrew Cuomo
80037,0,0,0,0,0,0,Zohran Mamdani
80038,0,0,0,0,0,0,Andrew Cuomo
80039,0,0,0,0,0,0,Tie
80040,0,0,0,0,0,0,Zohran Mamdani
80041,0,0,0,0,0,0,Zohran Mamdani
80042,0,0,0,0,0,0,Zohran Mamdani
80043,0,0,0,0,0,0,Zohran Mamdani
80044,0,0,0,0,0,0,Andrew Cuomo
80045,0,0,0,0,0,0,Tie
80046,0,0,0,0,0,0,Zohran Mamdani
80047,0,0,0,0,0,0,Zohran Mamdani
80048,0,0,0,0,0,0,Andrew Cuomo
80049,0,0,0,0,0,0,Andrew Cuomo
80050,0,0,0,0,0,0,Zohran Mamdani
80051,0,0,0,0,0,0,Andrew Cuomo
80052,0,0,0,0,0,0,Zohran Mamdani
80053,0,0,0,0,0,0,Zohran Mamdani
80054,0,0,0,0,0,0,Andrew Cuomo
80055,0,0,0,0,0,0,Zohran Mamdani
80056,0,0,0,0,0,0,Zohran Mamdani
80057,0,0,0,0,0,0,Zohran Mamdani
80058,0,0,0,0,0,0,Zohran Mamdani
80059,0,0,0,0,0,0,Zohran Mamdani
80060,0,0,0,0,0,0,Zohran Mamdani
80061,0,0,0,0,0,0,Zohran Mamdani
81001,0,0,0,0,0,0,Zohran Mamdani
81002,0,0,0,0,0,0,Andrew Cuomo
81003,0,0,0,0,0,0,Zohran Mamdani
81004,0,0,0,0,0,0,Andrew Cuomo
81005,0,0,0,0,0,0,Zohran Mamdani
81006,0,0,0,0,0,0,Andrew Cuomo
81007,0,0,0,0,0,0,Zohran Mamdani
81008,0,0,0,0,0,0,Zohran Mamdani
81009,0,0,0,0,0,0,Zohran Mamdani
81010,0,0,0,0,0,0,Zohran Mamdani
81011,0,0,0,0,0,0,Zohran Mamdani
81012,0,0,0,0,0,0,Zohran Mamdani
81013,0,0,0,0,0,0,Zohran Mamdani
81014,0,0,0,0,0,0,Zohran Mamdani
81015,0,0,0,0,0,0,Zohran Mamdani
81016,0,0,0,0,0,0,Zohran Mamdani
81017,0,0,0,0,0,0,Zohran Mamdani
81018,0,0,0,0,0,0,Andrew Cuomo
81019,0,0,0,0,0,0,Zohran Mamdani
81020,0,0,0,0,0,0,Zohran Mamdani
81021,0,0,0,0,0,0,Zohran Mamdani
81022,0,0,0,0,0,0,Andrew Cuomo
81023,0,0,0,0,0,0,Zohran Mamdani
81024,0,0,0,0,0,0,Andrew Cuomo
81025,0,0,0,0,0,0,Andrew Cuomo
81026,0,0,0,0,0,0,Zohran Mamdani
81027,0,0,0,0,0,0,Zohran Mamdani
81028,0,0,0,0,0,0,Andrew Cuomo
81029,0,0,0,0,0,0,Andrew Cuomo
81030,0,0,0,0,0,0,Andrew Cuomo
81031,0,0,0,0,0,0,Andrew Cuomo
81032,0,0,0,0,0,0,Zohran Mamdani
81033,0,0,0,0,0,0,Zohran Mamdani
81034,0,0,0,0,0,0,Andrew Cuomo
81035,0,0,0,0,0,0,Andrew Cuomo
81036,0,0,0,0,0,0,Zohran Mamdani
81037,0,0,0,0,0,0,Zohran Mamdani
81038,0,0,0,0,0,0,Zohran Mamdani
81039,0,0,0,0,0,0,Zohran Mamdani
81040,0,0,0,0,0,0,Zohran Mamdani
81041,0,0,0,0,0,0,Zohran Mamdani
81042,0,0,0,0,0,0,Zohran Mamdani
81043,0,0,0,0,0,0,Zohran Mamdani
81044,0,0,0,0,0,0,Andrew Cuomo
81045,0,0,0,0,0,0,Zohran Mamdani
81046,0,0,0,0,0,0,Zohran Mamdani
81047,0,0,0,0,0,0,Zohran Mamdani
81048,0,0,0,0,0,0,Zohran Mamdani
81049,0,0,0,0,0,0,Andrew Cuomo
81050,0,0,0,0,0,0,Zohran Mamdani
81051,0,0,0,0,0,0,Zohran Mamdani
81052,0,0,0,0,0,0,Andrew Cuomo
81053,0,0,0,0,0,0,Zohran Mamdani
81054,0,0,0,0,0,0,Zohran Mamdani
81055,0,0,0,0,0,0,Andrew Cuomo
81056,0,0,0,0,0,0,Zohran Mamdani
81057,0,0,0,0,0,0,Andrew Cuomo
81058,0,0,0,0,0,0,Andrew Cuomo
81059,0,0,0,0,0,0,Zohran Mamdani
81060,0,0,0,0,0,0,Zohran Mamdani
81061,0,0,0,0,0,0,Zohran Mamdani
81062,0,0,0,0,0,0,Zohran Mamdani
82001,0,0,0,0,0,0,Andrew Cuomo
82002,0,0,0,0,0,0,Zohran Mamdani
82003,0,0,0,0,0,0,Andrew Cuomo
82004,0,0,0,0,0,0,Zohran Mamdani
82005,0,0,0,0,0,0,Zohran Mamdani
82006,0,0,0,0,0,0,Zohran Mamdani
82007,0,0,0,0,0,0,Zohran Mamdani
82008,0,0,0,0,0,0,Zohran Mamdani
82009,0,0,0,0,0,0,Zohran Mamdani
82010,0,0,0,0,0,0,Andrew Cuomo
82011,0,0,0,0,0,0,Andrew Cuomo
82012,0,0,0,0,0,0,Andrew Cuomo
82013,0,0,0,0,0,0,Zohran Mamdani
82014,0,0,0,0,0,0,Andrew Cuomo
82015,0,0,0,0,0,0,Zohran Mamdani
82016,0,0,0,0,0,0,Zohran Mamdani
82017,0,0,0,0,0,0,Zohran Mamdani
82018,0,0,0,0,0,0,Zohran Mamdani
82019,0,0,0,0,0,0,Zohran Mamdani
82020,0,0,0,0,0,0,Zohran Mamdani
82021,0,0,0,0,0,0,Zohran Mamdani
82022,0,0,0,0,0,0,Zohran Mamdani
82023,0,0,0,0,0,0,Zohran Mamdani
82024,0,0,0,0,0,0,Zohran Mamdani
82025,0,0,0,0,0,0,Zohran Mamdani
82026,0,0,0,0,0,0,Zohran Mamdani
82027,0,0,0,0,0,0,Zohran Mamdani
82028,0,0,0,0,0,0,Zohran Mamdani
82029,0,0,0,0,0,0,Zohran Mamdani
82030,0,0,0,0,0,0,Zohran Mamdani
82031,0,0,0,0,0,0,Zohran Mamdani
82032,0,0,0,0,0,0,Zohran Mamdani
82033,0,0,0,0,0,0,Zohran Mamdani
82034,0,0,0,0,0,0,Zohran Mamdani
82035,0,0,0,0,0,0,Zohran Mamdani
82036,0,0,0,0,0,0,Zohran Mamdani
82037,0,0,0,0,0,0,Zohran Mamdani
82038,0,0,0,0,0,0,Zohran Mamdani
82039,0,0,0,0,0,0,Zohran Mamdani
82040,0,0,0,0,0,0,Zohran Mamdani
82041,0,0,0,0,0,0,Zohran Mamdani
82042,0,0,0,0,0,0,Zohran Mamdani
82043,0,0,0,0,0,0,Zohran Mamdani
82044,0,0,0,0,0,0,Zohran Mamdani
82045,0,0,0,0,0,0,Andrew Cuomo
82046,0,0,0,0,0,0,Andrew Cuomo
82047,0,0,0,0,0,0,Andrew Cuomo
82048,0,0,0,0,0,0,Andrew Cuomo
82049,0,0,0,0,0,0,Andrew Cuomo
82050,0,0,0,0,0,0,Andrew Cuomo
82051,0,0,0,0,0,0,Andrew Cuomo
82052,0,0,0,0,0,0,Andrew Cuomo
82053,0,0,0,0,0,0,Zohran Mamdani
82054,0,0,0,0,0,0,Andrew Cuomo
82055,0,0,0,0,0,0,Andrew Cuomo
82056,0,0,0,0,0,0,Andrew Cuomo
82057,0,0,0,0,0,0,Andrew Cuomo
82058,0,0,0,0,0,0,Andrew Cuomo
82059,0,0,0,0,0,0,Andrew Cuomo
82060,0,0,0,0,0,0,Andrew Cuomo
82061,0,0,0,0,0,0,Andrew Cuomo
82062,0,0,0,0,0,0,Andrew Cuomo
82063,0,0,0,0,0,0,Andrew Cuomo
82064,0,0,0,0,0,0,Andrew Cuomo
82065,0,0,0,0,0,0,Zohran Mamdani
82066,0,0,0,0,0,0,Zohran Mamdani
82067,0,0,0,0,0,0,Zohran Mamdani
82068,0,0,0,0,0,0,Eric Adams
82069,0,0,0,0,0,0,Eric Adams
82070,0,0,0,0,0,0,Eric Adams
82071,0,0,0,0,0,0,Eric Adams
82072,0,0,0,0,0,0,Eric Adams
82073,0,0,0,0,0,0,Eric Adams
82074,0,0,0,0,0,0,Eric Adams
82075,0,0,0,0,0,0,Eric Adams
82076,0,0,0,0,0,0,Eric Adams
82077,0,0,0,0,0,0,Zohran Mamdani
83001,0,0,0,0,0,0,Andrew Cuomo
83002,0,0,0,0,0,0,Andrew Cuomo
83003,0,0,0,0,0,0,Andrew Cuomo
83004,0,0,0,0,0,0,Andrew Cuomo
83005,0,0,0,0,0,0,Andrew Cuomo
83006,0,0,0,0,0,0,Andrew Cuomo
83007,0,0,0,0,0,0,Andrew Cuomo
83008,0,0,0,0,0,0,Andrew Cuomo
83009,0,0,0,0,0,0,Andrew Cuomo
83010,0,0,0,0,0,0,Andrew Cuomo
83011,0,0,0,0,0,0,Andrew Cuomo
83012,0,0,0,0,0,0,Andrew Cuomo
83013,0,0,0,0,0,0,Zohran Mamdani
83014,0,0,0,0,0,0,Andrew Cuomo
83015,0,0,0,0,0,0,Andrew Cuomo
83016,0,0,0,0,0,0,Andrew Cuomo
83017,0,0,0,0,0,0,Andrew Cuomo
83018,0,0,0,0,0,0,Andrew Cuomo
83019,0,0,0,0,0,0,Andrew Cuomo
83020,0,0,0,0,0,0,Andrew Cuomo
83021,0,0,0,0,0,0,Andrew Cuomo
83022,0,0,0,0,0,0,Andrew Cuomo
83023,0,0,0,0,0,0,Andrew Cuomo
83024,0,0,0,0,0,0,Andrew Cuomo
83025,0,0,0,0,0,0,Andrew Cuomo
83026,0,0,0,0,0,0,Andrew Cuomo
83027,0,0,0,0,0,0,Andrew Cuomo
83028,0,0,0,0,0,0,Andrew Cuomo
83029,0,0,0,0,0,0,Andrew Cuomo
83030,0,0,0,0,0,0,Andrew Cuomo
83031,0,0,0,0,0,0,Andrew Cuomo
83032,0,0,0,0,0,0,Andrew Cuomo
83033,0,0,0,0,0,0,Andrew Cuomo
83034,0,0,0,0,0,0,Andrew Cuomo
83035,0,0,0,0,0,0,Andrew Cuomo
83036,0,0,0,0,0,0,Andrew Cuomo
83037,0,0,0,0,0,0,Andrew Cuomo
83038,0,0,0,0,0,0,Zohran Mamdani
83039,0,0,0,0,0,0,Andrew Cuomo
83040,0,0,0,0,0,0,Andrew Cuomo
83041,0,0,0,0,0,0,Andrew Cuomo
83042,0,0,0,0,0,0,Andrew Cuomo
83043,0,0,0,0,0,0,Andrew Cuomo
83044,0,0,0,0,0,0,Andrew Cuomo
83045,0,0,0,0,0,0,Andrew Cuomo
83046,0,0,0,0,0,0,Andrew Cuomo
83047,0,0,0,0,0,0,Andrew Cuomo
83048,0,0,0,0,0,0,Andrew Cuomo
83049,0,0,0,0,0,0,Andrew Cuomo
83050,0,0,0,0,0,0,Andrew Cuomo
83051,0,0,0,0,0,0,Andrew Cuomo
83052,0,0,0,0,0,0,Andrew Cuomo
83053,0,0,0,0,0,0,Andrew Cuomo
83054,0,0,0,0,0,0,Andrew Cuomo
83055,0,0,0,0,0,0,Andrew Cuomo
83056,0,0,0,0,0,0,Andrew Cuomo
83057,0,0,0,0,0,0,Zohran Mamdani
83058,0,0,0,0,0,0,Zohran Mamdani
83059,0,0,0,0,0,0,Zohran Mamdani
84001,0,0,0,0,0,0,Andrew Cuomo
84002,0,0,0,0,0,0,Zohran Mamdani
84003,0,0,0,0,0,0,Zohran Mamdani
84004,0,0,0,0,0,0,Zohran Mamdani
84005,0,0,0,0,0,0,Zohran Mamdani
84006,0,0,0,0,0,0,Zohran Mamdani
84007,0,0,0,0,0,0,Zohran Mamdani
84008,0,0,0,0,0,0,Andrew Cuomo
84009,0,0,0,0,0,0,Zohran Mamdani
84010,0,0,0,0,0,0,Andrew Cuomo
84011,0,0,0,0,0,0,Andrew Cuomo
84012,0,0,0,0,0,0,Zohran Mamdani
84013,0,0,0,0,0,0,Zohran Mamdani
84014,0,0,0,0,0,0,Andrew Cuomo
84015,0,0,0,0,0,0,Andrew Cuomo
84016,0,0,0,0,0,0,Zohran Mamdani
84017,0,0,0,0,0,0,Andrew Cuomo
84018,0,0,0,0,0,0,Andrew Cuomo
84019,0,0,0,0,0,0,Andrew Cuomo
84020,0,0,0,0,0,0,Andrew Cuomo
84021,0,0,0,0,0,0,Andrew Cuomo
84022,0,0,0,0,0,0,Andrew Cuomo
84023,0,0,0,0,0,0,Zohran Mamdani
84024,0,0,0,0,0,0,Andrew Cuomo
84025,0,0,0,0,0,0,Andrew Cuomo
84026,0,0,0,0,0,0,Zohran Mamdani
84027,0,0,0,0,0,0,Zohran Mamdani
84028,0,0,0,0,0,0,Zohran Mamdani
84029,0,0,0,0,0,0,Zohran Mamdani
84030,0,0,0,0,0,0,Zohran Mamdani
84031,0,0,0,0,0,0,Zohran Mamdani
84032,0,0,0,0,0,0,Andrew Cuomo
84033,0,0,0,0,0,0,Andrew Cuomo
84034,0,0,0,0,0,0,Andrew Cuomo
84035,0,0,0,0,0,0,Andrew Cuomo
84036,0,0,0,0,0,0,Zohran Mamdani
84037,0,0,0,0,0,0,Andrew Cuomo
84038,0,0,0,0,0,0,Zohran Mamdani
84039,0,0,0,0,0,0,Andrew Cuomo
84040,0,0,0,0,0,0,Zohran Mamdani
84041,0,0,0,0,0,0,Zohran Mamdani
84042,0,0,0,0,0,0,Zohran Mamdani
84043,0,0,0,0,0,0,Andrew Cuomo
84044,0,0,0,0,0,0,Zohran Mamdani
84045,0,0,0,0,0,0,Andrew Cuomo
84046,0,0,0,0,0,0,Andrew Cuomo
84047,0,0,0,0,0,0,Zohran Mamdani
84048,0,0,0,0,0,0,Zohran Mamdani
84049,0,0,0,0,0,0,Andrew Cuomo
84050,0,0,0,0,0,0,Zohran Mamdani
84051,0,0,0,0,0,0,Zohran Mamdani
84052,0,0,0,0,0,0,Zohran Mamdani
84053,0,0,0,0,0,0,Zohran Mamdani
84054,0,0,0,0,0,0,Zohran Mamdani
84055,0,0,0,0,0,0,Andrew Cuomo
84056,0,0,0,0,0,0,Tie
84057,0,0,0,0,0,0,Andrew Cuomo
84058,0,0,0,0,0,0,Zohran Mamdani
84059,0,0,0,0,0,0,Zohran Mamdani
85001,0,0,0,0,0,0,Andrew Cuomo
85002,0,0,0,0,0,0,Andrew Cuomo
85003,0,0,0,0,0,0,Andrew Cuomo
85004,0,0,0,0,0,0,Zohran Mamdani
85005,0,0,0,0,0,0,Andrew Cuomo
85006,0,0,0,0,0,0,Andrew Cuomo
85007,0,0,0,0,0,0,Andrew Cuomo
85008,0,0,0,0,0,0,Zohran Mamdani
85009,0,0,0,0,0,0,Andrew Cuomo
85010,0,0,0,0,0,0,Zohran Mamdani
85011,0,0,0,0,0,0,Andrew Cuomo
85012,0,0,0,0,0,0,Andrew Cuomo
85013,0,0,0,0,0,0,Andrew Cuomo
85014,0,0,0,0,0,0,Zohran Mamdani
85015,0,0,0,0,0,0,Andrew Cuomo
85016,0,0,0,0,0,0,Andrew Cuomo
85017,0,0,0,0,0,0,Andrew Cuomo
85018,0,0,0,0,0,0,Andrew Cuomo
85019,0,0,0,0,0,0,Andrew Cuomo
85020,0,0,0,0,0,0,Andrew Cuomo
85021,0,0,0,0,0,0,Zohran Mamdani
85022,0,0,0,0,0,0,Andrew Cuomo
85023,0,0,0,0,0,0,Andrew Cuomo
85024,0,0,0,0,0,0,Zohran Mamdani
85025,0,0,0,0,0,0,Andrew Cuomo
85026,0,0,0,0,0,0,Andrew Cuomo
85027,0,0,0,0,0,0,Zohran Mamdani
85028,0,0,0,0,0,0,Andrew Cuomo
85029,0,0,0,0,0,0,Andrew Cuomo
85030,0,0,0,0,0,0,Andrew Cuomo
85031,0,0,0,0,0,0,Andrew Cuomo
85032,0,0,0,0,0,0,Andrew Cuomo
85033,0,0,0,0,0,0,Andrew Cuomo
85034,0,0,0,0,0,0,Andrew Cuomo
85035,0,0,0,0,0,0,Andrew Cuomo
85036,0,0,0,0,0,0,Andrew Cuomo
85037,0,0,0,0,0,0,Andrew Cuomo
85038,0,0,0,0,0,0,Andrew Cuomo
85039,0,0,0,0,0,0,Andrew Cuomo
85040,0,0,0,0,0,0,Tie
85041,0,0,0,0,0,0,Andrew Cuomo
85042,0,0,0,0,0,0,Andrew Cuomo
85043,0,0,0,0,0,0,Zohran Mamdani
85044,0,0,0,0,0,0,Andrew Cuomo
85045,0,0,0,0,0,0,Zohran Mamdani
85046,0,0,0,0,0,0,Zohran Mamdani
85047,0,0,0,0,0,0,Zohran Mamdani
85048,0,0,0,0,0,0,Zohran Mamdani
85049,0,0,0,0,0,0,Zohran Mamdani
85050,0,0,0,0,0,0,Zohran Mamdani
85051,0,0,0,0,0,0,Andrew Cuomo
85052,0,0,0,0,0,0,Zohran Mamdani
85053,0,0,0,0,0,0,Zohran Mamdani
85054,0,0,0,0,0,0,Zohran Mamdani
85055,0,0,0,0,0,0,Zohran Mamdani
85056,0,0,0,0,0,0,Zohran Mamdani
85057,0,0,0,0,0,0,Zohran Mamdani
85058,0,0,0,0,0,0,Zohran Mamdani
85059,0,0,0,0,0,0,Zohran Mamdani
85060,0,0,0,0,0,0,Zohran Mamdani
85061,0,0,0,0,0,0,Zohran Mamdani
85062,0,0,0,0,0,0,Zohran Mamdani
85063,0,0,0,0,0,0,Zohran Mamdani
85064,0,0,0,0,0,0,Zohran Mamdani
85065,0,0,0,0,0,0,Zohran Mamdani
85066,0,0,0,0,0,0,Zohran Mamdani
85067,0,0,0,0,0,0,Zohran Mamdani
85068,0,0,0,0,0,0,Zohran Mamdani
85069,0,0,0,0,0,0,Zohran Mamdani
85070,0,0,0,0,0,0,Eric Adams
85071,0,0,0,0,0,0,Eric Adams
85072,0,0,0,0,0,0,Eric Adams
85073,0,0,0,0,0,0,Eric Adams
85074,0,0,0,0,0,0,Eric Adams
85075,0,0,0,0,0,0,Eric Adams
85076,0,0,0,0,0,0,Eric Adams
85077,0,0,0,0,0,0,Eric Adams
85078,0,0,0,0,0,0,Eric Adams
85079,0,0,0,0,0,0,Eric Adams
85080,0,0,0,0,0,0,Eric Adams
85081,0,0,0,0,0,0,Curtis Sliwa
86001,0,0,0,0,0,0,Tie
86002,0,0,0,0,0,0,Andrew Cuomo
86003,0,0,0,0,0,0,Curtis Sliwa
86004,0,0,0,0,0,0,Andrew Cuomo
86005,0,0,0,0,0,0,Andrew Cuomo
86006,0,0,0,0,0,0,Curtis Sliwa
86007,0,0,0,0,0,0,Zohran Mamdani
86008,0,0,0,0,0,0,Andrew Cuomo
86009,0,0,0,0,0,0,Andrew Cuomo
86010,0,0,0,0,0,0,Andrew Cuomo
86011,0,0,0,0,0,0,Andrew Cuomo
86012,0,0,0,0,0,0,Andrew Cuomo
86013,0,0,0,0,0,0,Andrew Cuomo
86014,0,0,0,0,0,0,Andrew Cuomo
86015,0,0,0,0,0,0,Zohran Mamdani
86016,0,0,0,0,0,0,Zohran Mamdani
86017,0,0,0,0,0,0,Andrew Cuomo
86018,0,0,0,0,0,0,Zohran Mamdani
86019,0,0,0,0,0,0,Andrew Cuomo
86020,0,0,0,0,0,0,Andrew Cuomo
86021,0,0,0,0,0,0,Andrew Cuomo
86022,0,0,0,0,0,0,Zohran Mamdani
86023,0,0,0,0,0,0,Andrew Cuomo
86024,0,0,0,0,0,0,Andrew Cuomo
86025,0,0,0,0,0,0,Andrew Cuomo
86026,0,0,0,0,0,0,Andrew Cuomo
86027,0,0,0,0,0,0,Andrew Cuomo
86028,0,0,0,0,0,0,Andrew Cuomo
86029,0,0,0,0,0,0,Zohran Mamdani
86030,0,0,0,0,0,0,Zohran Mamdani
86031,0,0,0,0,0,0,Andrew Cuomo
86032,0,0,0,0,0,0,Andrew Cuomo
86033,0,0,0,0,0,0,Andrew Cuomo
86034,0,0,0,0,0,0,Andrew Cuomo
86035,0,0,0,0,0,0,Zohran Mamdani
86036,0,0,0,0,0,0,Zohran Mamdani
86037,0,0,0,0,0,0,Andrew Cuomo
86038,0,0,0,0,0,0,Andrew Cuomo
86039,0,0,0,0,0,0,Tie
86040,0,0,0,0,0,0,Zohran Mamdani
86041,0,0,0,0,0,0,Andrew Cuomo
86042,0,0,0,0,0,0,Andrew Cuomo
86043,0,0,0,0,0,0,Andrew Cuomo
86044,0,0,0,0,0,0,Andrew Cuomo
86045,0,0,0,0,0,0,Zohran Mamdani
86046,0,0,0,0,0,0,Andrew Cuomo
86047,0,0,0,0,0,0,Andrew Cuomo
86048,0,0,0,0,0,0,Zohran Mamdani
86049,0,0,0,0,0,0,Andrew Cuomo
86050,0,0,0,0,0,0,Andrew Cuomo
86051,0,0,0,0,0,0,Zohran Mamdani
86052,0,0,0,0,0,0,Zohran Mamdani
87001,0,0,0,0,0,0,Andrew Cuomo
87002,0,0,0,0,0,0,Zohran Mamdani
87003,0,0,0,0,0,0,Andrew Cuomo
87004,0,0,0,0,0,0,Andrew Cuomo
87005,0,0,0,0,0,0,Andrew Cuomo
87006,0,0,0,0,0,0,Zohran Mamdani
87007,0,0,0,0,0,0,Zohran Mamdani
87008,0,0,0,0,0,0,Zohran Mamdani
87009,0,0,0,0,0,0,Andrew Cuomo
87010,0,0,0,0,0,0,Andrew Cuomo
87011,0,0,0,0,0,0,Zohran Mamdani
87012,0,0,0,0,0,0,Zohran Mamdani
87013,0,0,0,0,0,0,Zohran Mamdani
87014,0,0,0,0,0,0,Zohran Mamdani
87015,0,0,0,0,0,0,Andrew Cuomo
87016,0,0,0,0,0,0,Andrew Cuomo
87017,0,0,0,0,0,0,Andrew Cuomo
87018,0,0,0,0,0,0,Andrew Cuomo
87019,0,0,0,0,0,0,Andrew Cuomo
87020,0,0,0,0,0,0,Andrew Cuomo
87021,0,0,0,0,0,0,Andrew Cuomo
87022,0,0,0,0,0,0,Andrew Cuomo
87023,0,0,0,0,0,0,Zohran Mamdani
87024,0,0,0,0,0,0,Zohran Mamdani
87025,0,0,0,0,0,0,Zohran Mamdani
87026,0,0,0,0,0,0,Zohran Mamdani
87027,0,0,0,0,0,0,Zohran Mamdani
87028,0,0,0,0,0,0,Zohran Mamdani
87029,0,0,0,0,0,0,Zohran Mamdani
87030,0,0,0,0,0,0,Zohran Mamdani
87031,0,0,0,0,0,0,Zohran Mamdani
87032,0,0,0,0,0,0,Zohran Mamdani
87033,0,0,0,0,0,0,Zohran Mamdani
87034,0,0,0,0,0,0,Andrew Cuomo
87035,0,0,0,0,0,0,Andrew Cuomo
87036,0,0,0,0,0,0,Zohran Mamdani
87037,0,0,0,0,0,0,Andrew Cuomo
87038,0,0,0,0,0,0,Zohran Mamdani
87039,0,0,0,0,0,0,Zohran Mamdani
87040,0,0,0,0,0,0,Zohran Mamdani
87041,0,0,0,0,0,0,Zohran Mamdani
87042,0,0,0,0,0,0,Zohran Mamdani
87043,0,0,0,0,0,0,Zohran Mamdani
87044,0,0,0,0,0,0,Zohran Mamdani
87045,0,0,0,0,0,0,Zohran Mamdani
87046,0,0,0,0,0,0,Andrew Cuomo
87047,0,0,0,0,0,0,Zohran Mamdani
87048,0,0,0,0,0,0,Andrew Cuomo
87049,0,0,0,0,0,0,Andrew Cuomo
87050,0,0,0,0,0,0,Andrew Cuomo
87051,0,0,0,0,0,0,Andrew Cuomo
87052,0,0,0,0,0,0,Andrew Cuomo
87053,0,0,0,0,0,0,Zohran Mamdani
87054,0,0,0,0,0,0,Zohran Mamdani
87055,0,0,0,0,0,0,Zohran Mamdani
